product_id,month,units_sold,revenue
PROD_00057,2026-May,16.0,3409.7400000000002
PROD_00207,2026-May,25.0,144762.0
PROD_00131,2026-May,5.0,4730.3099999999995
PROD_00251,2026-May,16.0,19130.36
PROD_00068,2025-May,11.0,4695.76
PROD_00228,2023-February,14.0,68773.86
PROD_00218,2023-February,15.0,36143.6
PROD_00184,2023-July,7.0,37790.42
PROD_00290,2023-June,5.0,493.68000000000006
PROD_00124,2025-July,12.0,20742.42
PROD_00117,2025-May,12.0,2484.7200000000003
PROD_00266,2025-May,13.0,7287.0
PROD_00050,2023-May,19.0,20355.41
PROD_00280,2023-May,22.0,2924.7599999999998
PROD_00110,2025-September,17.0,7182.7300000000005
PROD_00103,2025-September,19.0,15936.42
PROD_00221,2025-July,11.0,14990.869999999999
PROD_00191,2025-September,6.0,8592.52
PROD_00008,2025-October,16.0,51843.75
PROD_00121,2023-July,4.0,5039.530000000001
PROD_00099,2023-July,26.0,12432.02
PROD_00189,2024-April,4.0,8392.24
PROD_00271,2023-March,16.0,6981.129999999999
PROD_00102,2026-July,12.0,26222.61
PROD_00205,2026-July,22.0,8845.32
PROD_00013,2026-July,19.0,9247.210000000001
PROD_00193,2026-May,5.0,4308.42
PROD_00032,2026-May,7.0,8415.119999999999
PROD_00094,2026-May,3.0,5762.04
PROD_00215,2024-February,7.0,16159.16
PROD_00074,2023-January,15.0,22594.9
PROD_00216,2023-February,23.0,14881.71
PROD_00099,2023-February,4.0,1897.0
PROD_00280,2023-July,8.0,1074.4
PROD_00020,2023-July,15.0,12886.960000000003
PROD_00192,2023-July,10.0,13120.74
PROD_00154,2024-October,5.0,15187.6
PROD_00276,2024-October,13.0,14882.91
PROD_00104,2024-October,25.0,79226.28
PROD_00247,2023-March,15.0,3694.57
PROD_00161,2025-October,10.0,4080.3199999999997
PROD_00170,2023-June,16.0,14472.25
PROD_00076,2025-August,17.0,14003.12
PROD_00242,2025-August,21.0,23109.93
PROD_00012,2026-March,9.0,5038.73
PROD_00194,2026-March,15.0,6123.43
PROD_00054,2026-March,21.0,118569.78
PROD_00263,2026-March,15.0,3459.7300000000005
PROD_00284,2024-September,34.0,16792.63
PROD_00167,2026-January,7.0,6308.129999999999
PROD_00013,2023-December,6.0,2895.87
PROD_00001,2023-June,12.0,15537.22
PROD_00034,2023-June,6.0,2688.7
PROD_00235,2023-June,11.0,1284.0
PROD_00288,2025-December,4.0,9009.64
PROD_00293,2024-August,25.0,29274.4
PROD_00084,2024-August,10.0,10597.68
PROD_00104,2024-August,11.0,34326.66
PROD_00056,2023-May,2.0,625.6800000000001
PROD_00295,2025-April,17.0,22667.92
PROD_00195,2024-April,9.0,5850.08
PROD_00160,2024-September,6.0,18354.48
PROD_00171,2026-February,11.0,19978.0
PROD_00042,2026-February,7.0,12494.720000000001
PROD_00148,2026-February,7.0,5662.33
PROD_00055,2023-October,11.0,6811.23
PROD_00213,2025-October,19.0,18868.72
PROD_00036,2025-October,7.0,25245.469999999998
PROD_00241,2025-October,11.0,9968.63
PROD_00147,2025-October,13.0,12855.57
PROD_00210,2024-March,12.0,5873.749999999999
PROD_00089,2025-October,8.0,8268.55
PROD_00062,2025-October,19.0,94651.65000000002
PROD_00015,2025-October,20.0,10116.970000000001
PROD_00025,2025-December,16.0,47249.03999999999
PROD_00132,2025-December,10.0,1538.07
PROD_00280,2024-June,17.0,2247.41
PROD_00081,2026-February,14.0,20624.47
PROD_00118,2023-October,9.0,5324.599999999999
PROD_00204,2024-August,19.0,155164.41
PROD_00208,2024-August,7.0,3552.98
PROD_00245,2024-August,19.0,2499.38
PROD_00032,2023-July,1.0,1187.28
PROD_00034,2026-May,5.0,2195.5
PROD_00151,2026-May,13.0,9452.94
PROD_00093,2024-May,6.0,2675.89
PROD_00092,2024-May,15.0,15896.379999999997
PROD_00050,2024-May,9.0,9666.64
PROD_00282,2026-May,7.0,1005.3100000000001
PROD_00172,2024-March,4.0,6181.3
PROD_00165,2023-April,12.0,13500.080000000002
PROD_00281,2026-March,6.0,4472.43
PROD_00244,2026-March,22.0,17888.66
PROD_00083,2026-March,19.0,25106.18
PROD_00005,2026-June,26.0,54024.11
PROD_00077,2023-July,17.0,15607.95
PROD_00265,2023-July,22.0,33518.31
PROD_00004,2023-May,25.0,54120.85
PROD_00104,2024-September,7.0,21927.879999999997
PROD_00185,2024-September,21.0,78154.86
PROD_00150,2024-September,11.0,16897.34
PROD_00201,2023-August,27.0,11607.940000000002
PROD_00200,2024-June,5.0,3249.5
PROD_00066,2023-January,17.0,5644.92
PROD_00229,2023-January,16.0,16189.68
PROD_00249,2023-January,10.0,15946.27
PROD_00073,2026-January,6.0,2195.96
PROD_00093,2026-January,8.0,3634.6800000000003
PROD_00080,2026-January,6.0,20782.7
PROD_00213,2026-May,15.0,14638.39
PROD_00036,2026-May,12.0,44771.0
PROD_00295,2023-October,15.0,20595.11
PROD_00182,2023-October,15.0,846.4000000000001
PROD_00178,2023-March,7.0,5861.209999999999
PROD_00059,2023-March,15.0,32887.3
PROD_00063,2025-August,8.0,6680.62
PROD_00289,2025-August,6.0,16872.5
PROD_00198,2025-August,12.0,10426.720000000001
PROD_00098,2025-December,19.0,13079.61
PROD_00045,2025-December,17.0,57357.619999999995
PROD_00008,2025-December,8.0,26054.61
PROD_00029,2026-July,9.0,109399.76999999999
PROD_00290,2026-June,6.0,597.22
PROD_00188,2026-June,21.0,7048.099999999999
PROD_00133,2024-October,6.0,14328.87
PROD_00081,2024-August,3.0,4520.9
PROD_00150,2024-April,2.0,3065.06
PROD_00271,2023-September,16.0,7114.620000000001
PROD_00233,2023-September,9.0,9515.560000000001
PROD_00211,2023-September,12.0,19376.219999999998
PROD_00080,2026-May,27.0,90043.01000000001
PROD_00002,2026-May,12.0,72072.33
PROD_00238,2025-December,21.0,27607.95
PROD_00059,2025-December,17.0,36845.81
PROD_00296,2023-August,7.0,9272.630000000001
PROD_00208,2023-August,11.0,5742.499999999999
PROD_00101,2023-August,6.0,6963.52
PROD_00052,2024-May,14.0,43834.22
PROD_00247,2024-May,13.0,3133.65
PROD_00234,2023-December,10.0,7512.96
PROD_00208,2025-February,23.0,11941.099999999999
PROD_00248,2025-February,10.0,6757.55
PROD_00128,2025-February,8.0,8568.29
PROD_00055,2024-January,15.0,9347.67
PROD_00234,2024-January,13.0,9647.1
PROD_00029,2024-January,20.0,234479.91
PROD_00182,2025-January,25.0,1435.4
PROD_00246,2025-January,4.0,12724.46
PROD_00199,2025-January,14.0,6321.51
PROD_00235,2025-January,13.0,1497.9699999999998
PROD_00201,2024-July,25.0,10638.279999999999
PROD_00225,2025-July,10.0,23089.84
PROD_00072,2025-July,10.0,5720.58
PROD_00261,2024-October,18.0,117501.35
PROD_00240,2025-September,14.0,5600.59
PROD_00285,2025-September,13.0,38751.86
PROD_00196,2025-August,18.0,7183.3
PROD_00085,2025-August,9.0,6424.58
PROD_00186,2023-December,19.0,8016.139999999999
PROD_00012,2026-May,4.0,2194.6200000000003
PROD_00091,2023-November,15.0,21991.649999999998
PROD_00215,2023-November,7.0,16273.55
PROD_00089,2026-May,25.0,25323.899999999998
PROD_00285,2026-May,10.0,30838.53
PROD_00175,2023-July,18.0,33089.81
PROD_00002,2023-July,7.0,41959.69
PROD_00073,2024-September,13.0,4659.43
PROD_00160,2024-December,11.0,33594.17
PROD_00029,2024-December,11.0,129801.88
PROD_00284,2025-June,15.0,7517.73
PROD_00023,2025-June,10.0,1640.5
PROD_00200,2024-February,9.0,5786.6900000000005
PROD_00138,2024-February,6.0,2202.16
PROD_00018,2024-March,10.0,27218.5
PROD_00027,2024-March,12.0,16484.530000000002
PROD_00113,2024-April,7.0,375.28999999999996
PROD_00094,2024-April,10.0,20137.19
PROD_00138,2024-April,11.0,3884.49
PROD_00090,2024-April,16.0,60998.1
PROD_00037,2024-July,13.0,113170.49
PROD_00240,2024-July,23.0,9346.5
PROD_00134,2023-July,4.0,4724.24
PROD_00273,2024-October,10.0,4694.35
PROD_00277,2025-May,7.0,6804.089999999999
PROD_00196,2026-August,10.0,4092.4799999999996
PROD_00160,2024-May,23.0,71611.56
PROD_00017,2024-May,14.0,26195.64
PROD_00111,2024-May,13.0,12587.77
PROD_00053,2023-March,12.0,54409.12
PROD_00051,2023-March,4.0,1399.53
PROD_00160,2023-March,12.0,36850.31
PROD_00193,2023-July,6.0,5284.040000000001
PROD_00122,2024-March,13.0,2671.03
PROD_00127,2024-March,23.0,30697.57
PROD_00294,2024-March,10.0,116597.69
PROD_00009,2023-October,17.0,22293.940000000002
PROD_00200,2026-February,12.0,7608.56
PROD_00156,2026-February,18.0,2733.3199999999997
PROD_00181,2025-September,14.0,35139.16
PROD_00271,2025-September,18.0,7881.16
PROD_00052,2026-April,3.0,9136.11
PROD_00235,2026-April,3.0,337.32
PROD_00226,2025-February,9.0,2052.39
PROD_00065,2025-February,15.0,9059.75
PROD_00297,2023-September,7.0,10070.65
PROD_00249,2023-September,13.0,21107.87
PROD_00226,2026-April,5.0,1158.76
PROD_00018,2025-August,9.0,25784.859999999997
PROD_00184,2025-August,4.0,21412.170000000002
PROD_00039,2025-May,8.0,40006.63
PROD_00050,2025-May,14.0,15003.54
PROD_00172,2025-February,18.0,27761.5
PROD_00039,2025-February,13.0,63203.83
PROD_00171,2024-May,24.0,44789.189999999995
PROD_00273,2024-May,8.0,3673.36
PROD_00139,2023-January,24.0,730.9
PROD_00013,2023-March,17.0,8252.310000000001
PROD_00133,2023-March,9.0,22166.239999999998
PROD_00044,2024-July,20.0,21393.980000000003
PROD_00127,2024-July,8.0,10921.0
PROD_00152,2023-November,11.0,11146.61
PROD_00198,2023-November,16.0,13729.27
PROD_00101,2023-November,6.0,7002.66
PROD_00240,2024-November,10.0,4071.0
PROD_00173,2024-November,11.0,527.07
PROD_00053,2024-November,11.0,49663.34999999999
PROD_00238,2025-March,4.0,5056.52
PROD_00173,2025-December,7.0,326.28
PROD_00080,2025-December,16.0,53853.630000000005
PROD_00145,2024-March,17.0,143799.34
PROD_00047,2025-October,9.0,14698.140000000001
PROD_00196,2025-October,13.0,5298.68
PROD_00201,2025-October,12.0,5053.0
PROD_00175,2023-June,15.0,27460.81
PROD_00087,2025-June,7.0,51961.57
PROD_00178,2025-June,15.0,12584.44
PROD_00164,2025-June,11.0,2968.3899999999994
PROD_00053,2025-June,19.0,84634.64
PROD_00020,2024-April,6.0,5086.8099999999995
PROD_00166,2023-December,26.0,13043.75
PROD_00130,2023-December,15.0,5036.55
PROD_00079,2023-December,13.0,17771.4
PROD_00206,2023-December,6.0,9579.119999999999
PROD_00154,2026-January,17.0,53540.28
PROD_00008,2025-July,12.0,38950.40000000001
PROD_00107,2025-July,13.0,6799.0599999999995
PROD_00084,2025-July,7.0,7421.02
PROD_00241,2024-February,21.0,19259.079999999998
PROD_00003,2024-February,12.0,17389.0
PROD_00043,2026-June,4.0,5347.219999999999
PROD_00252,2026-June,16.0,93861.80000000002
PROD_00076,2026-June,1.0,839.26
PROD_00224,2025-September,8.0,13962.190000000002
PROD_00086,2025-February,29.0,128680.80000000002
PROD_00177,2025-March,14.0,6133.549999999999
PROD_00264,2025-March,16.0,24142.899999999998
PROD_00233,2025-December,6.0,6173.4400000000005
PROD_00183,2026-May,14.0,162558.01
PROD_00081,2026-May,17.0,25220.550000000003
PROD_00260,2024-May,9.0,9908.47
PROD_00253,2025-July,7.0,7343.9400000000005
PROD_00083,2025-July,22.0,28857.38
PROD_00265,2025-July,16.0,24460.690000000002
PROD_00071,2025-July,8.0,8175.21
PROD_00264,2024-March,10.0,15388.54
PROD_00021,2023-May,6.0,48605.520000000004
PROD_00204,2023-May,10.0,80077.43
PROD_00139,2023-September,20.0,597.99
PROD_00269,2026-May,6.0,8179.0
PROD_00110,2026-May,23.0,9553.829999999998
PROD_00299,2026-May,11.0,2424.24
PROD_00216,2025-January,14.0,9326.25
PROD_00004,2024-March,21.0,46722.229999999996
PROD_00185,2024-March,12.0,42992.11
PROD_00221,2023-August,22.0,30673.510000000002
PROD_00235,2023-August,6.0,719.09
PROD_00206,2024-February,18.0,28826.079999999998
PROD_00196,2023-February,14.0,5554.69
PROD_00027,2023-February,8.0,10851.980000000001
PROD_00109,2024-April,14.0,28554.63
PROD_00295,2026-April,19.0,25404.18
PROD_00272,2026-April,3.0,5998.92
PROD_00273,2023-October,5.0,2335.53
PROD_00154,2023-October,14.0,43137.54
PROD_00288,2026-April,17.0,38661.479999999996
PROD_00154,2026-April,3.0,9344.720000000001
PROD_00092,2025-February,8.0,8790.65
PROD_00063,2025-February,19.0,15824.739999999998
PROD_00152,2025-February,10.0,9979.9
PROD_00195,2024-July,8.0,5138.85
PROD_00046,2024-August,8.0,2608.46
PROD_00021,2025-January,5.0,40682.25
PROD_00011,2024-July,12.0,24639.02
PROD_00203,2024-July,10.0,8296.7
PROD_00244,2024-July,8.0,6222.410000000001
PROD_00192,2024-July,22.0,28304.399999999998
PROD_00092,2025-June,12.0,13194.720000000001
PROD_00207,2025-June,27.0,153559.51
PROD_00272,2025-June,23.0,44811.69
PROD_00060,2025-July,19.0,49780.56
PROD_00099,2025-July,19.0,9239.590000000002
PROD_00155,2025-July,7.0,40081.759999999995
PROD_00036,2024-May,4.0,14424.2
PROD_00251,2024-May,13.0,16268.179999999998
PROD_00175,2025-November,9.0,16276.91
PROD_00006,2025-March,7.0,7070.27
PROD_00281,2023-April,3.0,2100.33
PROD_00274,2023-April,7.0,1820.6799999999998
PROD_00036,2023-April,12.0,44005.71
PROD_00029,2024-October,13.0,156700.3
PROD_00108,2024-October,8.0,327.40000000000003
PROD_00287,2023-August,17.0,21059.940000000002
PROD_00043,2023-November,2.0,2682.74
PROD_00203,2024-August,18.0,15322.99
PROD_00069,2024-August,12.0,18806.07
PROD_00274,2024-March,36.0,9539.470000000001
PROD_00277,2024-May,14.0,13006.68
PROD_00249,2024-May,14.0,23297.969999999998
PROD_00243,2024-May,15.0,1251.87
PROD_00140,2024-May,16.0,12907.46
PROD_00157,2025-May,3.0,9590.59
PROD_00075,2025-January,5.0,7238.12
PROD_00097,2025-January,13.0,67564.15
PROD_00144,2026-April,9.0,4898.91
PROD_00155,2026-February,15.0,85156.06
PROD_00175,2023-January,8.0,14463.0
PROD_00070,2025-November,10.0,29542.43
PROD_00073,2025-November,17.0,6059.169999999999
PROD_00183,2023-February,29.0,343848.35
PROD_00129,2023-February,9.0,90689.98999999999
PROD_00147,2024-June,25.0,24379.35
PROD_00281,2025-May,19.0,13766.18
PROD_00228,2025-May,42.0,208324.68
PROD_00005,2023-July,40.0,85247.11
PROD_00188,2026-May,8.0,2693.64
PROD_00074,2026-May,11.0,16045.27
PROD_00026,2026-May,11.0,27610.989999999998
PROD_00057,2024-December,26.0,5499.4400000000005
PROD_00060,2026-April,18.0,46539.45
PROD_00021,2023-March,8.0,64905.51
PROD_00095,2023-March,8.0,1127.6
PROD_00112,2025-September,23.0,15169.0
PROD_00102,2026-April,31.0,66066.95
PROD_00285,2026-April,6.0,18502.94
PROD_00076,2026-April,9.0,7430.76
PROD_00197,2026-April,22.0,19071.02
PROD_00186,2026-April,6.0,2519.9900000000002
PROD_00099,2023-August,11.0,5205.370000000001
PROD_00081,2023-August,11.0,16131.879999999997
PROD_00295,2023-August,3.0,3914.49
PROD_00115,2023-July,20.0,18144.79
PROD_00233,2023-July,9.0,9380.79
PROD_00091,2023-July,10.0,14722.89
PROD_00013,2026-January,14.0,6937.85
PROD_00181,2026-January,18.0,45168.69
PROD_00050,2026-January,22.0,23642.27
PROD_00181,2025-April,13.0,33283.94
PROD_00056,2025-April,28.0,8686.869999999999
PROD_00099,2025-April,9.0,4372.6900000000005
PROD_00215,2025-August,17.0,40623.420000000006
PROD_00200,2025-September,6.0,3688.1400000000003
PROD_00162,2025-September,25.0,117845.57
PROD_00223,2025-September,5.0,11987.32
PROD_00058,2023-December,4.0,327.35
PROD_00005,2023-December,2.0,4184.719999999999
PROD_00093,2023-August,16.0,7128.5
PROD_00269,2024-October,14.0,19270.28
PROD_00025,2024-October,14.0,41650.850000000006
PROD_00124,2024-October,5.0,8424.82
PROD_00096,2024-January,15.0,40573.67
PROD_00202,2026-April,14.0,23833.57
PROD_00247,2026-April,8.0,1955.3300000000002
PROD_00068,2025-June,12.0,5274.58
PROD_00071,2025-June,4.0,4184.280000000001
PROD_00282,2025-May,16.0,2403.57
PROD_00002,2025-May,4.0,24022.690000000002
PROD_00192,2025-May,13.0,16959.73
PROD_00263,2024-April,16.0,3652.79
PROD_00063,2024-April,11.0,9101.380000000001
PROD_00241,2024-April,15.0,13662.119999999999
PROD_00003,2023-March,5.0,7526.5199999999995
PROD_00191,2023-March,7.0,9959.71
PROD_00225,2024-July,3.0,6891.389999999999
PROD_00004,2024-July,16.0,35604.05
PROD_00252,2024-July,19.0,108769.25999999998
PROD_00110,2025-January,6.0,2465.23
PROD_00113,2025-January,5.0,259.11
PROD_00080,2025-January,19.0,64210.79
PROD_00114,2025-January,23.0,18739.98
PROD_00269,2024-April,23.0,30257.39
PROD_00208,2024-April,8.0,4222.32
PROD_00177,2024-April,19.0,8470.3
PROD_00042,2026-May,12.0,22248.72
PROD_00237,2026-May,12.0,3698.14
PROD_00293,2026-May,9.0,10556.57
PROD_00279,2023-August,10.0,7108.509999999999
PROD_00219,2023-July,14.0,2035.71
PROD_00112,2023-July,13.0,8612.44
PROD_00181,2024-August,16.0,40277.479999999996
PROD_00189,2023-October,16.0,32229.58
PROD_00235,2023-October,18.0,2098.3399999999997
PROD_00030,2023-October,4.0,9100.25
PROD_00147,2025-July,6.0,6137.45
PROD_00069,2025-July,18.0,27742.879999999997
PROD_00160,2025-July,20.0,62505.64
PROD_00145,2024-October,29.0,244420.05
PROD_00269,2024-March,12.0,16383.73
PROD_00197,2024-March,20.0,17080.02
PROD_00098,2024-March,15.0,10443.17
PROD_00092,2023-November,4.0,4304.24
PROD_00169,2025-May,4.0,8261.470000000001
PROD_00019,2025-May,17.0,25043.31
PROD_00271,2024-August,7.0,3025.3
PROD_00083,2024-April,12.0,15584.710000000001
PROD_00062,2024-April,9.0,44930.100000000006
PROD_00148,2024-April,12.0,9693.24
PROD_00118,2024-April,7.0,4025.27
PROD_00209,2024-December,3.0,17168.870000000003
PROD_00109,2024-December,7.0,14641.269999999999
PROD_00141,2026-February,14.0,23425.699999999997
PROD_00064,2026-April,10.0,21853.93
PROD_00232,2026-April,12.0,18010.219999999998
PROD_00129,2025-August,6.0,61804.399999999994
PROD_00020,2025-August,20.0,17272.03
PROD_00096,2026-April,12.0,32407.730000000003
PROD_00202,2026-February,19.0,31371.21
PROD_00191,2026-February,2.0,2814.22
PROD_00207,2024-September,4.0,22951.13
PROD_00176,2024-September,16.0,17626.44
PROD_00228,2025-December,17.0,83474.70000000001
PROD_00272,2025-December,4.0,7454.93
PROD_00188,2025-December,4.0,1339.07
PROD_00089,2025-December,20.0,20421.67
PROD_00187,2026-July,18.0,50679.939999999995
PROD_00224,2026-July,11.0,19366.86
PROD_00257,2026-July,4.0,9585.34
PROD_00230,2024-June,1.0,870.34
PROD_00096,2025-September,6.0,15308.34
PROD_00041,2025-September,24.0,16509.96
PROD_00228,2025-September,11.0,53956.0
PROD_00076,2025-September,13.0,10651.93
PROD_00055,2023-January,13.0,7978.07
PROD_00174,2023-January,9.0,3968.63
PROD_00136,2023-January,12.0,35041.81
PROD_00197,2023-January,9.0,7491.09
PROD_00124,2025-March,20.0,33858.130000000005
PROD_00050,2025-March,20.0,21660.06
PROD_00222,2024-June,16.0,26110.019999999997
PROD_00038,2024-June,4.0,5721.04
PROD_00289,2023-August,9.0,24719.010000000002
PROD_00005,2023-August,10.0,21340.61
PROD_00080,2024-January,7.0,23656.940000000002
PROD_00239,2026-January,16.0,5030.12
PROD_00103,2026-January,18.0,14676.35
PROD_00295,2025-December,24.0,31720.19
PROD_00013,2025-December,17.0,8278.61
PROD_00141,2026-March,14.0,23434.199999999997
PROD_00267,2026-June,12.0,9102.19
PROD_00143,2025-August,5.0,2710.46
PROD_00066,2024-December,21.0,7077.41
PROD_00038,2025-October,14.0,19658.75
PROD_00061,2026-June,18.0,18666.96
PROD_00100,2023-March,12.0,6884.69
PROD_00236,2023-March,12.0,1427.63
PROD_00062,2023-February,11.0,56706.88
PROD_00255,2023-February,20.0,43149.39
PROD_00101,2025-October,27.0,31283.68
PROD_00212,2025-July,7.0,6269.42
PROD_00142,2026-January,4.0,7385.83
PROD_00079,2025-August,12.0,17136.539999999997
PROD_00258,2023-May,23.0,21723.45
PROD_00186,2023-May,3.0,1314.61
PROD_00088,2026-April,3.0,548.74
PROD_00018,2026-April,11.0,30295.379999999997
PROD_00099,2026-June,11.0,5368.42
PROD_00019,2026-June,3.0,4509.1
PROD_00058,2026-June,17.0,1409.02
PROD_00180,2024-April,9.0,4408.85
PROD_00209,2024-April,19.0,109403.59999999999
PROD_00059,2026-June,7.0,15381.970000000001
PROD_00043,2023-March,7.0,9560.490000000002
PROD_00161,2023-March,4.0,1571.96
PROD_00168,2023-March,8.0,6400.08
PROD_00075,2025-February,8.0,11626.34
PROD_00299,2025-February,9.0,1961.3799999999999
PROD_00272,2025-March,16.0,31176.0
PROD_00084,2025-March,6.0,6355.650000000001
PROD_00055,2026-February,6.0,3672.6
PROD_00269,2026-February,4.0,5386.25
PROD_00034,2026-February,8.0,3605.41
PROD_00057,2026-February,15.0,3220.76
PROD_00097,2024-February,13.0,66672.78
PROD_00109,2025-July,24.0,48349.2
PROD_00103,2025-July,21.0,17583.170000000002
PROD_00089,2025-July,18.0,18760.57
PROD_00126,2026-August,3.0,2841.14
PROD_00001,2026-January,5.0,6619.49
PROD_00004,2026-May,6.0,12899.94
PROD_00155,2024-September,16.0,91089.70999999999
PROD_00270,2024-September,8.0,17363.16
PROD_00198,2024-May,16.0,13372.810000000001
PROD_00020,2024-May,5.0,4261.9400000000005
PROD_00203,2024-January,15.0,12489.339999999998
PROD_00169,2024-January,12.0,24863.440000000002
PROD_00261,2024-January,10.0,65870.44
PROD_00197,2026-March,11.0,9369.39
PROD_00298,2025-December,7.0,25024.35
PROD_00287,2025-December,6.0,7312.9
PROD_00130,2025-December,7.0,2345.8100000000004
PROD_00010,2025-December,9.0,8214.11
PROD_00186,2024-November,28.0,11895.630000000001
PROD_00212,2024-November,6.0,5223.2699999999995
PROD_00105,2025-September,16.0,64082.76
PROD_00083,2025-September,21.0,26800.949999999997
PROD_00029,2025-September,11.0,126997.55000000002
PROD_00212,2024-September,32.0,28231.57
PROD_00277,2024-September,7.0,6505.7300000000005
PROD_00090,2026-July,11.0,40907.33
PROD_00065,2026-July,27.0,16610.83
PROD_00139,2023-August,11.0,330.26000000000005
PROD_00106,2024-March,3.0,1576.3200000000002
PROD_00251,2024-March,7.0,8550.72
PROD_00292,2024-March,3.0,5583.0599999999995
PROD_00081,2025-January,11.0,16135.82
PROD_00256,2025-January,16.0,37736.51
PROD_00280,2023-November,12.0,1589.2100000000003
PROD_00222,2023-November,7.0,11535.07
PROD_00144,2023-October,17.0,9304.369999999999
PROD_00208,2023-October,17.0,8952.5
PROD_00148,2025-June,19.0,15544.48
PROD_00219,2025-June,2.0,292.02
PROD_00240,2025-June,8.0,3216.54
PROD_00077,2024-August,18.0,16864.02
PROD_00187,2025-September,9.0,25092.010000000002
PROD_00216,2025-September,18.0,12210.439999999999
PROD_00087,2025-September,21.0,153423.71
PROD_00198,2025-September,10.0,8471.939999999999
PROD_00143,2025-September,4.0,2159.69
PROD_00014,2025-September,11.0,3433.5099999999998
PROD_00179,2025-April,16.0,29639.269999999997
PROD_00007,2025-April,4.0,5524.87
PROD_00070,2023-May,8.0,24064.5
PROD_00290,2023-May,16.0,1575.7999999999997
PROD_00271,2023-May,27.0,11786.74
PROD_00094,2026-January,13.0,26688.26
PROD_00081,2025-February,8.0,11655.41
PROD_00179,2025-February,16.0,29747.78
PROD_00258,2025-February,12.0,11490.650000000001
PROD_00007,2026-March,17.0,23296.69
PROD_00283,2026-March,6.0,3309.75
PROD_00034,2024-September,5.0,2156.35
PROD_00243,2024-September,25.0,2042.7800000000002
PROD_00231,2024-September,12.0,35366.96
PROD_00227,2023-July,20.0,40964.03
PROD_00182,2023-July,18.0,1053.6399999999999
PROD_00253,2025-January,3.0,3040.13
PROD_00172,2024-May,18.0,27743.879999999997
PROD_00176,2023-January,13.0,14767.149999999998
PROD_00180,2023-January,3.0,1432.68
PROD_00246,2026-January,18.0,56263.49
PROD_00266,2024-September,15.0,8335.480000000001
PROD_00117,2024-September,5.0,1083.42
PROD_00091,2025-May,11.0,16117.679999999998
PROD_00087,2025-May,13.0,94337.83
PROD_00026,2023-February,9.0,23200.21
PROD_00151,2023-February,3.0,2159.16
PROD_00131,2025-July,5.0,4689.13
PROD_00228,2025-March,9.0,44166.630000000005
PROD_00201,2024-December,27.0,11314.45
PROD_00216,2024-December,16.0,10470.289999999999
PROD_00219,2025-January,14.0,1999.8500000000001
PROD_00056,2025-January,16.0,4939.129999999999
PROD_00021,2026-February,11.0,89359.78
PROD_00296,2026-February,13.0,16768.9
PROD_00200,2024-December,3.0,1867.33
PROD_00275,2024-December,5.0,1908.21
PROD_00283,2024-December,14.0,7658.16
PROD_00129,2024-June,20.0,206608.84
PROD_00253,2024-June,10.0,10395.92
PROD_00025,2024-June,10.0,29858.38
PROD_00148,2025-January,15.0,12291.8
PROD_00158,2025-January,11.0,9740.970000000001
PROD_00047,2024-September,18.0,29622.3
PROD_00010,2026-August,13.0,11932.849999999999
PROD_00066,2026-August,11.0,3704.0399999999995
PROD_00129,2026-August,4.0,41026.46
PROD_00276,2024-June,13.0,14600.35
PROD_00199,2023-May,10.0,4419.219999999999
PROD_00264,2023-July,15.0,22511.88
PROD_00188,2023-July,15.0,4945.75
PROD_00106,2023-July,28.0,14857.890000000001
PROD_00214,2025-February,5.0,6942.870000000001
PROD_00219,2024-November,13.0,1817.6099999999997
PROD_00094,2024-May,12.0,23771.0
PROD_00010,2024-May,17.0,15515.170000000002
PROD_00129,2025-March,9.0,93427.82
PROD_00198,2025-March,14.0,12095.869999999999
PROD_00153,2026-August,4.0,2639.58
PROD_00121,2026-June,21.0,26402.489999999998
PROD_00246,2026-June,21.0,65282.11000000001
PROD_00234,2024-March,15.0,11058.309999999998
PROD_00153,2024-March,14.0,8817.53
PROD_00173,2024-January,8.0,385.36
PROD_00220,2024-March,12.0,23222.04
PROD_00086,2026-May,14.0,61799.53
PROD_00221,2026-May,28.0,38790.920000000006
PROD_00177,2026-May,17.0,7625.509999999999
PROD_00193,2024-December,3.0,2597.67
PROD_00013,2024-December,4.0,1861.0
PROD_00097,2024-April,13.0,67058.64000000001
PROD_00205,2024-April,20.0,8016.969999999999
PROD_00240,2024-April,5.0,2011.7
PROD_00147,2026-May,16.0,15655.070000000002
PROD_00095,2026-May,15.0,2131.6000000000004
PROD_00025,2026-May,17.0,51744.81
PROD_00217,2023-February,6.0,1951.66
PROD_00124,2023-December,21.0,36081.479999999996
PROD_00294,2023-December,11.0,130246.32
PROD_00094,2023-December,16.0,32581.320000000003
PROD_00136,2024-November,35.0,101156.12
PROD_00005,2024-November,19.0,39942.299999999996
PROD_00103,2024-November,7.0,5482.700000000001
PROD_00021,2026-March,12.0,99544.41
PROD_00157,2026-March,20.0,64358.909999999996
PROD_00265,2025-May,23.0,34113.21
PROD_00066,2025-May,15.0,5121.74
PROD_00210,2025-May,20.0,9803.38
PROD_00062,2026-March,26.0,130759.51000000001
PROD_00172,2026-March,9.0,14340.369999999999
PROD_00266,2025-January,1.0,599.53
PROD_00152,2025-October,33.0,32863.3
PROD_00183,2025-October,13.0,156356.02
PROD_00021,2025-June,15.0,119171.60999999999
PROD_00001,2025-June,25.0,32845.3
PROD_00300,2025-June,14.0,8045.620000000001
PROD_00066,2026-May,6.0,2020.46
PROD_00284,2026-May,7.0,3535.8999999999996
PROD_00190,2023-December,15.0,13626.71
PROD_00039,2023-December,5.0,24607.41
PROD_00009,2023-April,7.0,9377.85
PROD_00253,2023-April,19.0,19168.35
PROD_00055,2025-September,4.0,2432.26
PROD_00134,2025-September,18.0,21263.57
PROD_00186,2023-September,11.0,4767.28
PROD_00266,2026-June,5.0,2885.22
PROD_00223,2026-June,17.0,39159.07
PROD_00020,2026-February,5.0,4237.08
PROD_00177,2026-February,16.0,7128.62
PROD_00290,2025-October,20.0,1968.19
PROD_00149,2024-November,14.0,14679.619999999999
PROD_00081,2024-November,21.0,30764.809999999998
PROD_00018,2023-November,15.0,42331.950000000004
PROD_00295,2023-June,26.0,35129.05
PROD_00166,2023-June,19.0,9386.29
PROD_00132,2026-June,25.0,3862.5299999999997
PROD_00263,2026-February,9.0,2041.3
PROD_00143,2025-May,12.0,6454.65
PROD_00211,2025-May,10.0,15570.92
PROD_00041,2023-October,7.0,4951.67
PROD_00064,2023-October,6.0,13388.380000000001
PROD_00207,2026-January,11.0,63900.15
PROD_00293,2025-April,31.0,36696.78999999999
PROD_00278,2025-April,15.0,31471.83
PROD_00136,2023-August,15.0,44873.44
PROD_00018,2023-August,13.0,36696.28
PROD_00076,2023-August,13.0,10233.88
PROD_00121,2023-May,16.0,20117.33
PROD_00259,2024-April,16.0,9814.410000000002
PROD_00072,2025-May,7.0,4063.2299999999996
PROD_00283,2025-February,5.0,2785.3
PROD_00192,2023-November,8.0,10716.88
PROD_00049,2023-November,15.0,14986.830000000002
PROD_00205,2023-November,18.0,7214.140000000001
PROD_00012,2023-November,3.0,1624.0
PROD_00117,2025-March,6.0,1272.3799999999999
PROD_00252,2025-March,5.0,29371.65
PROD_00083,2026-June,17.0,21811.850000000002
PROD_00108,2024-March,22.0,869.0799999999999
PROD_00071,2024-May,16.0,16421.96
PROD_00105,2024-May,21.0,84964.67
PROD_00217,2025-August,18.0,6001.360000000001
PROD_00152,2025-August,11.0,11055.509999999998
PROD_00021,2025-August,13.0,104705.67
PROD_00044,2024-April,11.0,11936.74
PROD_00089,2024-April,9.0,9042.43
PROD_00275,2024-April,12.0,4572.75
PROD_00277,2023-September,9.0,8557.08
PROD_00087,2024-August,8.0,58628.200000000004
PROD_00257,2024-August,14.0,32535.39
PROD_00219,2026-July,24.0,3396.55
PROD_00140,2026-July,10.0,8200.33
PROD_00067,2026-July,12.0,14283.119999999999
PROD_00155,2026-April,2.0,11354.52
PROD_00112,2026-April,15.0,9538.080000000002
PROD_00033,2024-November,18.0,35198.78
PROD_00035,2026-July,25.0,27484.02
PROD_00234,2026-July,9.0,6697.529999999999
PROD_00282,2025-March,17.0,2457.2400000000002
PROD_00199,2023-February,8.0,3538.0099999999998
PROD_00053,2023-February,18.0,78528.93000000001
PROD_00178,2025-December,11.0,9557.519999999999
PROD_00003,2025-December,10.0,14884.14
PROD_00251,2023-June,10.0,12172.73
PROD_00018,2023-June,17.0,47949.8
PROD_00262,2024-May,11.0,8633.92
PROD_00020,2025-July,7.0,6034.12
PROD_00230,2025-May,17.0,14757.29
PROD_00124,2025-May,12.0,20586.16
PROD_00186,2025-May,16.0,6876.98
PROD_00075,2025-May,3.0,4274.28
PROD_00085,2025-October,27.0,19166.94
PROD_00040,2024-October,11.0,5282.55
PROD_00035,2024-June,18.0,19613.36
PROD_00209,2024-June,30.0,171367.97
PROD_00201,2024-May,11.0,4645.42
PROD_00032,2025-May,12.0,14369.449999999999
PROD_00007,2025-May,19.0,25257.6
PROD_00120,2023-May,25.0,11055.28
PROD_00273,2023-May,18.0,8365.949999999999
PROD_00027,2025-December,5.0,6721.849999999999
PROD_00043,2026-May,7.0,9294.37
PROD_00018,2024-December,7.0,19625.809999999998
PROD_00263,2024-December,23.0,5189.75
PROD_00112,2023-March,19.0,12335.529999999999
PROD_00162,2024-December,13.0,60923.73
PROD_00109,2024-September,11.0,22643.100000000002
PROD_00208,2024-September,19.0,9864.900000000001
PROD_00074,2023-May,10.0,15353.16
PROD_00240,2026-May,13.0,5272.129999999999
PROD_00273,2026-May,10.0,4574.05
PROD_00162,2024-March,16.0,74556.95
PROD_00155,2023-January,3.0,17182.06
PROD_00012,2025-November,8.0,4259.17
PROD_00057,2025-November,10.0,2125.8
PROD_00130,2025-October,4.0,1355.46
PROD_00257,2025-October,13.0,30166.370000000003
PROD_00283,2025-January,11.0,6027.490000000001
PROD_00197,2024-August,10.0,8781.16
PROD_00038,2024-August,6.0,8166.379999999999
PROD_00268,2025-December,7.0,11125.66
PROD_00088,2025-December,4.0,694.17
PROD_00125,2024-December,6.0,2678.58
PROD_00053,2024-December,10.0,46085.61
PROD_00063,2025-December,13.0,10887.599999999999
PROD_00205,2024-November,7.0,2829.02
PROD_00030,2024-November,10.0,21614.33
PROD_00131,2026-January,3.0,2879.91
PROD_00279,2026-January,6.0,4254.42
PROD_00242,2023-December,11.0,12570.51
PROD_00256,2025-March,7.0,16389.54
PROD_00076,2025-March,13.0,10527.33
PROD_00086,2025-March,9.0,40583.39
PROD_00191,2023-October,13.0,18754.56
PROD_00287,2023-October,4.0,5145.56
PROD_00082,2025-March,18.0,27753.629999999997
PROD_00242,2025-March,20.0,22033.52
PROD_00153,2025-December,9.0,5710.41
PROD_00123,2023-August,10.0,4554.86
PROD_00278,2023-December,16.0,33924.28
PROD_00048,2023-December,5.0,6738.860000000001
PROD_00108,2023-December,8.0,313.92
PROD_00062,2024-December,6.0,30758.11
PROD_00219,2024-December,10.0,1401.63
PROD_00276,2026-July,14.0,15515.210000000001
PROD_00266,2026-May,17.0,9644.79
PROD_00276,2026-May,6.0,6471.84
PROD_00192,2024-May,1.0,1350.33
PROD_00203,2023-October,8.0,6757.58
PROD_00171,2023-July,10.0,18420.780000000002
PROD_00009,2023-July,10.0,12988.86
PROD_00247,2024-September,16.0,3741.51
PROD_00089,2024-June,9.0,9555.060000000001
PROD_00220,2025-March,14.0,27856.17
PROD_00115,2024-January,5.0,4660.299999999999
PROD_00031,2025-May,9.0,13821.96
PROD_00157,2024-January,2.0,6765.6
PROD_00100,2024-January,12.0,7238.3099999999995
PROD_00037,2023-July,10.0,86463.82
PROD_00025,2023-July,11.0,32527.11
PROD_00072,2023-July,7.0,4062.36
PROD_00143,2023-July,4.0,2122.23
PROD_00123,2025-June,12.0,5417.179999999999
PROD_00066,2024-January,10.0,3359.5
PROD_00274,2024-July,9.0,2429.8599999999997
PROD_00074,2024-July,3.0,4474.38
PROD_00185,2024-July,19.0,68536.53
PROD_00186,2023-June,6.0,2613.06
PROD_00208,2023-June,8.0,4246.7
PROD_00237,2023-June,13.0,4233.96
PROD_00030,2026-January,5.0,11256.5
PROD_00206,2024-July,5.0,8115.69
PROD_00208,2024-July,13.0,6990.84
PROD_00051,2023-January,3.0,1000.88
PROD_00242,2023-January,10.0,11230.72
PROD_00164,2023-February,15.0,3981.8
PROD_00290,2023-February,12.0,1175.5
PROD_00264,2025-July,2.0,3064.13
PROD_00121,2025-July,29.0,36238.39
PROD_00146,2025-April,5.0,1494.73
PROD_00248,2025-December,11.0,7334.22
PROD_00125,2025-December,9.0,4075.12
PROD_00204,2025-December,20.0,159133.47
PROD_00137,2025-April,4.0,1270.33
PROD_00098,2025-April,22.0,15353.18
PROD_00161,2025-April,9.0,3603.94
PROD_00209,2024-November,8.0,45607.4
PROD_00149,2023-January,11.0,11516.939999999999
PROD_00042,2026-January,6.0,11118.61
PROD_00293,2025-October,14.0,16248.159999999998
PROD_00216,2025-October,8.0,5303.950000000001
PROD_00122,2025-October,16.0,3291.0
PROD_00039,2025-October,20.0,98234.66
PROD_00298,2023-November,2.0,7069.67
PROD_00239,2023-November,7.0,2198.9500000000003
PROD_00272,2024-April,14.0,27182.379999999997
PROD_00286,2023-July,6.0,38278.8
PROD_00073,2023-July,2.0,718.74
PROD_00113,2025-February,11.0,571.1
PROD_00156,2025-February,17.0,2558.01
PROD_00119,2025-September,5.0,5736.7699999999995
PROD_00256,2025-September,5.0,11719.29
PROD_00280,2023-October,3.0,388.81
PROD_00246,2023-October,13.0,40840.67
PROD_00242,2026-March,15.0,16741.84
PROD_00045,2026-March,2.0,6683.52
PROD_00113,2023-August,3.0,157.07999999999998
PROD_00001,2023-August,12.0,15655.78
PROD_00061,2023-February,6.0,6071.2
PROD_00166,2023-February,28.0,13953.890000000001
PROD_00049,2024-June,18.0,18151.11
PROD_00027,2024-June,14.0,19548.03
PROD_00286,2023-August,8.0,52818.96000000001
PROD_00174,2025-March,24.0,10199.72
PROD_00088,2025-March,14.0,2477.38
PROD_00276,2025-March,8.0,8926.61
PROD_00238,2023-February,17.0,22590.32
PROD_00054,2024-March,7.0,40710.1
PROD_00131,2024-March,17.0,15782.53
PROD_00206,2023-September,6.0,9489.64
PROD_00071,2023-September,16.0,16419.440000000002
PROD_00016,2023-June,15.0,65083.77
PROD_00032,2023-June,16.0,18816.7
PROD_00156,2026-March,12.0,1779.8
PROD_00168,2026-March,16.0,12850.63
PROD_00145,2026-March,12.0,100479.54999999999
PROD_00041,2025-April,8.0,5487.460000000001
PROD_00212,2025-October,6.0,5349.05
PROD_00275,2025-October,11.0,4205.91
PROD_00115,2024-June,6.0,5340.14
PROD_00209,2024-May,12.0,69993.26000000001
PROD_00246,2024-May,10.0,31233.76
PROD_00232,2025-October,17.0,25659.129999999997
PROD_00061,2023-September,11.0,11434.9
PROD_00161,2023-September,7.0,2911.8199999999997
PROD_00006,2023-September,13.0,13270.280000000002
PROD_00221,2023-March,31.0,44228.56
PROD_00135,2023-March,26.0,14658.8
PROD_00141,2026-January,5.0,8163.610000000001
PROD_00091,2026-January,10.0,15050.96
PROD_00067,2026-April,8.0,9122.43
PROD_00196,2026-April,12.0,4771.24
PROD_00097,2026-April,11.0,56976.25000000001
PROD_00043,2023-January,11.0,15071.740000000002
PROD_00103,2023-January,11.0,8891.7
PROD_00219,2023-February,2.0,282.78
PROD_00154,2023-February,7.0,21460.94
PROD_00281,2023-January,16.0,11756.279999999999
PROD_00288,2023-January,17.0,38371.11
PROD_00056,2026-January,5.0,1568.6599999999999
PROD_00005,2026-January,10.0,21879.64
PROD_00267,2024-December,15.0,11367.939999999999
PROD_00178,2023-October,7.0,5776.259999999999
PROD_00052,2023-October,20.0,59759.69
PROD_00183,2025-December,5.0,58985.5
PROD_00246,2024-April,9.0,28917.36
PROD_00214,2024-April,11.0,15422.8
PROD_00164,2023-March,11.0,2985.58
PROD_00257,2023-March,15.0,35252.6
PROD_00080,2023-March,11.0,38486.71000000001
PROD_00154,2023-March,19.0,59765.61
PROD_00212,2023-February,6.0,5267.46
PROD_00282,2025-June,8.0,1189.14
PROD_00236,2025-June,9.0,1073.78
PROD_00014,2025-March,16.0,5170.77
PROD_00193,2025-March,4.0,3362.24
PROD_00231,2023-December,1.0,3043.8
PROD_00200,2023-December,19.0,11928.83
PROD_00075,2023-December,11.0,15891.819999999998
PROD_00062,2023-December,14.0,70435.59999999999
PROD_00278,2025-October,5.0,10652.210000000001
PROD_00239,2023-July,12.0,3866.9300000000003
PROD_00011,2023-July,5.0,9943.630000000001
PROD_00137,2023-August,13.0,4186.83
PROD_00025,2023-August,22.0,64461.61
PROD_00222,2025-December,5.0,7888.119999999999
PROD_00231,2023-May,6.0,17784.920000000002
PROD_00011,2023-May,6.0,12096.15
PROD_00150,2024-June,6.0,9111.48
PROD_00162,2023-April,19.0,88932.06999999999
PROD_00076,2025-July,11.0,8786.66
PROD_00200,2025-July,15.0,9669.52
PROD_00220,2024-January,18.0,35566.59
PROD_00234,2025-March,16.0,11780.59
PROD_00051,2025-March,10.0,3432.8500000000004
PROD_00180,2025-March,10.0,5039.1
PROD_00182,2026-July,11.0,629.61
PROD_00003,2026-July,20.0,30079.839999999997
PROD_00224,2024-June,12.0,21301.44
PROD_00183,2024-June,12.0,145657.57
PROD_00160,2024-June,8.0,24247.519999999997
PROD_00274,2023-July,10.0,2549.8500000000004
PROD_00224,2023-December,27.0,48538.340000000004
PROD_00125,2023-December,14.0,6382.87
PROD_00266,2023-April,12.0,6843.07
PROD_00094,2023-April,6.0,12244.78
PROD_00113,2025-July,19.0,1033.33
PROD_00276,2025-July,13.0,14199.39
PROD_00238,2023-August,12.0,15822.109999999999
PROD_00223,2023-August,17.0,39826.13
PROD_00254,2023-January,11.0,8447.48
PROD_00291,2024-May,1.0,860.55
PROD_00194,2024-October,15.0,6345.13
PROD_00101,2024-October,9.0,10566.86
PROD_00256,2024-July,14.0,32632.050000000003
PROD_00012,2024-July,8.0,4228.96
PROD_00022,2025-January,13.0,2933.7200000000003
PROD_00292,2025-January,15.0,28119.010000000002
PROD_00141,2026-June,19.0,32433.97
PROD_00231,2026-June,8.0,24372.519999999997
PROD_00035,2023-May,16.0,17566.089999999997
PROD_00207,2025-September,16.0,93899.5
PROD_00219,2024-May,12.0,1718.64
PROD_00093,2023-November,6.0,2649.44
PROD_00256,2023-November,34.0,79799.23
PROD_00291,2023-November,9.0,7972.32
PROD_00070,2023-June,8.0,24704.1
PROD_00136,2025-February,9.0,25688.670000000002
PROD_00137,2025-February,9.0,2854.3500000000004
PROD_00008,2024-December,17.0,54395.82
PROD_00076,2024-February,7.0,5582.42
PROD_00293,2024-February,15.0,17349.079999999998
PROD_00196,2025-November,8.0,3143.34
PROD_00259,2023-November,6.0,3701.55
PROD_00219,2023-January,10.0,1408.3899999999999
PROD_00205,2023-January,19.0,7614.77
PROD_00204,2024-November,7.0,56698.58
PROD_00239,2024-November,1.0,310.06
PROD_00174,2023-November,13.0,5605.02
PROD_00053,2023-November,9.0,39903.09
PROD_00223,2023-November,5.0,11581.42
PROD_00110,2024-October,12.0,4975.75
PROD_00142,2023-June,15.0,28495.29
PROD_00010,2023-June,11.0,10220.29
PROD_00195,2026-July,4.0,2559.86
PROD_00023,2026-July,10.0,1618.9499999999998
PROD_00214,2024-June,10.0,13478.460000000001
PROD_00191,2025-August,6.0,8821.17
PROD_00089,2025-August,2.0,2080.12
PROD_00010,2024-December,11.0,10320.050000000001
PROD_00270,2024-December,22.0,47680.36
PROD_00115,2026-March,11.0,9685.22
PROD_00251,2026-March,13.0,15873.34
PROD_00032,2026-March,7.0,8535.48
PROD_00024,2025-October,18.0,16023.990000000002
PROD_00031,2025-October,8.0,12105.2
PROD_00237,2026-March,12.0,3819.4800000000005
PROD_00202,2026-March,22.0,37686.97
PROD_00034,2024-June,35.0,15110.920000000002
PROD_00260,2024-June,6.0,6734.07
PROD_00134,2023-November,16.0,19335.07
PROD_00216,2023-November,7.0,4620.049999999999
PROD_00174,2026-May,11.0,4805.0
PROD_00019,2026-May,11.0,16513.63
PROD_00008,2026-May,24.0,78360.24
PROD_00015,2026-May,10.0,5001.549999999999
PROD_00006,2025-February,8.0,8291.14
PROD_00164,2025-February,12.0,3319.1299999999997
PROD_00014,2025-August,7.0,2242.91
PROD_00085,2024-December,23.0,16134.939999999999
PROD_00284,2024-December,15.0,7601.610000000001
PROD_00293,2024-December,16.0,18305.22
PROD_00010,2023-January,5.0,4499.5
PROD_00155,2023-October,6.0,34734.11
PROD_00139,2023-October,9.0,274.55
PROD_00266,2023-October,3.0,1670.22
PROD_00121,2023-October,20.0,24852.92
PROD_00208,2024-February,18.0,9184.28
PROD_00280,2024-February,10.0,1304.1999999999998
PROD_00224,2025-October,4.0,7030.23
PROD_00015,2024-May,11.0,5609.749999999999
PROD_00049,2024-May,11.0,10753.59
PROD_00004,2025-October,17.0,36626.67
PROD_00154,2025-October,4.0,12440.89
PROD_00043,2026-March,25.0,33114.34
PROD_00158,2026-May,27.0,24048.440000000002
PROD_00261,2024-July,10.0,63312.740000000005
PROD_00131,2024-July,9.0,8590.49
PROD_00160,2024-January,9.0,27214.03
PROD_00025,2025-July,8.0,24377.010000000002
PROD_00200,2024-May,15.0,9659.54
PROD_00012,2024-May,23.0,12477.699999999999
PROD_00059,2026-March,7.0,15333.07
PROD_00052,2026-March,12.0,36816.33
PROD_00062,2023-April,19.0,95579.2
PROD_00013,2024-May,24.0,11646.82
PROD_00267,2024-May,11.0,8294.95
PROD_00150,2026-February,8.0,11954.71
PROD_00196,2024-June,10.0,4065.47
PROD_00289,2024-June,3.0,8425.75
PROD_00159,2023-September,15.0,13570.439999999999
PROD_00235,2024-July,5.0,587.59
PROD_00158,2024-July,27.0,24239.09
PROD_00110,2025-October,4.0,1629.74
PROD_00271,2025-October,4.0,1738.62
PROD_00231,2024-June,21.0,62662.149999999994
PROD_00092,2024-June,8.0,8520.68
PROD_00218,2024-June,6.0,14167.13
PROD_00118,2024-June,5.0,2934.32
PROD_00008,2023-April,22.0,70858.61
PROD_00191,2023-April,14.0,20388.359999999997
PROD_00297,2023-October,8.0,11437.22
PROD_00221,2023-October,19.0,26837.02
PROD_00290,2023-October,5.0,485.42999999999995
PROD_00044,2024-November,3.0,3266.2699999999995
PROD_00207,2024-February,1.0,5746.32
PROD_00226,2024-February,6.0,1377.54
PROD_00197,2024-February,10.0,8343.17
PROD_00001,2024-February,3.0,3924.0299999999997
PROD_00002,2024-February,4.0,24062.64
PROD_00062,2024-September,4.0,20291.13
PROD_00133,2025-March,6.0,14969.579999999998
PROD_00297,2024-December,17.0,23861.92
PROD_00112,2024-December,9.0,6030.51
PROD_00267,2025-March,12.0,9069.58
PROD_00117,2025-November,17.0,3586.26
PROD_00298,2025-November,16.0,57943.01000000001
PROD_00257,2025-November,17.0,39435.34
PROD_00201,2025-November,11.0,4578.27
PROD_00210,2025-November,5.0,2300.88
PROD_00252,2025-May,19.0,111247.82999999999
PROD_00073,2025-May,21.0,7643.3099999999995
PROD_00202,2025-May,3.0,5034.12
PROD_00079,2024-November,12.0,17009.94
PROD_00105,2024-November,10.0,39938.9
PROD_00283,2025-March,9.0,4872.96
PROD_00017,2025-November,5.0,9234.029999999999
PROD_00127,2025-November,7.0,9365.32
PROD_00143,2025-November,12.0,6602.26
PROD_00200,2023-May,7.0,4347.48
PROD_00010,2024-July,23.0,21067.510000000002
PROD_00178,2024-July,27.0,22001.629999999997
PROD_00096,2023-April,11.0,29787.120000000003
PROD_00154,2023-April,8.0,24452.34
PROD_00268,2023-April,4.0,6627.39
PROD_00175,2024-April,15.0,27423.96
PROD_00135,2024-April,15.0,8151.84
PROD_00225,2026-May,3.0,6796.77
PROD_00257,2026-May,15.0,35602.090000000004
PROD_00033,2026-March,13.0,25805.18
PROD_00257,2023-November,16.0,37915.24
PROD_00221,2024-October,11.0,15247.060000000001
PROD_00289,2025-November,24.0,66959.37
PROD_00161,2023-October,16.0,6507.83
PROD_00097,2023-May,4.0,20045.65
PROD_00156,2025-August,20.0,2963.6499999999996
PROD_00194,2025-August,12.0,4973.12
PROD_00292,2025-August,11.0,20699.63
PROD_00060,2026-February,27.0,70621.23999999999
PROD_00142,2026-February,24.0,45879.84
PROD_00050,2026-February,17.0,18272.47
PROD_00103,2023-August,45.0,37266.51
PROD_00037,2025-October,20.0,175255.45999999996
PROD_00300,2025-December,6.0,3391.28
PROD_00066,2025-December,14.0,4702.46
PROD_00160,2025-June,5.0,15276.47
PROD_00082,2025-June,4.0,6230.55
PROD_00006,2025-June,21.0,21188.01
PROD_00182,2024-August,23.0,1308.1699999999998
PROD_00225,2024-August,13.0,30289.190000000002
PROD_00198,2023-January,12.0,10339.009999999998
PROD_00215,2023-January,7.0,16346.14
PROD_00172,2026-April,16.0,23937.519999999997
PROD_00111,2026-April,13.0,12626.51
PROD_00210,2024-April,3.0,1493.6
PROD_00055,2025-July,14.0,8640.42
PROD_00218,2025-July,10.0,24581.25
PROD_00078,2024-July,16.0,1262.71
PROD_00231,2024-July,16.0,48990.96000000001
PROD_00206,2026-July,15.0,23734.350000000002
PROD_00184,2026-July,13.0,71012.23000000001
PROD_00271,2023-August,34.0,14828.67
PROD_00254,2025-May,22.0,17850.46
PROD_00198,2025-May,6.0,5154.12
PROD_00047,2023-June,8.0,13377.16
PROD_00042,2023-June,14.0,25233.519999999997
PROD_00162,2025-July,23.0,105277.59000000001
PROD_00273,2025-July,15.0,6892.889999999999
PROD_00097,2024-August,13.0,65288.45
PROD_00169,2024-August,6.0,12520.37
PROD_00244,2025-November,10.0,7953.32
PROD_00064,2025-November,28.0,62278.52
PROD_00138,2023-December,12.0,4165.7
PROD_00272,2024-March,1.0,1890.51
PROD_00099,2024-March,17.0,8207.62
PROD_00169,2024-March,11.0,22714.950000000004
PROD_00120,2024-November,11.0,4877.07
PROD_00111,2024-November,12.0,11674.68
PROD_00082,2024-May,6.0,8971.04
PROD_00295,2024-May,13.0,17227.649999999998
PROD_00239,2025-November,8.0,2533.14
PROD_00212,2025-November,15.0,13295.369999999999
PROD_00288,2026-July,19.0,42480.7
PROD_00143,2026-July,17.0,9344.89
PROD_00218,2024-February,12.0,28767.760000000002
PROD_00076,2025-January,8.0,6520.9800000000005
PROD_00184,2026-May,5.0,25402.77
PROD_00265,2026-May,14.0,21189.52
PROD_00126,2026-May,4.0,3734.1
PROD_00298,2024-September,1.0,3606.18
PROD_00018,2024-September,6.0,16742.84
PROD_00117,2023-October,20.0,4210.22
PROD_00193,2023-September,8.0,6939.23
PROD_00146,2023-September,22.0,6434.83
PROD_00047,2023-September,18.0,29582.08
PROD_00189,2023-August,24.0,50031.240000000005
PROD_00278,2023-August,14.0,29539.780000000002
PROD_00213,2023-August,27.0,26583.13
PROD_00300,2023-August,18.0,10300.3
PROD_00237,2025-October,5.0,1559.7
PROD_00112,2025-January,10.0,6618.52
PROD_00094,2025-January,12.0,23910.78
PROD_00058,2025-January,10.0,825.16
PROD_00034,2023-December,22.0,9819.659999999998
PROD_00286,2023-December,25.0,166442.53999999998
PROD_00258,2023-December,18.0,17111.58
PROD_00289,2024-April,10.0,27470.04
PROD_00153,2024-April,10.0,6557.749999999999
PROD_00126,2023-May,16.0,15482.27
PROD_00138,2023-May,14.0,5031.92
PROD_00001,2026-July,5.0,6447.55
PROD_00075,2023-September,11.0,15598.98
PROD_00214,2023-September,11.0,15000.6
PROD_00085,2025-December,5.0,3507.59
PROD_00262,2026-April,5.0,3895.11
PROD_00072,2025-January,6.0,3496.44
PROD_00046,2025-January,8.0,2457.16
PROD_00300,2025-April,13.0,7461.77
PROD_00231,2024-January,11.0,33497.6
PROD_00069,2025-May,8.0,12233.869999999999
PROD_00179,2025-May,2.0,3800.19
PROD_00042,2025-May,14.0,25575.23
PROD_00243,2025-May,21.0,1709.3799999999999
PROD_00096,2025-April,11.0,29653.88
PROD_00022,2025-April,3.0,680.73
PROD_00075,2024-June,10.0,14242.619999999999
PROD_00226,2024-April,4.0,908.8
PROD_00268,2024-April,25.0,40533.33
PROD_00134,2023-December,15.0,17593.33
PROD_00030,2023-December,12.0,26745.090000000004
PROD_00156,2023-December,12.0,1798.12
PROD_00120,2024-July,10.0,4445.24
PROD_00236,2024-July,22.0,2593.54
PROD_00186,2024-July,9.0,3745.55
PROD_00160,2024-July,13.0,40520.119999999995
PROD_00157,2024-July,17.0,55182.619999999995
PROD_00281,2026-April,17.0,12444.41
PROD_00274,2024-April,11.0,2853.8900000000003
PROD_00140,2024-April,16.0,13003.68
PROD_00236,2026-July,11.0,1313.03
PROD_00233,2026-July,13.0,13655.690000000002
PROD_00019,2026-July,6.0,8736.81
PROD_00148,2023-March,15.0,12095.07
PROD_00017,2023-August,6.0,10541.78
PROD_00297,2023-August,13.0,18390.28
PROD_00236,2023-August,10.0,1197.16
PROD_00052,2023-August,3.0,9482.85
PROD_00158,2023-August,7.0,6233.16
PROD_00019,2023-August,20.0,29161.18
PROD_00038,2025-May,10.0,14442.869999999999
PROD_00006,2025-May,21.0,21428.489999999998
PROD_00146,2025-May,3.0,881.4300000000001
PROD_00090,2026-June,13.0,48737.479999999996
PROD_00236,2026-June,8.0,953.0600000000001
PROD_00101,2026-June,18.0,20616.69
PROD_00070,2024-September,12.0,35391.770000000004
PROD_00006,2024-September,7.0,7224.450000000001
PROD_00110,2026-April,1.0,418.76
PROD_00035,2024-April,2.0,2144.96
PROD_00184,2024-May,17.0,92006.81000000001
PROD_00120,2024-May,12.0,5365.4
PROD_00065,2024-May,10.0,6161.209999999999
PROD_00267,2025-July,8.0,6239.76
PROD_00149,2024-September,8.0,8306.189999999999
PROD_00173,2024-September,13.0,626.45
PROD_00229,2024-September,4.0,3792.36
PROD_00293,2025-January,6.0,7268.219999999999
PROD_00162,2025-January,7.0,32517.590000000004
PROD_00191,2023-February,22.0,31330.410000000003
PROD_00049,2023-February,12.0,11890.92
PROD_00089,2023-October,12.0,12241.6
PROD_00139,2024-September,11.0,336.82
PROD_00259,2025-September,6.0,3624.5999999999995
PROD_00149,2025-September,10.0,10544.42
PROD_00141,2026-May,15.0,25329.129999999997
PROD_00133,2025-April,10.0,24117.04
PROD_00217,2025-January,6.0,1933.2600000000002
PROD_00206,2025-January,19.0,30796.890000000003
PROD_00105,2025-November,14.0,56898.25
PROD_00184,2026-April,3.0,16470.18
PROD_00266,2026-April,15.0,8526.11
PROD_00286,2025-January,8.0,52958.29000000001
PROD_00036,2025-January,13.0,45908.55
PROD_00211,2025-September,34.0,53203.259999999995
PROD_00128,2025-September,6.0,6483.14
PROD_00166,2025-September,28.0,14117.039999999999
PROD_00118,2025-June,11.0,6386.0
PROD_00239,2025-June,11.0,3540.4100000000003
PROD_00115,2024-November,21.0,18278.76
PROD_00221,2024-November,4.0,5856.17
PROD_00143,2024-November,7.0,3848.3199999999997
PROD_00023,2026-April,21.0,3436.14
PROD_00234,2024-May,7.0,5056.36
PROD_00269,2024-May,13.0,17462.7
PROD_00221,2025-April,10.0,14271.400000000001
PROD_00171,2025-April,18.0,32427.980000000003
PROD_00023,2025-April,10.0,1629.4099999999999
PROD_00174,2025-May,10.0,4214.33
PROD_00134,2025-May,2.0,2256.58
PROD_00133,2025-November,7.0,16936.27
PROD_00028,2025-November,21.0,9348.07
PROD_00112,2025-November,2.0,1293.68
PROD_00259,2025-November,13.0,7939.280000000001
PROD_00010,2023-May,18.0,16344.009999999998
PROD_00162,2023-May,5.0,23276.44
PROD_00190,2023-May,12.0,11009.14
PROD_00157,2024-April,2.0,6418.96
PROD_00020,2025-April,17.0,14639.380000000001
PROD_00290,2025-April,18.0,1755.9300000000003
PROD_00175,2025-April,4.0,7601.36
PROD_00052,2025-April,5.0,15551.31
PROD_00138,2023-August,12.0,4333.22
PROD_00209,2023-August,4.0,23271.76
PROD_00169,2023-December,18.0,37295.03999999999
PROD_00052,2023-December,18.0,55379.27
PROD_00059,2025-November,20.0,44170.27
PROD_00277,2025-November,11.0,10472.14
PROD_00292,2025-February,27.0,50314.71
PROD_00188,2025-February,6.0,2009.6000000000001
PROD_00286,2025-February,15.0,96146.46999999999
PROD_00251,2025-February,8.0,9900.95
PROD_00012,2025-May,28.0,14748.77
PROD_00297,2025-May,22.0,31110.65
PROD_00291,2025-June,4.0,3596.32
PROD_00212,2025-June,6.0,5293.3099999999995
PROD_00124,2026-May,15.0,26514.44
PROD_00227,2026-May,16.0,32980.24999999999
PROD_00067,2026-May,15.0,17943.21
PROD_00210,2026-May,30.0,14661.490000000002
PROD_00061,2025-December,4.0,4083.96
PROD_00276,2025-December,13.0,14403.24
PROD_00160,2025-October,6.0,17990.94
PROD_00046,2025-October,9.0,2727.04
PROD_00222,2023-March,12.0,19915.04
PROD_00133,2026-May,5.0,12056.849999999999
PROD_00164,2026-May,11.0,3003.3900000000003
PROD_00182,2026-May,5.0,288.27
PROD_00179,2026-May,4.0,7546.679999999999
PROD_00289,2026-January,17.0,47836.06
PROD_00066,2024-May,4.0,1389.73
PROD_00074,2024-May,14.0,21274.46
PROD_00064,2024-May,24.0,53571.420000000006
PROD_00158,2024-May,9.0,7888.18
PROD_00183,2025-June,22.0,262714.5
PROD_00273,2024-June,24.0,11076.510000000002
PROD_00016,2024-July,16.0,70183.34
PROD_00138,2024-July,10.0,3532.34
PROD_00056,2024-July,16.0,4940.51
PROD_00298,2025-August,6.0,22149.910000000003
PROD_00225,2025-August,3.0,7035.24
PROD_00165,2024-February,6.0,6791.92
PROD_00038,2024-November,7.0,9648.77
PROD_00208,2023-November,14.0,7457.900000000001
PROD_00289,2023-November,22.0,60555.61
PROD_00018,2025-October,16.0,46522.64
PROD_00176,2025-October,13.0,14202.78
PROD_00087,2025-October,11.0,80650.48999999999
PROD_00140,2025-October,9.0,7310.820000000001
PROD_00078,2026-July,21.0,1689.32
PROD_00011,2024-March,19.0,37851.39
PROD_00076,2024-March,4.0,3293.0
PROD_00061,2024-January,13.0,13629.38
PROD_00031,2024-January,9.0,13894.259999999998
PROD_00067,2023-March,10.0,11844.24
PROD_00018,2023-March,7.0,19103.71
PROD_00241,2023-March,24.0,20997.4
PROD_00245,2023-June,9.0,1225.49
PROD_00094,2023-June,16.0,31834.45
PROD_00066,2023-June,8.0,2636.74
PROD_00293,2023-June,13.0,15601.780000000002
PROD_00101,2026-February,16.0,18491.24
PROD_00045,2026-February,17.0,57714.48
PROD_00119,2026-February,8.0,9467.39
PROD_00042,2023-August,17.0,30807.399999999998
PROD_00062,2023-August,9.0,46200.49
PROD_00299,2023-October,13.0,2870.8900000000003
PROD_00076,2023-October,17.0,13518.17
PROD_00239,2023-December,9.0,2796.9300000000003
PROD_00180,2023-December,13.0,6440.1900000000005
PROD_00215,2025-January,17.0,40589.49
PROD_00183,2024-August,4.0,48300.15
PROD_00008,2025-August,14.0,47291.07000000001
PROD_00078,2025-August,5.0,401.85
PROD_00183,2025-August,11.0,130439.98999999999
PROD_00131,2025-August,22.0,20417.12
PROD_00245,2025-April,10.0,1296.0
PROD_00048,2025-April,10.0,14146.490000000002
PROD_00289,2023-July,14.0,39389.93000000001
PROD_00052,2023-July,15.0,46955.63
PROD_00168,2023-July,18.0,14772.800000000001
PROD_00263,2024-June,9.0,2077.46
PROD_00117,2025-February,3.0,635.4300000000001
PROD_00050,2025-February,21.0,22652.410000000003
PROD_00228,2025-February,21.0,97408.47
PROD_00162,2026-April,1.0,4405.81
PROD_00161,2026-April,9.0,3727.66
PROD_00004,2025-January,4.0,8842.09
PROD_00157,2026-June,18.0,57885.28
PROD_00193,2026-June,10.0,8730.18
PROD_00031,2024-May,11.0,16685.06
PROD_00110,2024-May,14.0,5839.0
PROD_00224,2024-September,21.0,36431.83
PROD_00145,2024-February,9.0,76170.95
PROD_00270,2024-February,13.0,27691.6
PROD_00297,2023-April,27.0,38195.05
PROD_00147,2023-April,18.0,17918.550000000003
PROD_00287,2023-April,19.0,23734.089999999997
PROD_00229,2025-February,9.0,9128.6
PROD_00205,2025-February,6.0,2450.86
PROD_00026,2024-February,24.0,60541.149999999994
PROD_00104,2024-February,6.0,18351.02
PROD_00038,2024-February,20.0,27855.190000000002
PROD_00126,2023-October,6.0,5670.7
PROD_00262,2024-September,27.0,21253.14
PROD_00078,2024-September,8.0,644.56
PROD_00245,2023-May,21.0,2703.63
PROD_00076,2023-May,10.0,8209.34
PROD_00155,2023-May,7.0,41210.909999999996
PROD_00114,2023-November,31.0,25843.58
PROD_00085,2025-July,9.0,6378.32
PROD_00088,2025-July,4.0,707.48
PROD_00179,2024-May,23.0,42120.72
PROD_00280,2024-May,32.0,4314.610000000001
PROD_00281,2025-February,9.0,6657.69
PROD_00091,2025-February,11.0,16321.35
PROD_00207,2025-February,9.0,50986.46
PROD_00142,2026-March,17.0,32157.589999999997
PROD_00200,2026-March,14.0,9008.710000000001
PROD_00165,2026-January,24.0,27320.43
PROD_00021,2026-January,5.0,40525.229999999996
PROD_00194,2023-August,1.0,405.78
PROD_00035,2023-August,5.0,5543.03
PROD_00171,2026-April,15.0,27707.55
PROD_00254,2025-February,13.0,10359.65
PROD_00090,2023-January,12.0,44753.79
PROD_00151,2023-January,4.0,2819.2400000000002
PROD_00170,2023-May,20.0,18112.940000000002
PROD_00127,2026-June,31.0,41329.54
PROD_00202,2026-June,5.0,8410.26
PROD_00094,2025-May,7.0,13598.98
PROD_00240,2025-May,20.0,8062.51
PROD_00270,2025-May,13.0,28111.69
PROD_00214,2026-May,2.0,2780.26
PROD_00046,2026-March,9.0,2851.24
PROD_00243,2023-September,10.0,816.04
PROD_00185,2026-May,3.0,11112.880000000001
PROD_00117,2026-May,12.0,2529.99
PROD_00099,2026-May,26.0,12301.18
PROD_00138,2024-September,16.0,5724.65
PROD_00121,2024-September,19.0,24300.82
PROD_00128,2023-July,7.0,7234.09
PROD_00230,2024-September,6.0,5176.59
PROD_00087,2026-January,20.0,147105.80000000002
PROD_00252,2026-January,19.0,112568.22
PROD_00169,2023-March,1.0,2009.27
PROD_00263,2025-February,3.0,666.45
PROD_00257,2025-February,8.0,18554.44
PROD_00007,2023-November,21.0,28309.730000000003
PROD_00285,2023-November,8.0,24210.370000000003
PROD_00200,2025-June,5.0,3255.4000000000005
PROD_00089,2025-September,11.0,11074.74
PROD_00197,2025-September,9.0,7683.52
PROD_00131,2024-April,11.0,10403.94
PROD_00265,2024-April,10.0,15299.91
PROD_00184,2024-April,21.0,111537.16000000002
PROD_00093,2023-September,8.0,3506.36
PROD_00264,2026-April,12.0,18492.33
PROD_00157,2023-February,6.0,18752.1
PROD_00234,2023-July,7.0,5028.73
PROD_00070,2024-January,7.0,20313.05
PROD_00098,2024-January,4.0,2652.4
PROD_00263,2023-August,20.0,4521.19
PROD_00129,2023-August,18.0,185828.34000000003
PROD_00102,2023-August,16.0,33805.6
PROD_00251,2025-July,13.0,15822.089999999998
PROD_00120,2025-July,12.0,5318.900000000001
PROD_00288,2025-July,25.0,56304.810000000005
PROD_00054,2024-April,14.0,82162.66
PROD_00072,2023-August,22.0,12741.36
PROD_00252,2025-September,3.0,17736.989999999998
PROD_00299,2024-September,5.0,1108.29
PROD_00074,2023-June,5.0,7556.8099999999995
PROD_00159,2023-June,8.0,7121.32
PROD_00119,2023-June,8.0,9398.32
PROD_00078,2024-January,14.0,1154.46
PROD_00057,2024-January,11.0,2289.55
PROD_00147,2024-October,9.0,8761.14
PROD_00163,2024-December,17.0,119556.48999999999
PROD_00064,2024-December,10.0,22277.64
PROD_00179,2023-July,10.0,18546.27
PROD_00201,2023-July,12.0,5213.799999999999
PROD_00211,2023-July,2.0,3066.0699999999997
PROD_00282,2024-December,16.0,2340.2200000000003
PROD_00241,2024-December,19.0,17002.16
PROD_00079,2025-April,21.0,29825.489999999998
PROD_00162,2025-April,8.0,37114.94
PROD_00027,2023-May,25.0,33671.020000000004
PROD_00160,2023-April,12.0,36675.36
PROD_00007,2023-April,7.0,9167.64
PROD_00285,2025-November,22.0,65697.23000000001
PROD_00034,2024-March,8.0,3525.1
PROD_00003,2024-March,12.0,18083.760000000002
PROD_00221,2024-March,14.0,19258.530000000002
PROD_00263,2024-September,2.0,448.56
PROD_00230,2026-April,11.0,9175.43
PROD_00300,2025-July,9.0,5152.08
PROD_00264,2024-June,9.0,13619.01
PROD_00155,2025-September,22.0,125342.77999999998
PROD_00269,2025-September,11.0,14963.04
PROD_00186,2024-September,5.0,2157.3199999999997
PROD_00023,2024-September,6.0,984.12
PROD_00142,2024-September,15.0,29130.129999999997
PROD_00258,2026-August,1.0,954.29
PROD_00094,2026-August,3.0,6180.299999999999
PROD_00103,2024-March,5.0,4042.0499999999997
PROD_00154,2023-November,16.0,49122.740000000005
PROD_00224,2023-November,8.0,14288.91
PROD_00104,2023-November,7.0,21528.82
PROD_00281,2023-July,19.0,14143.659999999998
PROD_00253,2023-July,14.0,14181.350000000002
PROD_00001,2024-March,10.0,12776.18
PROD_00007,2024-March,18.0,23723.0
PROD_00140,2026-May,16.0,12657.93
PROD_00254,2026-May,10.0,7755.959999999999
PROD_00020,2023-February,18.0,15122.810000000001
PROD_00256,2023-February,15.0,34900.53
PROD_00043,2023-February,17.0,22351.39
PROD_00121,2023-February,12.0,14935.989999999998
PROD_00140,2024-March,22.0,17922.72
PROD_00248,2024-March,19.0,12672.53
PROD_00226,2024-March,14.0,3260.3900000000003
PROD_00251,2024-January,26.0,31958.56
PROD_00008,2024-January,14.0,45081.87
PROD_00232,2023-November,24.0,36232.87
PROD_00271,2023-November,7.0,3023.43
PROD_00082,2023-July,16.0,23842.940000000002
PROD_00087,2023-July,11.0,82103.82
PROD_00278,2024-December,10.0,20847.059999999998
PROD_00150,2025-October,18.0,28246.37
PROD_00205,2025-October,1.0,426.46
PROD_00070,2023-December,17.0,50536.74
PROD_00153,2023-December,11.0,7259.8
PROD_00148,2023-December,9.0,7470.9000000000015
PROD_00007,2023-December,7.0,9440.029999999999
PROD_00104,2025-June,14.0,43688.61
PROD_00129,2025-June,9.0,91122.43
PROD_00060,2025-June,1.0,2606.86
PROD_00225,2024-December,3.0,6933.960000000001
PROD_00012,2024-December,14.0,7651.0
PROD_00252,2024-December,5.0,29344.37
PROD_00174,2024-January,5.0,2094.84
PROD_00074,2024-April,14.0,21064.760000000002
PROD_00011,2024-April,20.0,40265.22
PROD_00010,2024-January,22.0,20267.119999999995
PROD_00144,2024-January,7.0,3813.12
PROD_00069,2025-August,13.0,20218.09
PROD_00066,2025-August,16.0,5349.6
PROD_00203,2024-December,11.0,9269.939999999999
PROD_00035,2024-December,13.0,14183.03
PROD_00300,2023-July,2.0,1118.79
PROD_00241,2026-June,21.0,18721.090000000004
PROD_00197,2026-June,10.0,8429.24
PROD_00103,2025-January,2.0,1616.98
PROD_00197,2025-January,14.0,11979.73
PROD_00047,2025-September,18.0,29390.829999999998
PROD_00147,2025-September,4.0,3966.3
PROD_00055,2024-May,12.0,7370.0999999999985
PROD_00297,2024-April,1.0,1435.78
PROD_00290,2024-April,6.0,588.3900000000001
PROD_00248,2025-January,9.0,5973.24
PROD_00037,2025-January,10.0,87478.73000000001
PROD_00132,2025-January,13.0,1976.7
PROD_00065,2023-August,25.0,15049.97
PROD_00272,2023-August,2.0,4012.5
PROD_00031,2023-August,2.0,2951.98
PROD_00237,2023-August,6.0,1941.7299999999998
PROD_00270,2026-January,16.0,35233.79
PROD_00117,2026-January,20.0,4123.84
PROD_00282,2026-January,8.0,1151.37
PROD_00055,2023-May,4.0,2511.5
PROD_00128,2023-May,9.0,9557.079999999998
PROD_00017,2026-April,7.0,13098.82
PROD_00163,2026-April,19.0,132685.12
PROD_00137,2026-April,19.0,5932.08
PROD_00022,2026-April,6.0,1337.7
PROD_00106,2023-April,10.0,5264.05
PROD_00108,2025-June,13.0,520.99
PROD_00145,2026-January,11.0,94670.35
PROD_00043,2024-February,11.0,14586.96
PROD_00025,2026-June,3.0,8755.59
PROD_00153,2026-June,14.0,9035.75
PROD_00113,2026-June,20.0,1056.33
PROD_00122,2026-June,14.0,2949.2199999999993
PROD_00238,2025-October,6.0,7719.9400000000005
PROD_00223,2025-October,3.0,7211.08
PROD_00100,2025-October,9.0,5305.77
PROD_00093,2024-August,11.0,4729.910000000001
PROD_00116,2024-August,12.0,15277.759999999998
PROD_00251,2023-October,1.0,1214.6
PROD_00279,2023-October,5.0,3483.3399999999997
PROD_00222,2023-December,8.0,12953.419999999998
PROD_00256,2024-November,5.0,11777.73
PROD_00138,2024-November,17.0,6150.55
PROD_00042,2025-March,11.0,20320.7
PROD_00288,2024-December,8.0,17957.18
PROD_00257,2024-December,13.0,31299.92
PROD_00295,2024-December,11.0,15236.3
PROD_00170,2025-July,5.0,4495.88
PROD_00016,2025-November,8.0,34636.93
PROD_00293,2024-June,10.0,12093.98
PROD_00112,2025-February,5.0,3164.3500000000004
PROD_00239,2024-June,9.0,2850.21
PROD_00182,2024-June,5.0,287.35
PROD_00236,2024-June,12.0,1402.5300000000002
PROD_00203,2023-February,3.0,2514.98
PROD_00132,2023-February,4.0,623.8199999999999
PROD_00248,2025-November,11.0,7498.990000000001
PROD_00169,2025-November,13.0,26882.61
PROD_00030,2025-April,19.0,42013.84
PROD_00092,2025-April,8.0,8575.779999999999
PROD_00294,2025-April,2.0,23534.72
PROD_00210,2025-April,11.0,5305.96
PROD_00112,2023-May,3.0,2016.58
PROD_00300,2023-January,6.0,3466.72
PROD_00038,2023-January,12.0,16579.13
PROD_00266,2025-August,10.0,5539.76
PROD_00245,2023-January,15.0,1895.58
PROD_00101,2023-January,6.0,7147.539999999999
PROD_00032,2025-November,14.0,17060.39
PROD_00132,2025-November,8.0,1240.78
PROD_00141,2025-November,15.0,25082.940000000002
PROD_00012,2025-March,16.0,8558.810000000001
PROD_00268,2025-March,14.0,22821.8
PROD_00122,2026-May,33.0,6878.69
PROD_00191,2026-May,5.0,7097.95
PROD_00166,2026-May,15.0,7397.66
PROD_00096,2026-May,13.0,35560.619999999995
PROD_00044,2023-August,14.0,15124.79
PROD_00246,2026-April,12.0,37863.82000000001
PROD_00167,2026-April,15.0,13642.39
PROD_00026,2025-March,5.0,12596.96
PROD_00160,2025-August,15.0,45774.13
PROD_00085,2023-August,9.0,6557.179999999999
PROD_00264,2023-August,9.0,13776.530000000002
PROD_00291,2023-August,7.0,6328.62
PROD_00007,2025-November,17.0,22758.78
PROD_00024,2025-November,14.0,12343.68
PROD_00053,2025-November,3.0,13408.560000000001
PROD_00039,2024-June,27.0,129149.42000000001
PROD_00095,2024-June,5.0,715.86
PROD_00281,2024-June,15.0,11195.79
PROD_00286,2025-May,7.0,46187.99
PROD_00261,2025-May,6.0,39094.64
PROD_00136,2025-May,3.0,8703.24
PROD_00238,2024-April,8.0,10559.91
PROD_00252,2025-July,12.0,71246.25
PROD_00077,2025-July,16.0,14968.85
PROD_00299,2025-July,4.0,898.06
PROD_00218,2025-January,22.0,53020.479999999996
PROD_00203,2024-April,16.0,13760.77
PROD_00001,2024-April,8.0,10515.489999999998
PROD_00084,2024-April,6.0,6392.84
PROD_00254,2026-July,24.0,18703.390000000003
PROD_00079,2026-July,6.0,8167.6900000000005
PROD_00136,2026-July,2.0,5870.52
PROD_00052,2026-July,21.0,64200.469999999994
PROD_00024,2024-December,14.0,12474.630000000001
PROD_00275,2023-May,3.0,1165.8000000000002
PROD_00150,2023-May,15.0,23293.620000000003
PROD_00127,2023-May,2.0,2734.06
PROD_00100,2024-October,19.0,11226.829999999998
PROD_00014,2026-January,10.0,3192.18
PROD_00119,2026-January,13.0,15261.17
PROD_00201,2025-February,7.0,3015.42
PROD_00029,2024-May,10.0,122446.55999999998
PROD_00099,2024-May,13.0,6021.26
PROD_00125,2023-March,26.0,11851.529999999999
PROD_00204,2026-February,5.0,39851.91
PROD_00187,2026-May,6.0,16243.769999999999
PROD_00267,2026-May,9.0,6787.1900000000005
PROD_00165,2025-August,21.0,24486.01
PROD_00031,2025-August,5.0,7548.299999999999
PROD_00061,2026-March,17.0,17662.08
PROD_00111,2026-March,12.0,11229.11
PROD_00167,2025-September,17.0,15459.48
PROD_00049,2025-September,17.0,16884.55
PROD_00173,2023-July,12.0,572.1500000000001
PROD_00036,2023-July,7.0,25161.32
PROD_00194,2023-July,4.0,1631.77
PROD_00057,2024-June,13.0,2786.28
PROD_00267,2024-June,12.0,9174.64
PROD_00040,2024-June,7.0,3206.27
PROD_00256,2023-December,9.0,21059.54
PROD_00207,2023-December,20.0,116444.06999999999
PROD_00091,2023-December,11.0,16265.8
PROD_00023,2025-October,2.0,318.16
PROD_00186,2025-October,30.0,12880.93
PROD_00253,2023-May,17.0,17855.219999999998
PROD_00096,2023-May,24.0,65580.04999999999
PROD_00272,2026-February,7.0,13376.810000000001
PROD_00006,2026-February,10.0,10149.34
PROD_00242,2026-February,12.0,13282.36
PROD_00010,2026-May,10.0,9459.5
PROD_00284,2025-November,9.0,4511.38
PROD_00112,2025-July,8.0,5094.16
PROD_00144,2023-December,14.0,7530.11
PROD_00244,2023-December,20.0,16152.51
PROD_00023,2025-February,8.0,1320.3200000000002
PROD_00271,2024-October,7.0,3108.9
PROD_00018,2024-October,6.0,16739.059999999998
PROD_00095,2025-February,24.0,3445.3599999999997
PROD_00020,2025-February,15.0,12533.060000000001
PROD_00049,2025-February,5.0,4992.67
PROD_00120,2025-March,3.0,1395.75
PROD_00166,2024-October,10.0,4952.1900000000005
PROD_00187,2023-May,6.0,16480.579999999998
PROD_00214,2024-November,21.0,28878.559999999998
PROD_00231,2024-December,20.0,60721.380000000005
PROD_00142,2024-December,14.0,27109.94
PROD_00106,2024-June,11.0,5921.7699999999995
PROD_00216,2024-June,13.0,8557.71
PROD_00182,2023-March,9.0,513.6999999999999
PROD_00239,2023-March,6.0,1899.91
PROD_00021,2024-July,3.0,24915.47
PROD_00052,2024-July,6.0,17918.32
PROD_00003,2024-July,10.0,14523.4
PROD_00120,2023-December,13.0,6035.19
PROD_00240,2023-January,15.0,6079.89
PROD_00150,2023-January,10.0,15474.470000000001
PROD_00235,2023-January,11.0,1266.53
PROD_00039,2025-June,4.0,19627.4
PROD_00159,2025-June,17.0,15239.1
PROD_00075,2026-January,5.0,7090.71
PROD_00061,2025-August,13.0,13433.759999999998
PROD_00262,2023-January,23.0,17763.12
PROD_00105,2023-January,5.0,20185.17
PROD_00072,2025-June,13.0,7777.34
PROD_00054,2025-July,25.0,144372.37
PROD_00211,2025-July,17.0,27357.510000000002
PROD_00124,2025-April,4.0,6734.459999999999
PROD_00207,2026-June,11.0,63343.420000000006
PROD_00254,2024-April,7.0,5620.449999999999
PROD_00163,2024-February,19.0,131077.39
PROD_00248,2024-February,15.0,9901.239999999998
PROD_00011,2024-February,8.0,15698.98
PROD_00196,2025-March,10.0,3908.8799999999997
PROD_00199,2024-October,10.0,4380.58
PROD_00196,2024-October,23.0,9275.42
PROD_00009,2024-October,11.0,14311.77
PROD_00077,2023-October,6.0,5562.73
PROD_00063,2023-October,5.0,4305.86
PROD_00233,2023-October,18.0,18660.579999999998
PROD_00102,2023-October,7.0,14855.08
PROD_00173,2024-May,15.0,703.3199999999999
PROD_00039,2025-August,5.0,23706.660000000003
PROD_00222,2025-August,3.0,4906.0
PROD_00147,2024-February,3.0,2945.09
PROD_00096,2023-March,9.0,24207.25
PROD_00033,2023-March,18.0,34736.03
PROD_00175,2024-November,22.0,40392.479999999996
PROD_00297,2025-October,12.0,17099.739999999998
PROD_00042,2025-October,8.0,14882.44
PROD_00094,2025-October,12.0,24215.229999999996
PROD_00146,2025-October,15.0,4439.289999999999
PROD_00171,2026-June,9.0,16527.190000000002
PROD_00081,2026-June,14.0,20692.73
PROD_00298,2026-June,18.0,65210.62
PROD_00196,2026-June,18.0,7104.910000000001
PROD_00235,2025-September,12.0,1386.02
PROD_00171,2025-September,10.0,18643.32
PROD_00153,2025-September,14.0,8903.78
PROD_00186,2025-September,16.0,6808.3099999999995
PROD_00175,2025-February,11.0,19889.87
PROD_00075,2024-October,16.0,22902.92
PROD_00094,2024-October,7.0,13963.77
PROD_00036,2024-October,16.0,59119.200000000004
PROD_00217,2025-September,10.0,3158.09
PROD_00025,2025-August,2.0,6107.88
PROD_00032,2025-August,10.0,12217.75
PROD_00236,2024-September,9.0,1072.8999999999999
PROD_00211,2024-September,4.0,6348.94
PROD_00048,2023-June,15.0,20881.469999999998
PROD_00155,2025-February,17.0,97124.72
PROD_00241,2025-February,1.0,864.22
PROD_00105,2025-April,4.0,16224.72
PROD_00026,2023-July,4.0,10060.580000000002
PROD_00096,2023-July,17.0,46599.020000000004
PROD_00151,2024-September,7.0,5201.599999999999
PROD_00232,2024-September,15.0,22891.25
PROD_00084,2025-February,7.0,7353.710000000001
PROD_00155,2026-January,14.0,78916.63
PROD_00224,2026-January,7.0,12164.3
PROD_00084,2025-October,11.0,11729.94
PROD_00255,2025-October,7.0,15548.949999999997
PROD_00285,2025-August,15.0,45388.89
PROD_00023,2024-July,5.0,799.88
PROD_00050,2024-July,17.0,18301.100000000002
PROD_00069,2024-July,15.0,23658.03
PROD_00268,2025-January,11.0,17638.379999999997
PROD_00050,2025-January,2.0,2109.43
PROD_00196,2026-May,8.0,3099.1299999999997
PROD_00254,2023-December,14.0,11313.07
PROD_00045,2023-May,4.0,13662.56
PROD_00225,2025-November,9.0,20708.17
PROD_00231,2023-August,9.0,27428.64
PROD_00228,2023-August,6.0,29016.21
PROD_00220,2023-August,18.0,35281.81
PROD_00099,2025-December,5.0,2314.87
PROD_00182,2026-August,3.0,171.96
PROD_00041,2026-August,6.0,3961.32
PROD_00273,2026-June,16.0,7368.800000000001
PROD_00037,2026-June,3.0,26010.899999999998
PROD_00150,2024-February,10.0,15299.25
PROD_00207,2024-June,15.0,86296.90999999999
PROD_00053,2026-August,8.0,36335.31
PROD_00184,2026-August,11.0,58149.84
PROD_00042,2026-August,11.0,20161.15
PROD_00092,2023-October,11.0,12025.52
PROD_00201,2025-December,22.0,9442.899999999998
PROD_00113,2025-June,30.0,1619.4900000000002
PROD_00082,2023-October,20.0,31408.68
PROD_00260,2023-October,23.0,25089.090000000004
PROD_00158,2024-November,7.0,6112.48
PROD_00003,2024-November,7.0,10649.73
PROD_00268,2023-July,8.0,12694.32
PROD_00183,2023-July,5.0,60333.3
PROD_00056,2026-February,2.0,622.5
PROD_00280,2026-February,17.0,2260.0299999999997
PROD_00157,2025-April,7.0,21817.559999999998
PROD_00131,2025-April,3.0,2837.88
PROD_00190,2025-September,7.0,6400.01
PROD_00063,2024-January,15.0,13040.36
PROD_00154,2024-January,9.0,27949.700000000004
PROD_00236,2025-November,24.0,2850.75
PROD_00062,2025-November,7.0,34120.94
PROD_00273,2025-December,6.0,2774.9399999999996
PROD_00033,2025-December,5.0,9621.18
PROD_00115,2026-August,18.0,15719.34
PROD_00184,2023-January,24.0,128018.18000000001
PROD_00272,2023-September,12.0,22747.37
PROD_00222,2023-September,20.0,33158.28
PROD_00063,2023-September,6.0,5021.589999999999
PROD_00077,2025-January,10.0,9429.7
PROD_00073,2025-January,6.0,2139.42
PROD_00251,2024-April,12.0,14386.829999999998
PROD_00004,2023-January,14.0,30493.22
PROD_00153,2023-January,17.0,11472.270000000002
PROD_00056,2023-January,19.0,5738.7
PROD_00161,2023-February,7.0,2844.84
PROD_00288,2023-February,5.0,11098.8
PROD_00204,2023-February,18.0,143403.0
PROD_00265,2023-March,12.0,17972.71
PROD_00186,2023-October,8.0,3446.58
PROD_00116,2023-October,16.0,20472.15
PROD_00279,2026-February,8.0,5542.59
PROD_00010,2024-August,5.0,4534.75
PROD_00147,2024-August,16.0,15804.31
PROD_00096,2024-August,16.0,42411.1
PROD_00054,2024-June,7.0,39794.530000000006
PROD_00288,2024-June,8.0,17615.739999999998
PROD_00031,2026-April,17.0,25593.179999999997
PROD_00175,2024-June,4.0,7195.849999999999
PROD_00026,2024-June,14.0,35873.479999999996
PROD_00252,2023-February,19.0,112195.95000000001
PROD_00150,2023-February,3.0,4767.96
PROD_00154,2026-March,9.0,27839.039999999997
PROD_00025,2023-December,13.0,38559.95
PROD_00089,2026-July,9.0,9115.960000000001
PROD_00207,2025-May,11.0,63620.28
PROD_00218,2025-May,13.0,30294.92
PROD_00293,2025-July,16.0,19053.26
PROD_00126,2025-July,8.0,7480.75
PROD_00177,2026-January,3.0,1314.06
PROD_00003,2026-January,8.0,11956.49
PROD_00015,2026-January,9.0,4557.82
PROD_00139,2026-January,13.0,394.87
PROD_00200,2026-July,11.0,6926.23
PROD_00228,2024-June,15.0,72989.12000000001
PROD_00067,2024-June,2.0,2279.02
PROD_00091,2024-June,5.0,7222.860000000001
PROD_00176,2024-August,11.0,12287.21
PROD_00154,2024-August,9.0,28261.14
PROD_00263,2026-May,14.0,3186.7
PROD_00182,2025-April,18.0,1043.6200000000001
PROD_00207,2023-February,10.0,57732.54
PROD_00016,2023-February,12.0,52362.28
PROD_00240,2024-January,18.0,7372.400000000001
PROD_00022,2024-January,4.0,887.72
PROD_00161,2023-November,16.0,6517.28
PROD_00196,2024-August,27.0,10720.09
PROD_00009,2024-August,18.0,23612.29
PROD_00050,2024-November,2.0,2125.65
PROD_00096,2023-February,16.0,42300.880000000005
PROD_00029,2023-August,11.0,128005.16
PROD_00221,2025-September,11.0,16040.59
PROD_00139,2024-April,1.0,30.4
PROD_00008,2024-April,17.0,55981.770000000004
PROD_00236,2024-April,7.0,820.63
PROD_00081,2024-April,22.0,31664.82
PROD_00254,2025-April,1.0,811.67
PROD_00120,2026-June,25.0,11379.260000000002
PROD_00168,2023-October,12.0,9732.960000000001
PROD_00058,2023-October,9.0,710.75
PROD_00249,2023-October,16.0,26206.92
PROD_00067,2023-May,18.0,21368.619999999995
PROD_00270,2026-May,16.0,35376.87
PROD_00104,2025-September,19.0,59688.55
PROD_00079,2025-September,2.0,2721.54
PROD_00248,2025-September,15.0,9957.519999999999
PROD_00019,2025-April,12.0,18099.480000000003
PROD_00120,2024-February,9.0,3994.6300000000006
PROD_00086,2024-February,10.0,44757.600000000006
PROD_00088,2024-August,13.0,2304.95
PROD_00280,2024-August,9.0,1235.02
PROD_00114,2023-May,2.0,1690.58
PROD_00256,2023-January,9.0,21037.350000000002
PROD_00135,2023-January,11.0,5970.73
PROD_00292,2025-July,21.0,39234.3
PROD_00108,2023-August,9.0,359.53000000000003
PROD_00193,2023-August,5.0,4357.1
PROD_00291,2026-February,11.0,9644.54
PROD_00113,2026-February,10.0,538.6099999999999
PROD_00018,2026-February,20.0,56164.3
PROD_00286,2026-August,14.0,88013.76000000001
PROD_00028,2026-August,1.0,467.4
PROD_00089,2023-June,6.0,6175.040000000001
PROD_00095,2023-June,3.0,413.87
PROD_00197,2026-August,1.0,868.59
PROD_00101,2026-August,9.0,10729.88
PROD_00299,2026-August,5.0,1109.0500000000002
PROD_00272,2024-November,7.0,13445.939999999999
PROD_00170,2024-January,10.0,9046.71
PROD_00242,2024-November,9.0,10024.18
PROD_00061,2025-March,19.0,19812.0
PROD_00128,2023-October,24.0,25710.33
PROD_00196,2023-March,14.0,5713.54
PROD_00036,2023-March,12.0,43076.64
PROD_00279,2023-March,10.0,7234.4800000000005
PROD_00271,2024-February,5.0,2249.11
PROD_00067,2026-January,13.0,15514.86
PROD_00126,2025-May,15.0,14259.16
PROD_00003,2025-May,8.0,11843.58
PROD_00004,2025-May,14.0,30415.480000000003
PROD_00058,2025-November,3.0,237.18
PROD_00134,2025-November,15.0,18108.63
PROD_00121,2025-November,29.0,36505.0
PROD_00291,2024-January,19.0,16766.4
PROD_00229,2026-January,20.0,20337.88
PROD_00133,2026-January,18.0,43376.520000000004
PROD_00042,2024-March,9.0,16470.27
PROD_00238,2024-March,16.0,20813.48
PROD_00198,2024-March,6.0,5064.78
PROD_00081,2024-March,12.0,17431.35
PROD_00121,2023-June,8.0,10142.86
PROD_00041,2023-August,10.0,7000.639999999999
PROD_00164,2025-November,3.0,834.51
PROD_00153,2025-November,11.0,7198.879999999999
PROD_00259,2026-June,4.0,2396.2799999999997
PROD_00004,2024-May,11.0,24472.729999999996
PROD_00199,2024-March,6.0,2822.2200000000003
PROD_00042,2026-March,19.0,35174.369999999995
PROD_00205,2026-March,14.0,5696.29
PROD_00001,2025-May,4.0,5157.33
PROD_00187,2025-May,11.0,30254.739999999998
PROD_00101,2025-April,16.0,18724.32
PROD_00043,2025-April,8.0,10980.220000000001
PROD_00116,2025-April,6.0,7764.95
PROD_00126,2024-April,28.0,26704.34
PROD_00070,2024-April,6.0,18316.1
PROD_00164,2024-April,14.0,3786.0000000000005
PROD_00198,2026-April,13.0,11045.39
PROD_00265,2026-April,9.0,13902.689999999999
PROD_00219,2026-April,5.0,690.1600000000001
PROD_00086,2023-August,15.0,66315.02
PROD_00263,2026-July,8.0,1808.8400000000001
PROD_00197,2026-July,32.0,27629.07
PROD_00168,2026-July,4.0,3246.22
PROD_00233,2026-May,23.0,23945.04
PROD_00120,2026-May,14.0,6316.089999999999
PROD_00007,2026-May,11.0,14555.039999999999
PROD_00088,2024-December,10.0,1749.1399999999999
PROD_00039,2024-December,17.0,83387.07
PROD_00204,2024-December,5.0,40656.61
PROD_00185,2026-April,9.0,34119.75
PROD_00215,2026-April,5.0,11805.16
PROD_00040,2026-April,2.0,943.5
PROD_00081,2025-August,11.0,16122.21
PROD_00231,2025-August,2.0,5964.18
PROD_00211,2024-May,21.0,33032.57
PROD_00287,2024-May,7.0,8439.16
PROD_00263,2025-May,13.0,2944.7200000000003
PROD_00063,2025-May,12.0,10273.84
PROD_00289,2025-May,8.0,22089.49
PROD_00188,2025-May,9.0,2888.87
PROD_00167,2023-November,20.0,18309.829999999998
PROD_00169,2023-November,11.0,22653.46
PROD_00028,2025-January,4.0,1896.65
PROD_00091,2025-January,8.0,12196.11
PROD_00229,2025-January,10.0,10005.64
PROD_00236,2025-January,4.0,454.6
PROD_00123,2023-March,11.0,5126.7
PROD_00005,2023-March,13.0,27752.16
PROD_00205,2023-March,10.0,4125.66
PROD_00155,2024-February,14.0,82765.07
PROD_00254,2024-February,8.0,6438.299999999999
PROD_00010,2023-July,14.0,12876.37
PROD_00053,2023-June,5.0,21862.03
PROD_00212,2025-May,14.0,12308.84
PROD_00043,2025-May,3.0,4225.2300000000005
PROD_00046,2025-May,14.0,4500.24
PROD_00161,2025-May,8.0,3254.3999999999996
PROD_00206,2025-April,20.0,32860.09
PROD_00118,2024-July,12.0,6961.48
PROD_00009,2023-June,12.0,15681.09
PROD_00146,2023-June,12.0,3673.58
PROD_00172,2025-June,5.0,7669.94
PROD_00017,2025-January,24.0,43661.509999999995
PROD_00131,2023-July,4.0,3744.75
PROD_00126,2024-January,21.0,19835.6
PROD_00014,2024-January,11.0,3498.3599999999997
PROD_00093,2024-January,11.0,4802.1900000000005
PROD_00111,2026-May,20.0,19369.16
PROD_00247,2023-February,6.0,1455.92
PROD_00206,2023-July,17.0,27681.579999999998
PROD_00165,2023-July,8.0,8913.21
PROD_00015,2023-July,5.0,2516.55
PROD_00279,2023-July,10.0,6958.52
PROD_00165,2026-April,6.0,6854.38
PROD_00223,2026-April,31.0,71852.15
PROD_00046,2026-April,24.0,7839.670000000001
PROD_00227,2023-April,14.0,28736.81
PROD_00141,2023-April,16.0,26879.54
PROD_00170,2024-September,7.0,6265.32
PROD_00089,2024-September,12.0,12075.75
PROD_00090,2023-April,11.0,41052.950000000004
PROD_00064,2023-September,4.0,8912.34
PROD_00058,2023-September,10.0,796.88
PROD_00220,2023-September,16.0,31643.550000000003
PROD_00245,2024-November,24.0,3207.7599999999993
PROD_00062,2024-November,7.0,36137.55
PROD_00249,2025-April,19.0,30963.8
PROD_00238,2025-April,16.0,21397.4
PROD_00198,2025-April,4.0,3486.25
PROD_00137,2025-October,10.0,3110.7300000000005
PROD_00216,2023-January,10.0,6490.58
PROD_00172,2023-January,8.0,12316.71
PROD_00186,2023-April,10.0,4396.200000000001
PROD_00078,2023-April,11.0,893.6399999999999
PROD_00177,2026-April,8.0,3493.99
PROD_00117,2026-April,7.0,1475.2
PROD_00114,2023-October,3.0,2476.75
PROD_00124,2024-January,9.0,15391.420000000002
PROD_00236,2024-January,13.0,1535.9700000000003
PROD_00091,2026-February,14.0,20613.24
PROD_00276,2024-November,13.0,14624.73
PROD_00137,2024-December,16.0,4934.51
PROD_00002,2024-March,2.0,12640.42
PROD_00121,2024-March,6.0,7596.21
PROD_00118,2024-March,7.0,4043.41
PROD_00299,2024-August,18.0,3996.42
PROD_00028,2025-September,26.0,12014.91
PROD_00048,2024-August,18.0,24464.98
PROD_00145,2024-August,10.0,86004.1
PROD_00125,2024-January,2.0,906.11
PROD_00086,2023-November,8.0,34493.33
PROD_00045,2026-July,14.0,46683.12
PROD_00169,2024-April,5.0,10579.06
PROD_00244,2024-April,14.0,11222.019999999999
PROD_00269,2023-June,11.0,14864.64
PROD_00044,2023-June,17.0,18152.600000000002
PROD_00243,2023-June,17.0,1405.87
PROD_00236,2023-September,2.0,238.92000000000002
PROD_00017,2023-September,26.0,48394.12999999999
PROD_00080,2025-October,16.0,54468.71000000001
PROD_00016,2025-October,15.0,67134.84
PROD_00034,2025-January,1.0,421.72
PROD_00153,2025-January,11.0,7087.4
PROD_00210,2023-February,9.0,4349.08
PROD_00028,2024-September,8.0,3751.3900000000003
PROD_00206,2025-November,6.0,9677.46
PROD_00147,2025-November,18.0,18408.43
PROD_00286,2024-December,11.0,70827.11
PROD_00128,2023-December,4.0,4141.48
PROD_00226,2023-December,14.0,3163.02
PROD_00244,2023-August,2.0,1658.38
PROD_00009,2023-August,7.0,9355.16
PROD_00023,2025-July,17.0,2773.6800000000003
PROD_00070,2025-July,5.0,15070.45
PROD_00184,2025-April,10.0,53303.10999999999
PROD_00217,2025-April,8.0,2666.96
PROD_00015,2025-April,3.0,1550.49
PROD_00253,2025-October,6.0,6106.62
PROD_00248,2024-May,21.0,13963.560000000001
PROD_00258,2024-May,10.0,9359.97
PROD_00215,2026-March,11.0,26106.299999999996
PROD_00172,2025-August,16.0,24356.93
PROD_00171,2025-August,9.0,16761.41
PROD_00011,2023-November,1.0,1964.37
PROD_00001,2023-November,11.0,14018.51
PROD_00018,2024-January,4.0,11248.9
PROD_00172,2023-June,19.0,29253.579999999998
PROD_00288,2023-June,14.0,31737.4
PROD_00209,2023-June,8.0,45747.78
PROD_00119,2024-May,21.0,25150.010000000002
PROD_00002,2024-May,20.0,122154.57
PROD_00232,2025-April,12.0,18364.54
PROD_00095,2025-April,18.0,2523.23
PROD_00039,2025-April,11.0,53562.9
PROD_00158,2026-July,12.0,10462.67
PROD_00223,2026-July,16.0,37521.25
PROD_00061,2026-July,12.0,12689.3
PROD_00008,2026-July,12.0,39111.73
PROD_00232,2023-May,16.0,24189.119999999995
PROD_00235,2024-May,17.0,1940.01
PROD_00045,2025-February,11.0,37100.86
PROD_00103,2026-June,14.0,11123.77
PROD_00281,2026-June,8.0,5980.3099999999995
PROD_00282,2026-June,7.0,1067.34
PROD_00140,2025-December,23.0,18487.760000000002
PROD_00297,2025-December,2.0,2769.92
PROD_00118,2024-October,6.0,3449.5599999999995
PROD_00061,2024-October,4.0,4053.3
PROD_00199,2026-June,15.0,6748.52
PROD_00071,2026-January,5.0,5035.219999999999
PROD_00280,2026-January,24.0,3258.99
PROD_00246,2024-November,7.0,22169.82
PROD_00008,2024-November,23.0,75853.42000000001
PROD_00102,2024-November,8.0,16881.02
PROD_00285,2024-June,14.0,41954.82
PROD_00225,2024-June,11.0,25600.46
PROD_00051,2024-December,6.0,2044.71
PROD_00026,2024-December,3.0,7744.68
PROD_00210,2025-August,10.0,4766.6
PROD_00168,2024-March,10.0,8016.110000000001
PROD_00242,2024-March,1.0,1120.06
PROD_00126,2024-March,3.0,2837.82
PROD_00013,2024-March,16.0,7836.98
PROD_00275,2024-July,17.0,6612.570000000001
PROD_00095,2024-July,9.0,1251.11
PROD_00127,2023-February,23.0,31235.980000000003
PROD_00152,2024-May,17.0,16886.77
PROD_00224,2025-July,24.0,43064.810000000005
PROD_00151,2025-July,17.0,12252.439999999999
PROD_00038,2025-July,2.0,2698.8
PROD_00189,2026-April,27.0,55456.020000000004
PROD_00026,2026-April,8.0,19903.64
PROD_00119,2025-November,9.0,10851.279999999999
PROD_00065,2025-November,9.0,5414.24
PROD_00146,2023-January,11.0,3313.89
PROD_00291,2024-August,24.0,20839.67
PROD_00065,2025-October,17.0,10387.6
PROD_00239,2025-October,6.0,1912.74
PROD_00153,2025-October,3.0,1924.63
PROD_00245,2024-September,9.0,1172.34
PROD_00045,2024-September,20.0,65849.68
PROD_00130,2026-February,13.0,4366.7
PROD_00266,2024-March,11.0,6309.65
PROD_00186,2024-March,7.0,2922.6899999999996
PROD_00073,2024-January,15.0,5365.57
PROD_00230,2026-July,18.0,15415.57
PROD_00114,2026-July,12.0,9887.87
PROD_00110,2024-June,13.0,5394.789999999999
PROD_00289,2025-April,17.0,49012.990000000005
PROD_00157,2025-September,5.0,15787.07
PROD_00247,2025-September,2.0,472.26
PROD_00234,2026-April,26.0,19056.800000000003
PROD_00103,2026-April,18.0,14895.83
PROD_00148,2025-March,28.0,22286.920000000002
PROD_00213,2025-March,15.0,14743.359999999999
PROD_00295,2025-March,21.0,28299.68
PROD_00008,2023-December,13.0,41703.55
PROD_00251,2023-December,22.0,26735.98
PROD_00123,2023-February,12.0,5544.99
PROD_00297,2023-February,3.0,4135.639999999999
PROD_00216,2025-March,10.0,6532.5
PROD_00161,2025-March,15.0,6106.179999999999
PROD_00004,2024-February,8.0,17541.26
PROD_00260,2024-October,19.0,21603.920000000002
PROD_00083,2024-October,12.0,15377.48
PROD_00211,2023-May,15.0,23843.5
PROD_00043,2023-May,12.0,15627.619999999999
PROD_00227,2023-May,14.0,28545.04
PROD_00060,2023-May,12.0,31652.1
PROD_00183,2024-October,22.0,268094.31000000006
PROD_00199,2026-February,15.0,6869.18
PROD_00069,2025-April,14.0,21526.09
PROD_00116,2025-June,12.0,15266.55
PROD_00114,2025-June,17.0,13982.490000000002
PROD_00300,2023-October,15.0,8390.51
PROD_00077,2023-September,16.0,14530.560000000001
PROD_00221,2025-December,12.0,16886.55
PROD_00158,2025-December,4.0,3446.44
PROD_00229,2024-January,24.0,22935.12
PROD_00117,2024-January,15.0,3209.11
PROD_00116,2024-November,12.0,15142.119999999999
PROD_00197,2024-November,7.0,6089.92
PROD_00062,2023-January,5.0,24760.71
PROD_00217,2023-January,12.0,3951.94
PROD_00068,2025-November,6.0,2657.06
PROD_00215,2026-June,19.0,45081.85
PROD_00212,2024-October,11.0,9735.1
PROD_00195,2025-October,11.0,6883.77
PROD_00259,2025-October,11.0,6816.74
PROD_00089,2025-June,18.0,18573.4
PROD_00193,2025-June,11.0,9609.15
PROD_00245,2024-October,6.0,784.2099999999999
PROD_00114,2024-October,10.0,8489.89
PROD_00236,2024-October,10.0,1151.34
PROD_00294,2024-September,11.0,130013.45999999999
PROD_00164,2024-September,15.0,4221.97
PROD_00094,2023-September,13.0,26178.71
PROD_00181,2026-May,16.0,40656.2
PROD_00228,2026-May,7.0,32418.190000000002
PROD_00009,2026-May,22.0,29035.440000000002
PROD_00189,2025-October,5.0,10509.64
PROD_00132,2024-July,6.0,912.25
PROD_00260,2024-July,7.0,7792.32
PROD_00083,2024-July,7.0,9361.48
PROD_00149,2026-May,12.0,12616.98
PROD_00070,2026-May,7.0,20966.440000000002
PROD_00058,2025-February,16.0,1284.05
PROD_00255,2025-February,14.0,29553.100000000002
PROD_00261,2025-February,13.0,81851.66
PROD_00156,2026-April,9.0,1333.96
PROD_00241,2023-February,8.0,7104.67
PROD_00206,2023-February,6.0,9464.21
PROD_00260,2024-January,2.0,2200.58
PROD_00204,2024-January,13.0,104219.59
PROD_00179,2024-April,10.0,18628.260000000002
PROD_00199,2025-October,13.0,5840.37
PROD_00107,2025-October,11.0,6000.320000000001
PROD_00264,2024-December,13.0,19512.82
PROD_00298,2023-October,2.0,7232.98
PROD_00044,2025-October,3.0,3299.0299999999997
PROD_00262,2025-October,8.0,6202.75
PROD_00111,2024-January,9.0,8719.66
PROD_00024,2024-January,11.0,9579.99
PROD_00288,2024-January,2.0,4540.47
PROD_00199,2025-July,9.0,3957.52
PROD_00034,2025-July,12.0,5234.76
PROD_00125,2025-July,15.0,6863.360000000001
PROD_00287,2024-March,22.0,27618.859999999997
PROD_00128,2024-March,10.0,10736.16
PROD_00125,2024-August,10.0,4441.46
PROD_00215,2024-August,12.0,27480.579999999998
PROD_00180,2024-August,5.0,2495.05
PROD_00237,2026-April,14.0,4437.17
PROD_00291,2025-May,9.0,8072.5199999999995
PROD_00109,2025-May,2.0,4170.8
PROD_00198,2023-October,21.0,17971.489999999998
PROD_00022,2023-April,10.0,2232.99
PROD_00052,2023-April,10.0,28473.199999999997
PROD_00113,2023-April,15.0,814.34
PROD_00187,2026-January,17.0,46482.88999999999
PROD_00258,2026-January,16.0,15252.02
PROD_00132,2026-January,8.0,1242.52
PROD_00188,2025-October,5.0,1689.9099999999999
PROD_00200,2026-January,14.0,8848.820000000002
PROD_00152,2026-January,4.0,4153.900000000001
PROD_00191,2026-January,7.0,9883.55
PROD_00068,2023-July,12.0,5233.41
PROD_00269,2025-December,25.0,33133.03
PROD_00236,2025-December,7.0,810.39
PROD_00032,2023-April,6.0,7102.799999999999
PROD_00226,2025-June,7.0,1612.6800000000003
PROD_00176,2026-January,25.0,27656.61
PROD_00022,2023-June,2.0,457.46
PROD_00181,2026-June,12.0,30454.18
PROD_00216,2026-June,6.0,3947.72
PROD_00141,2024-February,5.0,8221.5
PROD_00227,2026-April,5.0,10495.3
PROD_00071,2026-April,15.0,15232.53
PROD_00276,2023-March,14.0,15615.009999999998
PROD_00139,2023-March,7.0,216.95
PROD_00190,2023-April,8.0,7239.849999999999
PROD_00063,2023-April,11.0,9166.7
PROD_00037,2023-April,12.0,104163.99
PROD_00188,2023-March,5.0,1693.28
PROD_00047,2023-March,14.0,23155.33
PROD_00225,2025-February,17.0,39250.1
PROD_00291,2023-February,17.0,14985.4
PROD_00178,2023-February,13.0,10845.199999999999
PROD_00117,2025-December,14.0,2963.41
PROD_00263,2024-March,10.0,2279.2
PROD_00038,2024-March,12.0,16916.579999999998
PROD_00222,2026-February,14.0,23092.36
PROD_00255,2026-July,10.0,21685.949999999997
PROD_00185,2023-August,15.0,56052.16
PROD_00111,2023-August,10.0,9598.439999999999
PROD_00185,2024-May,12.0,43849.759999999995
PROD_00284,2024-May,23.0,11498.76
PROD_00166,2024-May,5.0,2471.34
PROD_00057,2024-May,19.0,4075.29
PROD_00173,2026-March,10.0,484.71000000000004
PROD_00269,2025-April,4.0,5340.96
PROD_00166,2023-April,12.0,6033.26
PROD_00242,2023-April,19.0,21421.870000000003
PROD_00111,2023-April,12.0,11774.22
PROD_00036,2024-April,14.0,51399.770000000004
PROD_00200,2024-April,7.0,4490.23
PROD_00174,2024-April,15.0,6466.08
PROD_00082,2024-January,19.0,29021.86
PROD_00252,2023-April,8.0,46422.34
PROD_00141,2024-April,3.0,5060.6900000000005
PROD_00063,2025-October,4.0,3326.79
PROD_00106,2025-October,17.0,8865.02
PROD_00275,2023-April,19.0,7342.260000000001
PROD_00230,2023-April,21.0,18242.33
PROD_00293,2023-April,8.0,9509.279999999999
PROD_00186,2026-June,4.0,1694.6
PROD_00140,2026-February,9.0,7253.249999999999
PROD_00292,2026-April,9.0,16719.21
PROD_00145,2026-April,2.0,17331.870000000003
PROD_00258,2023-June,11.0,10424.68
PROD_00178,2024-October,12.0,9921.78
PROD_00159,2023-January,6.0,5253.34
PROD_00046,2023-January,18.0,5690.62
PROD_00076,2023-January,9.0,7264.01
PROD_00298,2023-January,10.0,36621.82
PROD_00251,2025-June,25.0,30554.65
PROD_00288,2025-June,15.0,34350.729999999996
PROD_00182,2025-June,9.0,507.89
PROD_00034,2026-June,12.0,5273.599999999999
PROD_00217,2026-June,26.0,8598.85
PROD_00208,2024-November,23.0,12138.189999999999
PROD_00292,2024-November,10.0,18626.86
PROD_00024,2025-September,8.0,7144.25
PROD_00041,2023-July,26.0,18505.53
PROD_00097,2024-July,20.0,103872.52
PROD_00220,2024-April,11.0,21575.510000000002
PROD_00165,2025-July,9.0,9966.380000000001
PROD_00244,2023-May,4.0,3228.24
PROD_00195,2023-April,9.0,5876.09
PROD_00061,2023-April,11.0,11251.77
PROD_00267,2023-April,11.0,8073.77
PROD_00021,2023-September,8.0,63052.72
PROD_00260,2023-September,25.0,28427.920000000002
PROD_00020,2023-September,12.0,10247.970000000001
PROD_00092,2023-September,37.0,40667.75
PROD_00014,2025-June,23.0,7401.160000000001
PROD_00048,2025-June,2.0,2696.13
PROD_00095,2025-June,9.0,1249.87
PROD_00283,2023-August,2.0,1056.82
PROD_00269,2023-August,18.0,24088.78
PROD_00217,2023-August,7.0,2298.41
PROD_00283,2024-March,4.0,2143.63
PROD_00167,2024-March,7.0,6178.91
PROD_00125,2024-March,17.0,7698.71
PROD_00059,2026-February,6.0,13364.519999999999
PROD_00101,2023-March,14.0,16173.599999999999
PROD_00037,2023-March,2.0,18036.36
PROD_00195,2023-March,14.0,8828.130000000001
PROD_00245,2026-May,7.0,929.63
PROD_00234,2026-January,3.0,2252.41
PROD_00082,2025-July,9.0,13957.869999999999
PROD_00265,2023-June,6.0,9106.78
PROD_00082,2023-June,5.0,7763.79
PROD_00118,2026-April,9.0,5343.35
PROD_00228,2026-April,16.0,76563.92000000001
PROD_00093,2026-April,19.0,8301.47
PROD_00299,2026-April,12.0,2603.5299999999997
PROD_00096,2024-July,8.0,21604.23
PROD_00101,2024-July,12.0,13719.41
PROD_00079,2024-July,4.0,5514.32
PROD_00002,2024-April,7.0,42933.03999999999
PROD_00061,2024-April,5.0,5176.0599999999995
PROD_00212,2025-January,7.0,6284.0
PROD_00240,2024-May,16.0,6553.259999999999
PROD_00146,2024-May,32.0,9445.189999999999
PROD_00027,2024-September,8.0,10715.16
PROD_00282,2024-March,20.0,2973.1299999999997
PROD_00143,2024-March,13.0,6914.7300000000005
PROD_00132,2024-March,7.0,1032.57
PROD_00003,2025-August,16.0,24067.260000000002
PROD_00146,2025-August,14.0,4180.44
PROD_00073,2025-August,8.0,2924.66
PROD_00159,2026-August,11.0,9693.36
PROD_00266,2024-April,17.0,9652.080000000002
PROD_00075,2023-June,9.0,13210.490000000002
PROD_00254,2024-June,28.0,22223.699999999997
PROD_00251,2025-January,10.0,11724.36
PROD_00131,2025-September,21.0,20092.04
PROD_00066,2025-September,13.0,4215.219999999999
PROD_00280,2025-September,10.0,1329.79
PROD_00012,2024-April,8.0,4323.85
PROD_00160,2024-April,3.0,8863.26
PROD_00122,2024-April,10.0,2052.3199999999997
PROD_00189,2025-May,1.0,2085.0
PROD_00255,2025-May,13.0,27650.67
PROD_00202,2025-June,16.0,26867.38
PROD_00224,2024-December,4.0,7062.82
PROD_00259,2024-December,6.0,3781.4199999999996
PROD_00078,2024-June,4.0,315.49
PROD_00191,2024-June,19.0,27282.770000000004
PROD_00121,2024-May,16.0,20135.130000000005
PROD_00107,2023-July,6.0,3137.16
PROD_00174,2023-July,7.0,3054.63
PROD_00152,2024-February,15.0,14969.58
PROD_00077,2026-March,4.0,3760.87
PROD_00031,2026-January,6.0,9011.42
PROD_00289,2023-October,12.0,34739.47
PROD_00148,2023-October,7.0,5865.32
PROD_00008,2023-October,7.0,22894.9
PROD_00258,2024-October,15.0,14387.050000000001
PROD_00292,2024-October,9.0,16745.06
PROD_00150,2025-September,13.0,20443.219999999998
PROD_00117,2025-September,18.0,3807.04
PROD_00074,2023-October,13.0,19611.550000000003
PROD_00049,2023-October,15.0,15154.42
PROD_00107,2024-July,9.0,4784.320000000001
PROD_00092,2024-July,10.0,10795.43
PROD_00085,2023-January,6.0,4281.320000000001
PROD_00299,2023-January,16.0,3530.38
PROD_00168,2023-January,16.0,12922.01
PROD_00283,2026-August,5.0,2673.67
PROD_00134,2026-August,3.0,3534.8999999999996
PROD_00210,2023-November,15.0,7219.79
PROD_00039,2023-November,21.0,100677.34999999999
PROD_00206,2026-April,4.0,6418.1900000000005
PROD_00156,2023-August,13.0,1956.0900000000001
PROD_00051,2024-August,32.0,10911.409999999998
PROD_00054,2024-August,7.0,40393.06
PROD_00208,2023-May,10.0,5185.12
PROD_00113,2023-May,11.0,605.16
PROD_00087,2023-May,9.0,67358.28
PROD_00190,2025-July,8.0,7338.83
PROD_00244,2025-July,3.0,2352.15
PROD_00285,2025-July,7.0,20647.7
PROD_00142,2024-June,6.0,11413.619999999999
PROD_00134,2024-June,13.0,15365.88
PROD_00015,2026-March,7.0,3580.25
PROD_00294,2026-February,12.0,143485.51
PROD_00015,2026-February,7.0,3608.6200000000003
PROD_00192,2023-February,8.0,10555.06
PROD_00126,2023-February,14.0,13004.8
PROD_00257,2024-April,13.0,30068.539999999997
PROD_00107,2023-January,8.0,4281.63
PROD_00111,2023-January,8.0,7752.26
PROD_00187,2023-January,14.0,38664.69
PROD_00080,2026-April,12.0,41461.7
PROD_00194,2025-January,17.0,6954.05
PROD_00162,2024-April,6.0,27634.43
PROD_00003,2024-April,7.0,10616.64
PROD_00158,2024-March,6.0,5258.25
PROD_00250,2026-May,16.0,38449.85
PROD_00092,2024-August,6.0,6652.66
PROD_00292,2024-August,10.0,19181.0
PROD_00003,2023-February,15.0,22978.33
PROD_00240,2023-February,7.0,2781.0299999999997
PROD_00165,2023-February,5.0,5743.169999999999
PROD_00162,2023-July,13.0,61364.41
PROD_00250,2024-December,8.0,19520.35
PROD_00047,2023-August,12.0,19920.27
PROD_00060,2023-August,18.0,48248.08
PROD_00137,2026-January,22.0,6948.28
PROD_00170,2026-January,10.0,8807.54
PROD_00164,2023-June,8.0,2207.19
PROD_00104,2023-June,15.0,48704.649999999994
PROD_00026,2026-February,7.0,17427.41
PROD_00045,2023-June,4.0,13999.619999999999
PROD_00212,2023-June,12.0,10765.99
PROD_00271,2023-June,3.0,1352.4
PROD_00072,2024-May,4.0,2331.34
PROD_00103,2024-October,6.0,4906.74
PROD_00176,2024-October,24.0,26801.51
PROD_00079,2026-February,26.0,36854.05
PROD_00062,2026-February,16.0,79205.57999999999
PROD_00010,2023-March,1.0,916.44
PROD_00252,2023-March,13.0,76350.91
PROD_00257,2024-November,6.0,14455.0
PROD_00218,2024-November,10.0,23803.899999999998
PROD_00187,2024-November,1.0,2652.34
PROD_00121,2026-July,18.0,22578.36
PROD_00126,2026-July,14.0,13709.64
PROD_00235,2026-July,6.0,711.8699999999999
PROD_00173,2025-July,8.0,385.0
PROD_00150,2025-July,21.0,32573.489999999998
PROD_00250,2025-July,17.0,41055.92
PROD_00006,2023-July,20.0,20996.98
PROD_00080,2026-July,27.0,93222.65000000001
PROD_00279,2026-July,23.0,16056.230000000001
PROD_00252,2026-July,14.0,80014.56
PROD_00187,2024-February,6.0,16996.67
PROD_00250,2024-February,9.0,21742.769999999997
PROD_00225,2026-June,2.0,4695.780000000001
PROD_00008,2024-July,3.0,10098.67
PROD_00139,2024-October,7.0,213.12
PROD_00151,2024-October,14.0,10352.12
PROD_00244,2025-August,43.0,34752.08000000001
PROD_00033,2025-August,15.0,29237.92
PROD_00128,2024-December,24.0,25573.36
PROD_00092,2024-December,21.0,22698.550000000003
PROD_00268,2024-March,28.0,44687.159999999996
PROD_00032,2024-March,12.0,14460.11
PROD_00035,2024-March,24.0,26758.78
PROD_00293,2024-January,15.0,17681.19
PROD_00130,2024-January,7.0,2448.79
PROD_00122,2024-January,11.0,2328.79
PROD_00295,2024-January,8.0,10813.619999999999
PROD_00110,2024-August,11.0,4630.16
PROD_00016,2024-March,12.0,52071.56
PROD_00006,2024-March,3.0,3086.69
PROD_00073,2024-October,10.0,3686.99
PROD_00263,2024-October,11.0,2535.4199999999996
PROD_00109,2023-April,13.0,26496.519999999997
PROD_00004,2023-August,2.0,4360.0
PROD_00117,2023-August,16.0,3359.0699999999993
PROD_00176,2023-August,12.0,13153.130000000001
PROD_00056,2026-May,12.0,3658.05
PROD_00158,2024-April,10.0,8732.43
PROD_00067,2023-February,16.0,18904.15
PROD_00054,2023-February,5.0,27829.89
PROD_00014,2024-September,7.0,2246.58
PROD_00015,2024-September,11.0,5616.860000000001
PROD_00013,2026-May,12.0,5815.18
PROD_00261,2025-September,4.0,25873.93
PROD_00048,2025-September,18.0,25033.280000000002
PROD_00034,2026-January,14.0,6067.58
PROD_00002,2026-January,22.0,132825.47999999998
PROD_00007,2026-January,8.0,10604.740000000002
PROD_00246,2026-March,14.0,44090.51
PROD_00079,2026-March,7.0,9392.73
PROD_00012,2023-May,25.0,13311.119999999999
PROD_00242,2024-February,19.0,21450.919999999995
PROD_00135,2024-February,7.0,3788.0600000000004
PROD_00139,2025-June,9.0,279.89
PROD_00037,2025-June,13.0,113282.20000000001
PROD_00237,2025-June,7.0,2173.5299999999997
PROD_00072,2023-November,4.0,2318.9700000000003
PROD_00194,2024-September,6.0,2497.82
PROD_00298,2023-July,6.0,21308.52
PROD_00095,2023-July,9.0,1268.9099999999999
PROD_00086,2023-July,2.0,9062.06
PROD_00038,2023-November,10.0,13899.279999999999
PROD_00012,2025-December,21.0,11336.06
PROD_00090,2025-December,21.0,78925.85
PROD_00122,2025-December,8.0,1682.0900000000001
PROD_00211,2025-December,4.0,6081.08
PROD_00128,2024-November,11.0,11480.73
PROD_00087,2025-December,14.0,102623.72
PROD_00046,2025-December,8.0,2557.7799999999997
PROD_00246,2023-August,8.0,25774.760000000002
PROD_00040,2023-August,14.0,6606.9
PROD_00085,2024-October,9.0,6267.63
PROD_00249,2024-January,16.0,26054.75
PROD_00247,2024-August,9.0,2226.77
PROD_00026,2023-April,9.0,22812.449999999997
PROD_00049,2023-April,11.0,10854.779999999999
PROD_00226,2023-April,13.0,2977.74
PROD_00207,2023-April,17.0,98776.98000000001
PROD_00209,2025-August,8.0,44883.76
PROD_00286,2023-February,4.0,25447.15
PROD_00112,2023-February,14.0,9330.65
PROD_00168,2025-August,18.0,14664.25
PROD_00109,2025-August,9.0,17976.309999999998
PROD_00022,2024-November,12.0,2756.8599999999997
PROD_00090,2025-January,13.0,49909.51
PROD_00014,2025-January,3.0,964.11
PROD_00138,2025-May,1.0,355.89
PROD_00149,2023-June,14.0,14517.5
PROD_00039,2023-June,7.0,32848.490000000005
PROD_00091,2023-June,21.0,30657.629999999997
PROD_00065,2023-May,18.0,10727.69
PROD_00270,2023-May,6.0,13055.58
PROD_00149,2024-August,12.0,12218.759999999998
PROD_00054,2024-January,10.0,58234.65
PROD_00213,2023-April,13.0,12767.62
PROD_00131,2023-April,11.0,10147.76
PROD_00228,2023-April,21.0,100990.82
PROD_00078,2026-June,10.0,834.72
PROD_00300,2026-June,10.0,5718.41
PROD_00073,2023-October,6.0,2186.64
PROD_00290,2024-November,10.0,983.8199999999999
PROD_00277,2023-June,2.0,1849.54
PROD_00284,2023-June,20.0,10070.57
PROD_00056,2025-October,23.0,7168.450000000001
PROD_00013,2025-October,24.0,11965.150000000001
PROD_00109,2025-October,4.0,8238.08
PROD_00081,2023-November,12.0,17552.62
PROD_00249,2023-June,35.0,56254.26
PROD_00113,2023-June,17.0,915.95
PROD_00071,2023-June,12.0,12192.75
PROD_00147,2023-June,20.0,19916.36
PROD_00043,2024-October,8.0,10555.79
PROD_00191,2024-October,9.0,12734.900000000001
PROD_00085,2024-January,12.0,8478.05
PROD_00003,2024-January,7.0,10732.06
PROD_00187,2026-June,11.0,30239.57
PROD_00165,2026-June,16.0,18165.760000000002
PROD_00294,2024-June,4.0,44425.88
PROD_00082,2024-June,5.0,7719.04
PROD_00180,2024-June,3.0,1482.69
PROD_00041,2024-June,9.0,6229.65
PROD_00174,2025-December,12.0,5187.02
PROD_00277,2023-July,13.0,12276.89
PROD_00100,2024-August,4.0,2342.34
PROD_00300,2023-May,6.0,3458.62
PROD_00059,2025-June,11.0,24429.58
PROD_00222,2025-June,9.0,14668.21
PROD_00067,2023-November,5.0,6012.75
PROD_00239,2025-January,10.0,3242.05
PROD_00107,2025-January,3.0,1583.8600000000001
PROD_00162,2024-July,12.0,55975.85
PROD_00038,2024-July,2.0,2891.15
PROD_00093,2024-July,8.0,3528.34
PROD_00164,2024-May,16.0,4448.38
PROD_00039,2024-November,7.0,32735.199999999997
PROD_00220,2026-April,9.0,17264.65
PROD_00019,2026-April,12.0,17727.51
PROD_00022,2023-May,18.0,4009.5099999999998
PROD_00075,2023-May,12.0,17397.870000000003
PROD_00159,2023-May,2.0,1771.23
PROD_00240,2023-July,12.0,4799.9800000000005
PROD_00213,2024-December,8.0,8154.66
PROD_00100,2025-September,12.0,6987.57
PROD_00250,2025-September,8.0,18885.440000000002
PROD_00023,2026-February,22.0,3557.33
PROD_00120,2025-October,7.0,3214.4800000000005
PROD_00248,2025-October,11.0,7340.5199999999995
PROD_00166,2023-March,13.0,6551.67
PROD_00207,2023-March,14.0,79547.24
PROD_00285,2024-September,12.0,36332.46000000001
PROD_00009,2024-September,16.0,20542.04
PROD_00126,2024-September,23.0,21659.33
PROD_00123,2024-September,26.0,12005.119999999999
PROD_00131,2026-March,6.0,5696.58
PROD_00027,2026-March,11.0,15169.13
PROD_00238,2026-May,20.0,26129.280000000002
PROD_00148,2026-May,15.0,12185.570000000002
PROD_00129,2024-March,13.0,132994.24
PROD_00259,2024-March,6.0,3658.0
PROD_00034,2023-September,10.0,4294.14
PROD_00254,2025-December,18.0,14641.77
PROD_00164,2024-August,4.0,1099.79
PROD_00128,2024-August,13.0,13579.86
PROD_00286,2025-November,13.0,84851.74
PROD_00228,2025-November,17.0,82243.33
PROD_00157,2025-February,15.0,47962.61
PROD_00101,2025-February,9.0,10352.23
PROD_00060,2025-February,6.0,16089.920000000002
PROD_00279,2025-February,6.0,4132.23
PROD_00073,2025-February,8.0,2859.02
PROD_00210,2025-October,13.0,6323.080000000001
PROD_00268,2025-October,8.0,12967.0
PROD_00284,2023-May,11.0,5515.71
PROD_00048,2024-September,25.0,34700.68
PROD_00166,2024-September,18.0,8908.16
PROD_00010,2026-January,14.0,12856.2
PROD_00230,2026-January,10.0,8610.7
PROD_00156,2025-April,22.0,3261.93
PROD_00005,2025-March,6.0,13071.369999999999
PROD_00159,2025-March,2.0,1802.36
PROD_00233,2023-April,9.0,9561.05
PROD_00183,2023-April,14.0,163379.41
PROD_00272,2023-March,7.0,13513.439999999999
PROD_00061,2023-March,15.0,14817.969999999998
PROD_00184,2023-March,12.0,64684.55
PROD_00079,2025-November,4.0,5545.05
PROD_00163,2025-May,8.0,56579.27
PROD_00036,2025-May,1.0,3551.92
PROD_00027,2025-March,7.0,9519.35
PROD_00152,2025-March,8.0,8181.91
PROD_00011,2023-September,20.0,39623.27
PROD_00207,2023-September,12.0,68343.56
PROD_00202,2023-September,14.0,23537.27
PROD_00228,2023-September,12.0,56795.5
PROD_00237,2024-March,3.0,935.2
PROD_00040,2024-March,16.0,7332.16
PROD_00002,2026-February,6.0,36310.86
PROD_00195,2024-June,10.0,6293.91
PROD_00124,2025-December,8.0,13910.59
PROD_00272,2024-July,32.0,62360.70000000001
PROD_00202,2025-October,9.0,14874.7
PROD_00118,2025-October,6.0,3458.63
PROD_00258,2025-October,9.0,8363.04
PROD_00205,2026-April,9.0,3678.25
PROD_00178,2026-April,23.0,19060.6
PROD_00077,2026-April,19.0,18085.57
PROD_00245,2026-April,14.0,1862.3600000000001
PROD_00138,2026-April,11.0,3946.6299999999997
PROD_00242,2026-May,11.0,12013.99
PROD_00130,2026-May,9.0,3086.2700000000004
PROD_00181,2024-December,9.0,22813.359999999997
PROD_00011,2026-July,12.0,23709.73
PROD_00237,2026-January,8.0,2482.88
PROD_00043,2024-December,10.0,13099.240000000002
PROD_00277,2024-December,12.0,11443.1
PROD_00055,2023-March,17.0,10412.8
PROD_00099,2023-March,13.0,6195.23
PROD_00094,2023-November,3.0,6051.47
PROD_00181,2023-November,22.0,56222.53
PROD_00294,2023-November,14.0,163517.91999999998
PROD_00052,2024-June,7.0,21297.27
PROD_00130,2024-May,15.0,5171.37
PROD_00007,2024-May,15.0,20498.969999999998
PROD_00110,2024-April,14.0,5710.700000000001
PROD_00081,2026-April,14.0,21193.17
PROD_00036,2026-April,25.0,92050.1
PROD_00197,2025-April,18.0,15705.41
PROD_00102,2025-April,22.0,46911.32
PROD_00141,2025-April,27.0,45132.51
PROD_00073,2024-December,16.0,5765.34
PROD_00229,2024-December,13.0,12871.740000000002
PROD_00018,2023-April,5.0,13703.19
PROD_00178,2024-December,20.0,16540.39
PROD_00027,2024-February,7.0,9332.390000000001
PROD_00095,2024-February,24.0,3449.5299999999997
PROD_00081,2024-February,15.0,22334.71
PROD_00278,2025-March,5.0,10495.259999999998
PROD_00080,2025-March,2.0,7099.12
PROD_00114,2025-March,13.0,10718.31
PROD_00041,2025-December,11.0,7537.619999999999
PROD_00264,2025-November,7.0,10649.75
PROD_00093,2026-June,16.0,7007.9800000000005
PROD_00132,2023-December,19.0,2910.7200000000003
PROD_00137,2025-June,5.0,1560.1
PROD_00162,2025-June,17.0,80736.39
PROD_00204,2024-February,6.0,47573.35
PROD_00272,2024-February,8.0,15368.89
PROD_00173,2024-August,4.0,200.2
PROD_00166,2024-December,22.0,11192.08
PROD_00067,2025-May,11.0,13406.6
PROD_00154,2025-September,10.0,31845.81
PROD_00038,2025-February,9.0,12407.61
PROD_00018,2025-February,15.0,42239.520000000004
PROD_00210,2025-February,18.0,8782.9
PROD_00116,2025-February,10.0,12183.14
PROD_00107,2023-November,10.0,5247.64
PROD_00139,2023-November,21.0,632.5400000000001
PROD_00290,2025-January,13.0,1249.17
PROD_00293,2023-October,9.0,10674.53
PROD_00294,2023-October,14.0,166262.57
PROD_00107,2023-October,7.0,3803.3999999999996
PROD_00129,2024-February,12.0,125816.83
PROD_00060,2024-February,4.0,10398.58
PROD_00123,2023-September,21.0,9690.1
PROD_00254,2023-September,13.0,10434.59
PROD_00016,2025-July,7.0,29780.190000000002
PROD_00154,2025-July,18.0,55190.659999999996
PROD_00178,2025-July,7.0,5936.65
PROD_00005,2023-January,3.0,6603.39
PROD_00060,2023-January,28.0,73436.87
PROD_00028,2026-June,14.0,6505.1900000000005
PROD_00069,2025-June,6.0,9612.15
PROD_00292,2025-September,20.0,38347.12
PROD_00082,2024-March,8.0,12352.84
PROD_00111,2023-February,4.0,3773.0099999999998
PROD_00064,2023-February,17.0,37338.83
PROD_00163,2024-August,28.0,190969.19
PROD_00124,2023-July,11.0,19072.18
PROD_00111,2025-January,12.0,11734.750000000002
PROD_00001,2025-January,19.0,25311.909999999996
PROD_00265,2023-September,7.0,10632.79
PROD_00116,2023-September,12.0,15675.29
PROD_00065,2023-September,1.0,592.23
PROD_00088,2024-October,10.0,1761.03
PROD_00141,2025-January,19.0,31683.260000000002
PROD_00250,2023-September,5.0,12437.22
PROD_00079,2023-September,9.0,12344.67
PROD_00045,2023-September,8.0,27539.86
PROD_00115,2025-March,17.0,14843.79
PROD_00024,2025-March,1.0,879.11
PROD_00243,2024-August,10.0,818.28
PROD_00085,2024-August,9.0,6270.77
PROD_00264,2024-August,12.0,18386.33
PROD_00069,2023-March,15.0,23273.04
PROD_00281,2023-October,9.0,6666.68
PROD_00090,2023-October,21.0,79401.62000000001
PROD_00247,2023-October,16.0,3867.29
PROD_00267,2025-December,11.0,8363.92
PROD_00244,2025-December,15.0,11761.310000000001
PROD_00121,2025-December,5.0,6405.93
PROD_00170,2026-April,9.0,8241.6
PROD_00214,2026-April,8.0,10850.09
PROD_00111,2026-June,13.0,12438.92
PROD_00157,2023-May,3.0,9612.86
PROD_00014,2026-May,12.0,3873.26
PROD_00271,2026-May,21.0,9092.43
PROD_00120,2024-April,11.0,4891.21
PROD_00212,2024-April,12.0,10621.380000000001
PROD_00218,2026-March,16.0,37121.6
PROD_00289,2026-March,7.0,19615.9
PROD_00094,2024-July,10.0,19749.780000000002
PROD_00207,2026-July,4.0,22888.230000000003
PROD_00139,2026-July,7.0,215.69000000000003
PROD_00270,2023-July,9.0,18894.940000000002
PROD_00145,2023-July,2.0,16113.18
PROD_00222,2026-July,9.0,14658.75
PROD_00020,2024-August,6.0,4950.66
PROD_00056,2024-August,12.0,3743.55
PROD_00267,2024-August,5.0,3797.26
PROD_00021,2024-August,1.0,8061.52
PROD_00097,2023-February,9.0,46727.65
PROD_00227,2025-December,12.0,25513.56
PROD_00221,2026-February,14.0,19819.399999999998
PROD_00036,2026-February,14.0,52209.520000000004
PROD_00096,2026-February,10.0,26717.15
PROD_00259,2023-December,14.0,8504.18
PROD_00063,2023-December,2.0,1633.98
PROD_00112,2023-December,9.0,6028.02
PROD_00129,2025-September,17.0,177094.97
PROD_00144,2025-September,36.0,19585.809999999998
PROD_00255,2025-September,14.0,30162.93
PROD_00178,2025-September,16.0,13598.93
PROD_00115,2023-September,9.0,8011.68
PROD_00267,2023-September,17.0,12881.26
PROD_00205,2026-May,7.0,2834.21
PROD_00047,2026-July,9.0,14589.619999999999
PROD_00028,2026-July,23.0,10583.76
PROD_00299,2023-November,10.0,2188.0
PROD_00204,2026-April,8.0,63014.36
PROD_00012,2026-April,5.0,2796.28
PROD_00011,2026-April,9.0,18022.16
PROD_00213,2026-April,5.0,4849.150000000001
PROD_00047,2025-November,4.0,6587.6
PROD_00179,2025-November,3.0,5699.04
PROD_00283,2023-February,11.0,5793.18
PROD_00058,2025-October,1.0,79.55
PROD_00093,2025-September,2.0,871.12
PROD_00068,2024-April,3.0,1301.25
PROD_00192,2023-January,13.0,16783.98
PROD_00239,2023-August,24.0,7600.79
PROD_00267,2024-October,7.0,5280.6900000000005
PROD_00090,2024-October,29.0,109197.69
PROD_00138,2024-October,12.0,4326.4
PROD_00208,2024-October,4.0,2062.56
PROD_00251,2023-November,8.0,9485.43
PROD_00194,2025-November,14.0,5807.97
PROD_00252,2025-December,12.0,69849.05
PROD_00230,2025-December,20.0,17431.94
PROD_00283,2025-December,9.0,4934.77
PROD_00163,2024-June,1.0,7124.86
PROD_00058,2024-June,12.0,968.34
PROD_00142,2025-June,8.0,15035.92
PROD_00249,2025-June,6.0,9610.939999999999
PROD_00180,2023-April,10.0,4922.16
PROD_00150,2025-January,13.0,20012.24
PROD_00292,2023-June,9.0,17188.89
PROD_00264,2023-June,2.0,3080.94
PROD_00222,2024-August,15.0,23451.44
PROD_00158,2024-August,23.0,20234.88
PROD_00131,2024-August,19.0,17949.64
PROD_00071,2024-August,6.0,6008.88
PROD_00216,2026-January,13.0,8611.73
PROD_00144,2026-January,9.0,4756.04
PROD_00036,2026-January,3.0,11022.82
PROD_00262,2024-June,20.0,15780.25
PROD_00125,2025-January,10.0,4560.34
PROD_00092,2025-January,6.0,6512.59
PROD_00097,2023-April,11.0,57863.659999999996
PROD_00269,2023-April,11.0,14693.75
PROD_00021,2024-October,7.0,55954.26
PROD_00157,2024-February,6.0,19859.489999999998
PROD_00180,2024-May,9.0,4422.11
PROD_00142,2024-May,3.0,5713.37
PROD_00107,2025-May,30.0,16266.879999999997
PROD_00094,2026-February,28.0,56525.450000000004
PROD_00038,2026-February,18.0,25250.219999999998
PROD_00024,2023-May,17.0,15448.960000000001
PROD_00175,2025-June,16.0,28819.34
PROD_00216,2026-April,17.0,10890.79
PROD_00204,2024-June,10.0,82358.59999999999
PROD_00063,2024-June,9.0,7459.369999999999
PROD_00054,2025-June,22.0,128178.57999999999
PROD_00234,2025-June,17.0,12107.37
PROD_00181,2023-December,19.0,48748.09
PROD_00125,2025-March,7.0,3138.49
PROD_00171,2025-March,5.0,9386.49
PROD_00138,2025-April,20.0,7194.91
PROD_00201,2025-April,24.0,10287.4
PROD_00202,2025-April,16.0,26383.28
PROD_00173,2026-April,15.0,699.59
PROD_00271,2026-April,1.0,454.51
PROD_00076,2024-July,17.0,13908.44
PROD_00151,2024-February,9.0,6446.43
PROD_00289,2024-February,9.0,25313.49
PROD_00015,2025-December,9.0,4481.18
PROD_00269,2025-May,11.0,14754.009999999998
PROD_00149,2024-May,12.0,12344.78
PROD_00155,2024-March,13.0,74677.72
PROD_00218,2024-March,10.0,24277.880000000005
PROD_00091,2024-March,9.0,13041.21
PROD_00241,2024-July,27.0,24558.39
PROD_00134,2024-July,6.0,6889.139999999999
PROD_00274,2026-January,4.0,1082.1299999999999
PROD_00086,2025-January,6.0,26628.63
PROD_00168,2025-October,13.0,10771.099999999999
PROD_00028,2025-October,15.0,6839.21
PROD_00040,2026-March,9.0,4210.35
PROD_00250,2024-July,9.0,21417.819999999996
PROD_00033,2026-July,10.0,19937.239999999998
PROD_00227,2026-July,12.0,24916.5
PROD_00221,2026-July,9.0,12398.740000000002
PROD_00218,2023-January,14.0,32960.69
PROD_00065,2023-January,19.0,11337.27
PROD_00246,2024-February,13.0,40703.22
PROD_00113,2023-July,15.0,801.46
PROD_00042,2023-July,16.0,29863.32
PROD_00186,2024-January,5.0,2092.63
PROD_00200,2024-January,20.0,12934.95
PROD_00226,2024-January,17.0,3919.5699999999997
PROD_00005,2024-January,9.0,19358.58
PROD_00185,2023-September,15.0,56239.74
PROD_00160,2023-September,11.0,33369.28
PROD_00149,2023-September,8.0,8372.58
PROD_00076,2023-September,8.0,6481.13
PROD_00148,2026-April,9.0,7359.780000000001
PROD_00005,2024-February,4.0,8379.8
PROD_00146,2024-February,18.0,5358.77
PROD_00012,2024-February,7.0,3740.09
PROD_00003,2024-June,6.0,9310.44
PROD_00223,2024-June,10.0,23421.04
PROD_00020,2026-April,8.0,6948.130000000001
PROD_00218,2025-December,10.0,23269.760000000002
PROD_00223,2024-May,3.0,7091.82
PROD_00160,2024-February,18.0,53881.5
PROD_00225,2025-January,7.0,16017.41
PROD_00299,2026-March,4.0,886.8
PROD_00193,2026-March,9.0,7789.640000000001
PROD_00019,2024-November,11.0,16535.05
PROD_00139,2024-November,4.0,119.61
PROD_00129,2024-November,3.0,30901.59
PROD_00004,2024-October,13.0,28564.61
PROD_00226,2025-September,9.0,2043.85
PROD_00068,2025-September,7.0,2986.19
PROD_00168,2025-February,17.0,13492.329999999998
PROD_00026,2023-May,15.0,37967.47
PROD_00092,2026-June,8.0,8536.67
PROD_00264,2026-June,8.0,12085.45
PROD_00283,2023-July,12.0,6496.43
PROD_00213,2023-July,9.0,8987.79
PROD_00063,2023-July,10.0,8429.98
PROD_00244,2024-October,13.0,10250.96
PROD_00300,2025-May,4.0,2274.59
PROD_00023,2024-June,8.0,1293.24
PROD_00132,2024-September,8.0,1209.1999999999998
PROD_00015,2024-March,3.0,1535.79
PROD_00217,2024-March,20.0,6720.52
PROD_00106,2023-October,9.0,4719.83
PROD_00113,2023-October,3.0,161.04
PROD_00010,2023-October,28.0,25828.21
PROD_00189,2024-January,8.0,16280.83
PROD_00262,2024-January,17.0,13296.490000000002
PROD_00176,2025-March,9.0,10097.76
PROD_00206,2025-March,6.0,9867.24
PROD_00207,2025-March,3.0,16951.09
PROD_00023,2025-March,6.0,948.38
PROD_00256,2025-July,21.0,50061.59
PROD_00217,2025-July,8.0,2657.81
PROD_00077,2026-January,13.0,12323.630000000001
PROD_00009,2025-January,4.0,5241.25
PROD_00048,2026-June,17.0,23078.02
PROD_00180,2023-September,14.0,6850.7
PROD_00189,2023-September,27.0,56812.77
PROD_00200,2023-September,4.0,2612.74
PROD_00190,2024-August,11.0,10097.56
PROD_00298,2026-May,8.0,28566.28
PROD_00111,2025-September,20.0,19545.27
PROD_00043,2025-September,18.0,23663.04
PROD_00047,2024-November,25.0,40159.630000000005
PROD_00277,2024-November,8.0,7407.04
PROD_00039,2024-May,22.0,105374.66
PROD_00177,2024-August,25.0,11003.449999999999
PROD_00124,2024-June,16.0,27837.28
PROD_00249,2026-August,1.0,1604.69
PROD_00228,2026-August,9.0,43496.46
PROD_00209,2026-August,9.0,51860.759999999995
PROD_00235,2026-May,5.0,583.99
PROD_00178,2026-May,10.0,8497.97
PROD_00077,2026-May,16.0,15079.66
PROD_00011,2024-December,6.0,11864.35
PROD_00237,2024-December,14.0,4488.27
PROD_00179,2023-October,6.0,11353.560000000001
PROD_00288,2025-August,5.0,11102.57
PROD_00206,2025-August,11.0,18113.69
PROD_00158,2025-August,16.0,14006.009999999998
PROD_00187,2024-October,24.0,66471.28
PROD_00131,2024-October,8.0,7610.26
PROD_00282,2024-October,5.0,722.71
PROD_00034,2023-October,17.0,7282.66
PROD_00011,2024-June,21.0,40916.420000000006
PROD_00249,2024-June,3.0,4868.8
PROD_00074,2023-August,9.0,13296.28
PROD_00173,2025-June,5.0,239.56
PROD_00149,2025-June,10.0,10334.58
PROD_00234,2024-December,1.0,773.69
PROD_00020,2025-November,11.0,9258.11
PROD_00206,2025-May,20.0,31953.980000000007
PROD_00139,2025-May,25.0,757.6700000000001
PROD_00045,2025-April,9.0,30864.93
PROD_00038,2024-April,7.0,9747.73
PROD_00132,2024-April,9.0,1369.5500000000002
PROD_00049,2024-August,2.0,1988.75
PROD_00050,2024-August,7.0,7504.300000000001
PROD_00228,2026-June,3.0,14428.650000000001
PROD_00073,2023-November,21.0,7500.549999999999
PROD_00122,2023-November,5.0,990.11
PROD_00295,2025-May,8.0,10996.04
PROD_00261,2023-March,20.0,126125.3
PROD_00001,2024-October,10.0,12998.720000000001
PROD_00285,2024-October,4.0,12412.47
PROD_00248,2023-March,8.0,5395.76
PROD_00140,2023-November,13.0,10465.539999999999
PROD_00036,2024-March,3.0,10962.470000000001
PROD_00279,2024-April,2.0,1412.99
PROD_00072,2024-April,3.0,1748.53
PROD_00015,2025-June,7.0,3648.02
PROD_00174,2026-January,8.0,3478.76
PROD_00121,2026-January,9.0,11704.06
PROD_00046,2026-January,14.0,4432.7
PROD_00184,2025-March,29.0,155450.08
PROD_00292,2023-August,9.0,17529.12
PROD_00217,2024-July,5.0,1655.44
PROD_00238,2024-July,8.0,10568.4
PROD_00140,2024-June,5.0,4155.5199999999995
PROD_00162,2023-June,8.0,37550.53
PROD_00008,2023-June,5.0,16105.2
PROD_00034,2023-January,19.0,8338.94
PROD_00150,2024-December,10.0,15382.779999999999
PROD_00259,2025-December,24.0,14645.6
PROD_00223,2025-December,8.0,18827.239999999998
PROD_00251,2024-November,24.0,29587.85
PROD_00193,2026-April,22.0,18979.269999999997
PROD_00013,2026-April,10.0,4997.64
PROD_00248,2023-July,16.0,10488.07
PROD_00125,2023-July,14.0,6197.54
PROD_00185,2023-July,13.0,48616.83
PROD_00283,2025-July,3.0,1604.3999999999999
PROD_00117,2023-April,10.0,1999.4199999999998
PROD_00087,2026-July,4.0,29708.88
PROD_00071,2023-August,14.0,14647.6
PROD_00240,2023-August,11.0,4532.32
PROD_00216,2026-March,6.0,4069.86
PROD_00034,2023-August,3.0,1254.12
PROD_00241,2023-August,25.0,22609.64
PROD_00226,2023-May,1.0,214.92
PROD_00291,2023-May,17.0,14969.35
PROD_00173,2023-May,9.0,439.3
PROD_00191,2023-May,7.0,10009.84
PROD_00172,2025-March,6.0,9336.630000000001
PROD_00293,2025-March,13.0,15679.19
PROD_00025,2025-March,20.0,57435.95000000001
PROD_00021,2024-March,6.0,47933.58
PROD_00273,2024-March,9.0,4178.17
PROD_00179,2023-June,25.0,44829.37
PROD_00111,2023-June,15.0,13864.18
PROD_00266,2023-June,12.0,6798.370000000001
PROD_00049,2023-June,6.0,5894.890000000001
PROD_00102,2023-September,19.0,40182.01
PROD_00035,2023-September,39.0,42919.170000000006
PROD_00117,2026-June,5.0,1024.78
PROD_00221,2026-June,17.0,23779.200000000004
PROD_00218,2026-May,15.0,36146.82
PROD_00050,2026-May,21.0,22537.320000000003
PROD_00128,2026-May,17.0,18141.210000000003
PROD_00229,2025-August,14.0,14298.63
PROD_00283,2025-August,6.0,3264.9799999999996
PROD_00071,2025-August,23.0,23821.630000000005
PROD_00141,2025-August,6.0,10147.24
PROD_00112,2024-August,6.0,3907.68
PROD_00167,2024-August,17.0,15440.6
PROD_00156,2024-July,16.0,2408.63
PROD_00183,2026-June,5.0,56122.35
PROD_00252,2023-November,15.0,87142.25
PROD_00203,2023-November,11.0,9114.58
PROD_00264,2023-November,12.0,18883.05
PROD_00168,2024-July,8.0,6511.75
PROD_00063,2024-July,13.0,10965.09
PROD_00096,2025-March,17.0,46666.27
PROD_00142,2025-March,10.0,18845.02
PROD_00097,2025-March,21.0,107901.98000000001
PROD_00266,2023-May,2.0,1144.3
PROD_00136,2023-May,2.0,5878.32
PROD_00110,2024-September,8.0,3343.0
PROD_00154,2024-September,12.0,37047.729999999996
PROD_00149,2026-February,2.0,2027.46
PROD_00047,2023-October,10.0,16602.7
PROD_00123,2023-October,5.0,2340.68
PROD_00021,2025-February,3.0,23638.5
PROD_00076,2025-February,2.0,1640.15
PROD_00004,2026-April,20.0,44319.450000000004
PROD_00275,2026-February,10.0,4007.26
PROD_00111,2026-July,13.0,12519.75
PROD_00246,2025-December,8.0,25207.9
PROD_00131,2023-December,9.0,8471.64
PROD_00136,2023-December,12.0,34708.99
PROD_00011,2023-December,16.0,31490.839999999997
PROD_00026,2024-August,11.0,27645.95
PROD_00263,2024-August,2.0,457.7
PROD_00041,2024-August,2.0,1374.31
PROD_00083,2026-February,12.0,16280.3
PROD_00070,2026-February,10.0,30217.059999999998
PROD_00154,2026-February,1.0,3168.3
PROD_00091,2024-September,6.0,9003.2
PROD_00065,2024-April,14.0,8418.16
PROD_00156,2024-April,9.0,1322.56
PROD_00290,2025-June,7.0,693.94
PROD_00169,2024-November,20.0,41284.329999999994
PROD_00273,2024-November,5.0,2280.58
PROD_00154,2024-November,7.0,22202.39
PROD_00200,2024-September,11.0,7300.25
PROD_00181,2024-July,4.0,9969.39
PROD_00267,2024-July,9.0,7131.65
PROD_00279,2025-March,11.0,7508.76
PROD_00087,2025-March,9.0,65951.97
PROD_00195,2025-May,3.0,1975.71
PROD_00227,2025-May,7.0,14216.61
PROD_00131,2026-February,2.0,1810.72
PROD_00085,2024-July,15.0,10413.93
PROD_00032,2024-July,17.0,20228.68
PROD_00105,2024-July,5.0,20438.25
PROD_00209,2025-June,8.0,48174.78
PROD_00159,2023-April,10.0,8760.32
PROD_00105,2023-April,11.0,44247.2
PROD_00116,2023-April,9.0,11535.34
PROD_00169,2025-October,9.0,18401.39
PROD_00266,2025-October,6.0,3401.24
PROD_00069,2024-June,19.0,29695.6
PROD_00278,2024-June,14.0,29023.34
PROD_00017,2024-June,6.0,11228.94
PROD_00128,2024-June,10.0,10416.43
PROD_00018,2024-June,18.0,51121.91000000001
PROD_00086,2024-June,11.0,48441.310000000005
PROD_00292,2024-June,10.0,18765.96
PROD_00118,2025-July,12.0,6922.16
PROD_00194,2025-July,11.0,4543.95
PROD_00261,2024-April,16.0,102116.76999999999
PROD_00059,2024-February,14.0,30145.940000000002
PROD_00089,2023-August,16.0,16486.09
PROD_00055,2025-March,12.0,7337.42
PROD_00090,2025-March,11.0,42456.39
PROD_00258,2023-November,6.0,5861.969999999999
PROD_00117,2023-November,14.0,3037.0400000000004
PROD_00002,2023-November,10.0,60323.34
PROD_00287,2025-March,18.0,23023.34
PROD_00079,2023-October,2.0,2795.59
PROD_00001,2023-October,8.0,10481.79
PROD_00152,2024-June,10.0,9961.05
PROD_00165,2024-June,7.0,8056.950000000001
PROD_00284,2024-June,5.0,2493.58
PROD_00107,2025-June,6.0,3145.0199999999995
PROD_00076,2024-August,20.0,16424.18
PROD_00216,2026-February,14.0,9189.640000000001
PROD_00123,2024-August,4.0,1834.57
PROD_00206,2026-March,3.0,4802.549999999999
PROD_00298,2026-March,17.0,61048.42
PROD_00029,2023-October,4.0,46040.12
PROD_00263,2023-October,13.0,2993.35
PROD_00137,2023-October,4.0,1253.12
PROD_00053,2023-August,7.0,31500.940000000002
PROD_00059,2023-August,4.0,8515.84
PROD_00110,2025-August,9.0,3653.96
PROD_00176,2025-August,6.0,6558.429999999999
PROD_00145,2025-June,23.0,197483.09
PROD_00274,2025-August,9.0,2420.96
PROD_00098,2025-June,19.0,13160.640000000001
PROD_00157,2025-June,7.0,22216.539999999997
PROD_00214,2024-March,13.0,17501.84
PROD_00097,2024-March,8.0,40584.86000000001
PROD_00179,2024-March,1.0,1873.66
PROD_00276,2024-March,9.0,9981.45
PROD_00079,2025-January,1.0,1406.38
PROD_00221,2025-January,12.0,16904.03
PROD_00066,2024-March,3.0,1021.17
PROD_00130,2023-April,8.0,2728.4
PROD_00284,2023-April,6.0,3093.41
PROD_00148,2023-April,3.0,2424.55
PROD_00061,2025-September,14.0,14561.619999999999
PROD_00118,2023-May,6.0,3589.7
PROD_00199,2023-July,4.0,1860.1399999999999
PROD_00287,2023-November,9.0,11036.52
PROD_00109,2023-November,9.0,18671.64
PROD_00206,2023-November,9.0,14588.36
PROD_00149,2026-January,11.0,11598.27
PROD_00131,2023-August,13.0,12316.83
PROD_00181,2024-September,11.0,28164.909999999996
PROD_00122,2024-September,6.0,1221.17
PROD_00185,2024-February,14.0,52050.990000000005
PROD_00240,2024-February,8.0,3206.42
PROD_00196,2025-February,7.0,2733.1800000000003
PROD_00016,2025-January,12.0,52381.200000000004
PROD_00251,2025-December,20.0,23854.260000000002
PROD_00257,2023-June,5.0,11604.760000000002
PROD_00287,2023-June,9.0,11008.980000000001
PROD_00187,2025-August,6.0,16378.54
PROD_00205,2023-June,19.0,7701.129999999999
PROD_00171,2023-April,5.0,9121.369999999999
PROD_00068,2023-March,8.0,3512.2200000000003
PROD_00235,2023-March,9.0,1042.04
PROD_00064,2026-March,11.0,25173.4
PROD_00107,2026-March,6.0,3159.6499999999996
PROD_00294,2023-January,3.0,36337.92
PROD_00072,2026-April,12.0,7035.48
PROD_00092,2026-April,3.0,3331.77
PROD_00113,2026-April,12.0,664.62
PROD_00155,2025-May,27.0,156730.05
PROD_00215,2025-May,15.0,35938.46
PROD_00182,2024-September,13.0,751.51
PROD_00180,2024-September,7.0,3364.8199999999997
PROD_00211,2026-April,10.0,15907.329999999998
PROD_00183,2026-April,13.0,155881.72999999998
PROD_00146,2026-April,8.0,2357.99
PROD_00102,2025-May,3.0,6378.290000000001
PROD_00027,2025-May,8.0,10943.619999999999
PROD_00138,2023-February,1.0,380.09
PROD_00181,2026-July,17.0,43702.39
PROD_00094,2026-July,13.0,26282.59
PROD_00040,2026-July,4.0,1875.8000000000002
PROD_00181,2024-October,19.0,48725.17
PROD_00164,2024-February,7.0,1884.73
PROD_00033,2024-February,7.0,13312.28
PROD_00152,2024-November,13.0,13285.279999999999
PROD_00232,2023-February,10.0,15575.6
PROD_00022,2023-February,23.0,5128.47
PROD_00202,2023-August,6.0,10186.59
PROD_00015,2023-August,10.0,4961.82
PROD_00155,2024-November,11.0,63387.54000000001
PROD_00234,2024-November,15.0,10833.18
PROD_00133,2023-December,8.0,18332.23
PROD_00046,2023-December,5.0,1610.5700000000002
PROD_00126,2025-August,4.0,3831.46
PROD_00103,2025-August,8.0,6553.599999999999
PROD_00218,2023-July,10.0,22962.14
PROD_00062,2023-July,16.0,81112.65
PROD_00014,2023-July,17.0,5604.99
PROD_00134,2024-May,12.0,14037.470000000001
PROD_00063,2024-September,4.0,3276.5
PROD_00172,2024-September,12.0,18375.71
PROD_00012,2023-July,1.0,541.25
PROD_00088,2023-February,15.0,2646.62
PROD_00087,2026-June,12.0,88378.48
PROD_00134,2025-October,3.0,3494.5499999999997
PROD_00204,2025-October,14.0,114092.0
PROD_00227,2025-July,9.0,19047.96
PROD_00290,2025-July,8.0,777.8700000000001
PROD_00021,2025-September,6.0,50224.340000000004
PROD_00284,2023-September,9.0,4696.52
PROD_00159,2025-December,6.0,5450.3099999999995
PROD_00223,2025-August,15.0,35145.63
PROD_00211,2025-August,9.0,14454.369999999999
PROD_00213,2025-May,16.0,16211.840000000002
PROD_00160,2025-May,25.0,74503.51
PROD_00183,2024-March,3.0,34884.78
PROD_00159,2026-February,20.0,18329.81
PROD_00070,2024-November,10.0,29562.170000000002
PROD_00073,2024-June,12.0,4337.99
PROD_00074,2024-June,8.0,11756.859999999999
PROD_00103,2024-June,14.0,11538.07
PROD_00256,2024-June,9.0,21677.11
PROD_00108,2023-June,7.0,269.9
PROD_00254,2023-June,17.0,13514.080000000002
PROD_00236,2024-February,12.0,1422.4
PROD_00286,2023-January,11.0,71285.69
PROD_00065,2023-November,18.0,10698.560000000001
PROD_00163,2024-March,34.0,237955.74
PROD_00241,2025-March,28.0,25078.06
PROD_00017,2025-March,7.0,12624.18
PROD_00255,2024-April,10.0,21576.93
PROD_00035,2023-March,12.0,13170.439999999999
PROD_00171,2023-March,10.0,18093.440000000002
PROD_00179,2023-February,10.0,18471.34
PROD_00074,2024-December,23.0,35372.270000000004
PROD_00240,2024-December,6.0,2508.9199999999996
PROD_00109,2024-October,7.0,14631.32
PROD_00074,2024-October,5.0,7785.45
PROD_00041,2025-June,15.0,10283.3
PROD_00198,2025-June,6.0,5175.13
PROD_00157,2023-April,8.0,26220.589999999997
PROD_00260,2025-October,7.0,7807.969999999999
PROD_00015,2023-March,9.0,4501.48
PROD_00288,2023-July,17.0,39221.51
PROD_00259,2024-November,11.0,6775.870000000001
PROD_00046,2024-November,13.0,4149.59
PROD_00028,2026-April,4.0,1831.7
PROD_00045,2023-March,10.0,33751.34
PROD_00053,2026-April,8.0,35132.159999999996
PROD_00192,2026-April,9.0,11254.86
PROD_00156,2025-December,24.0,3574.9400000000005
PROD_00015,2023-November,20.0,10269.29
PROD_00244,2023-November,9.0,7275.81
PROD_00204,2026-May,22.0,171387.84
PROD_00163,2026-May,13.0,88967.91
PROD_00003,2024-August,5.0,7395.18
PROD_00037,2023-August,21.0,187358.9
PROD_00030,2023-August,24.0,53140.030000000006
PROD_00268,2026-June,3.0,4919.469999999999
PROD_00261,2026-June,9.0,59722.060000000005
PROD_00182,2024-December,5.0,297.51
PROD_00021,2024-December,5.0,40187.78
PROD_00204,2026-July,8.0,62941.08
PROD_00230,2025-September,16.0,13682.099999999999
PROD_00261,2023-November,6.0,38327.4
PROD_00115,2024-July,3.0,2693.33
PROD_00104,2024-July,8.0,25152.92
PROD_00115,2025-October,14.0,12375.66
PROD_00252,2023-July,7.0,40965.29
PROD_00130,2026-August,3.0,1038.93
PROD_00046,2026-August,2.0,655.88
PROD_00024,2026-March,10.0,8863.97
PROD_00293,2026-March,7.0,8546.83
PROD_00184,2026-March,28.0,149759.03999999998
PROD_00260,2026-August,7.0,7583.74
PROD_00200,2026-August,12.0,7872.780000000001
PROD_00175,2025-December,29.0,52520.36
PROD_00288,2024-May,8.0,18198.58
PROD_00167,2024-October,21.0,18824.069999999996
PROD_00076,2023-July,12.0,9798.86
PROD_00295,2025-July,2.0,2761.9700000000003
PROD_00278,2025-July,9.0,19114.29
PROD_00194,2026-July,15.0,6151.28
PROD_00050,2026-March,9.0,9874.61
PROD_00088,2026-March,3.0,529.55
PROD_00260,2026-March,13.0,14508.72
PROD_00146,2024-March,2.0,599.16
PROD_00117,2024-March,7.0,1479.73
PROD_00157,2024-March,8.0,26128.440000000002
PROD_00291,2025-January,10.0,8707.21
PROD_00008,2025-June,7.0,22635.09
PROD_00277,2025-April,18.0,16602.590000000004
PROD_00186,2025-April,10.0,4240.73
PROD_00155,2024-January,12.0,69465.29000000001
PROD_00258,2024-January,16.0,15146.079999999998
PROD_00253,2023-December,7.0,7139.57
PROD_00233,2026-April,4.0,4192.969999999999
PROD_00042,2026-April,23.0,41106.22
PROD_00166,2026-April,13.0,6395.3
PROD_00275,2026-April,9.0,3467.5200000000004
PROD_00012,2024-January,17.0,9007.56
PROD_00277,2023-October,10.0,9420.56
PROD_00236,2023-October,15.0,1730.8500000000001
PROD_00179,2024-July,27.0,49865.530000000006
PROD_00145,2024-July,8.0,69091.22
PROD_00017,2024-October,11.0,20115.11
PROD_00105,2024-October,13.0,52701.630000000005
PROD_00139,2026-February,15.0,448.52
PROD_00241,2026-February,12.0,10925.62
PROD_00084,2026-February,11.0,11784.81
PROD_00147,2023-August,6.0,6001.32
PROD_00165,2026-July,19.0,21724.8
PROD_00073,2024-July,18.0,6633.61
PROD_00190,2024-July,14.0,12691.229999999998
PROD_00102,2024-July,8.0,16522.04
PROD_00187,2024-July,2.0,5548.3099999999995
PROD_00080,2024-September,11.0,37843.369999999995
PROD_00060,2024-September,23.0,59809.240000000005
PROD_00235,2025-April,7.0,800.99
PROD_00220,2025-April,13.0,24930.089999999997
PROD_00037,2025-May,7.0,60829.71
PROD_00038,2023-May,21.0,29522.29
PROD_00034,2023-May,10.0,4313.38
PROD_00032,2024-November,14.0,16837.92
PROD_00182,2024-November,7.0,417.35
PROD_00093,2024-November,11.0,4860.950000000001
PROD_00204,2025-January,8.0,65154.369999999995
PROD_00013,2025-January,10.0,4723.92
PROD_00178,2025-April,10.0,8376.72
PROD_00073,2023-December,17.0,6061.25
PROD_00279,2023-December,14.0,9915.880000000001
PROD_00257,2023-May,18.0,43040.78
PROD_00132,2025-October,7.0,1054.38
PROD_00097,2025-October,7.0,36939.64
PROD_00247,2026-March,6.0,1460.32
PROD_00061,2026-April,13.0,13596.220000000001
PROD_00030,2026-April,9.0,20436.57
PROD_00135,2023-August,5.0,2765.0299999999997
PROD_00203,2023-August,8.0,6968.97
PROD_00299,2023-August,34.0,7531.42
PROD_00008,2023-March,27.0,88947.07
PROD_00041,2025-August,2.0,1399.2
PROD_00281,2025-July,13.0,9601.689999999999
PROD_00100,2024-May,19.0,11232.27
PROD_00182,2025-December,24.0,1368.6
PROD_00119,2023-October,7.0,8226.17
PROD_00040,2024-November,19.0,8964.369999999999
PROD_00150,2024-November,10.0,15683.169999999998
PROD_00098,2023-January,9.0,6140.92
PROD_00163,2023-January,6.0,42178.88
PROD_00199,2026-March,8.0,3516.32
PROD_00108,2026-March,4.0,158.06
PROD_00030,2026-March,10.0,22110.249999999996
PROD_00059,2024-January,15.0,32897.130000000005
PROD_00225,2024-January,15.0,34317.4
PROD_00232,2024-February,9.0,13183.3
PROD_00175,2024-February,5.0,9013.380000000001
PROD_00238,2024-June,10.0,12785.800000000001
PROD_00246,2024-June,11.0,34491.520000000004
PROD_00020,2024-June,5.0,4206.9
PROD_00056,2026-July,13.0,4094.1099999999997
PROD_00106,2026-July,12.0,6514.629999999999
PROD_00203,2025-July,5.0,4266.01
PROD_00098,2025-July,8.0,5469.45
PROD_00095,2026-February,7.0,971.88
PROD_00144,2023-November,8.0,4369.7
PROD_00266,2023-November,10.0,5635.12
PROD_00084,2023-November,13.0,13582.720000000001
PROD_00093,2025-January,12.0,5375.99
PROD_00249,2023-March,5.0,8127.9
PROD_00062,2023-March,17.0,85260.48000000001
PROD_00040,2023-March,11.0,5207.4
PROD_00161,2025-July,5.0,2108.99
PROD_00142,2025-July,12.0,22730.71
PROD_00277,2025-July,14.0,13151.06
PROD_00175,2023-December,11.0,20281.56
PROD_00231,2026-March,11.0,32376.850000000002
PROD_00133,2026-March,9.0,21629.739999999998
PROD_00070,2026-March,12.0,36377.520000000004
PROD_00053,2024-June,16.0,69920.53
PROD_00013,2025-September,16.0,7878.41
PROD_00189,2025-September,12.0,24723.920000000002
PROD_00066,2023-March,6.0,2059.01
PROD_00262,2023-March,7.0,5420.64
PROD_00164,2026-June,17.0,4750.52
PROD_00285,2026-June,21.0,64042.829999999994
PROD_00150,2023-March,2.0,3038.74
PROD_00263,2023-March,28.0,6381.159999999999
PROD_00074,2023-March,6.0,9185.060000000001
PROD_00114,2023-March,7.0,5751.320000000001
PROD_00001,2026-February,9.0,11990.380000000001
PROD_00108,2026-February,6.0,239.26
PROD_00208,2026-July,4.0,2038.3400000000001
PROD_00261,2025-April,13.0,84130.31999999999
PROD_00255,2023-October,18.0,39198.41
PROD_00245,2023-October,19.0,2450.25
PROD_00223,2023-September,11.0,25149.43
PROD_00176,2025-April,9.0,10364.169999999998
PROD_00058,2025-April,3.0,246.97
PROD_00284,2025-April,8.0,4048.3
PROD_00030,2023-April,16.0,35511.78
PROD_00128,2026-January,14.0,14713.38
PROD_00023,2026-January,14.0,2310.9
PROD_00227,2024-May,5.0,9829.970000000001
PROD_00118,2024-September,9.0,5260.25
PROD_00063,2026-March,11.0,9051.18
PROD_00038,2024-October,8.0,11568.54
PROD_00224,2023-August,8.0,14229.52
PROD_00001,2025-September,9.0,11592.810000000001
PROD_00145,2025-September,17.0,144010.81000000003
PROD_00008,2025-May,12.0,39713.17
PROD_00011,2025-May,9.0,17940.22
PROD_00159,2025-May,7.0,6317.929999999999
PROD_00269,2024-June,25.0,33560.59
PROD_00250,2024-June,18.0,43693.77
PROD_00158,2024-June,10.0,8857.94
PROD_00046,2026-May,9.0,2911.6
PROD_00247,2023-December,7.0,1694.05
PROD_00297,2023-December,10.0,14471.619999999999
PROD_00078,2023-December,5.0,408.07
PROD_00024,2023-December,27.0,23708.79
PROD_00241,2023-December,20.0,18042.61
PROD_00191,2023-December,11.0,15713.51
PROD_00286,2023-October,11.0,71372.7
PROD_00100,2023-October,7.0,4155.33
PROD_00073,2025-June,12.0,4267.92
PROD_00271,2025-June,10.0,4389.14
PROD_00242,2025-June,7.0,7719.110000000001
PROD_00165,2023-May,16.0,18185.320000000003
PROD_00161,2023-May,7.0,2877.33
PROD_00250,2025-August,7.0,16564.44
PROD_00255,2025-August,13.0,28557.32
PROD_00165,2023-March,6.0,6696.810000000001
PROD_00102,2023-April,8.0,16409.13
PROD_00099,2023-April,14.0,6798.79
PROD_00283,2023-March,15.0,8284.8
PROD_00189,2023-April,11.0,22849.8
PROD_00207,2026-March,2.0,11387.3
PROD_00297,2026-March,18.0,24996.110000000004
PROD_00004,2026-March,1.0,2157.89
PROD_00159,2025-November,4.0,3500.1800000000003
PROD_00014,2025-November,7.0,2271.7400000000002
PROD_00202,2023-June,24.0,40570.9
PROD_00132,2023-June,4.0,606.66
PROD_00114,2024-November,11.0,9044.59
PROD_00284,2024-November,8.0,4081.5000000000005
PROD_00141,2024-November,21.0,35299.479999999996
PROD_00174,2023-September,6.0,2590.49
PROD_00289,2024-March,23.0,65252.78
PROD_00115,2026-May,8.0,6985.43
PROD_00234,2026-May,6.0,4233.62
PROD_00177,2024-December,5.0,2233.0099999999998
PROD_00285,2024-November,16.0,48409.64
PROD_00229,2024-November,23.0,23102.46
PROD_00300,2024-November,27.0,15340.35
PROD_00086,2024-November,5.0,21304.350000000002
PROD_00292,2024-December,18.0,33875.43
PROD_00290,2025-March,2.0,184.34
PROD_00065,2025-March,5.0,2908.87
PROD_00162,2023-September,17.0,78173.16
PROD_00014,2023-September,6.0,1941.16
PROD_00181,2026-August,4.0,10121.22
PROD_00053,2026-March,2.0,9091.71
PROD_00119,2024-September,3.0,3630.0699999999997
PROD_00160,2026-June,3.0,9436.89
PROD_00018,2026-June,13.0,36833.03999999999
PROD_00151,2026-June,7.0,5204.95
PROD_00002,2026-June,16.0,95818.69
PROD_00077,2023-January,9.0,8302.76
PROD_00012,2023-January,17.0,9125.11
PROD_00271,2025-March,24.0,10716.880000000001
PROD_00156,2025-January,8.0,1182.3200000000002
PROD_00122,2025-January,13.0,2731.08
PROD_00174,2025-January,7.0,3019.44
PROD_00052,2025-October,18.0,55841.57000000001
PROD_00149,2023-August,15.0,15739.41
PROD_00169,2023-August,14.0,28972.41
PROD_00141,2023-March,7.0,11604.12
PROD_00139,2026-May,14.0,430.42
PROD_00292,2023-March,5.0,9316.630000000001
PROD_00135,2025-September,8.0,4426.58
PROD_00202,2025-September,18.0,30196.59
PROD_00291,2023-October,7.0,6087.79
PROD_00047,2024-April,9.0,14983.22
PROD_00078,2024-April,9.0,702.56
PROD_00221,2024-April,7.0,9599.03
PROD_00147,2026-June,10.0,10046.810000000001
PROD_00161,2026-June,13.0,5319.59
PROD_00094,2026-June,3.0,5895.17
PROD_00125,2026-April,4.0,1837.9599999999998
PROD_00060,2023-November,6.0,15624.94
PROD_00036,2023-November,5.0,18339.190000000002
PROD_00014,2023-November,10.0,3278.3499999999995
PROD_00105,2025-March,10.0,40876.53
PROD_00268,2023-August,27.0,43258.92
PROD_00086,2025-September,9.0,40122.78
PROD_00016,2025-September,4.0,17229.48
PROD_00023,2025-November,2.0,315.83
PROD_00033,2026-May,13.0,25616.39
PROD_00200,2023-April,14.0,9169.619999999999
PROD_00231,2023-April,4.0,11921.449999999999
PROD_00086,2023-April,2.0,8798.2
PROD_00281,2026-February,27.0,19914.18
PROD_00204,2023-July,9.0,72844.97
PROD_00222,2025-April,6.0,9579.3
PROD_00093,2024-March,9.0,3962.06
PROD_00300,2025-November,6.0,3391.08
PROD_00268,2023-February,2.0,3156.77
PROD_00036,2023-February,7.0,25709.46
PROD_00258,2024-April,25.0,23576.57
PROD_00247,2024-April,17.0,4102.28
PROD_00260,2023-March,24.0,26327.219999999998
PROD_00141,2025-July,5.0,8490.16
PROD_00202,2025-August,15.0,25076.300000000003
PROD_00095,2025-August,12.0,1710.1200000000001
PROD_00020,2024-January,8.0,6779.7
PROD_00049,2024-January,12.0,11926.34
PROD_00147,2026-March,17.0,16315.7
PROD_00254,2023-October,6.0,4750.24
PROD_00204,2023-October,6.0,46139.28
PROD_00192,2024-February,6.0,8107.92
PROD_00224,2024-February,7.0,12306.81
PROD_00235,2023-February,7.0,790.51
PROD_00214,2023-February,23.0,31109.18
PROD_00136,2025-October,6.0,17580.28
PROD_00022,2025-October,1.0,228.33
PROD_00090,2026-May,14.0,53267.09
PROD_00069,2026-May,7.0,11060.54
PROD_00114,2026-May,11.0,9037.130000000001
PROD_00276,2026-April,9.0,10100.689999999999
PROD_00029,2026-April,7.0,83501.12999999999
PROD_00124,2026-April,7.0,11998.730000000001
PROD_00281,2024-April,6.0,4262.28
PROD_00244,2023-April,5.0,3902.59
PROD_00296,2023-April,9.0,11285.11
PROD_00108,2026-May,16.0,638.88
PROD_00106,2026-May,17.0,9102.24
PROD_00092,2025-October,19.0,20509.84
PROD_00111,2025-October,7.0,6880.44
PROD_00081,2025-October,21.0,30334.79
PROD_00265,2026-June,12.0,18130.9
PROD_00179,2026-June,12.0,22486.54
PROD_00123,2026-June,16.0,7332.18
PROD_00036,2025-December,11.0,39373.07
PROD_00074,2025-May,13.0,19932.69
PROD_00053,2025-May,9.0,40436.38
PROD_00218,2023-May,9.0,21716.98
PROD_00212,2023-May,14.0,12706.68
PROD_00011,2024-August,3.0,5993.67
PROD_00274,2025-July,7.0,1818.53
PROD_00122,2025-July,1.0,199.39
PROD_00281,2023-August,5.0,3640.57
PROD_00106,2023-August,5.0,2652.23
PROD_00106,2023-January,14.0,7502.660000000001
PROD_00187,2025-April,3.0,8410.89
PROD_00019,2025-January,3.0,4359.11
PROD_00120,2023-November,10.0,4289.25
PROD_00290,2023-November,6.0,584.69
PROD_00146,2023-February,15.0,4552.540000000001
PROD_00067,2025-September,16.0,18862.64
PROD_00250,2024-November,18.0,43518.84
PROD_00124,2026-January,10.0,17444.899999999998
PROD_00232,2024-August,16.0,24323.36
PROD_00278,2024-March,7.0,14709.38
PROD_00033,2023-January,10.0,19622.43
PROD_00272,2023-January,10.0,19226.99
PROD_00094,2023-January,7.0,14385.93
PROD_00050,2023-August,14.0,14898.289999999999
PROD_00208,2026-May,11.0,5669.38
PROD_00255,2026-January,7.0,15050.91
PROD_00136,2026-May,7.0,20665.42
PROD_00289,2026-May,4.0,11056.779999999999
PROD_00087,2026-May,4.0,29311.1
PROD_00288,2026-May,9.0,19747.07
PROD_00172,2025-December,11.0,16462.36
PROD_00094,2023-February,11.0,22124.61
PROD_00259,2023-February,4.0,2446.69
PROD_00256,2024-May,21.0,48841.42999999999
PROD_00274,2024-May,14.0,3666.43
PROD_00043,2025-June,11.0,14868.01
PROD_00150,2025-June,26.0,40825.770000000004
PROD_00244,2025-June,11.0,8991.0
PROD_00232,2024-March,12.0,18244.0
PROD_00044,2023-September,3.0,3236.02
PROD_00074,2023-September,5.0,7247.41
PROD_00219,2023-September,6.0,875.29
PROD_00148,2023-September,2.0,1572.46
PROD_00013,2025-February,12.0,6005.74
PROD_00071,2025-February,11.0,11360.34
PROD_00057,2025-September,26.0,5460.470000000001
PROD_00188,2025-September,9.0,2954.9799999999996
PROD_00255,2024-January,12.0,25677.03
PROD_00058,2024-March,25.0,2015.9900000000002
PROD_00160,2026-April,28.0,87597.84
PROD_00076,2026-March,24.0,19673.36
PROD_00136,2026-March,14.0,40248.54999999999
PROD_00051,2026-March,13.0,4370.89
PROD_00074,2025-January,14.0,21027.5
PROD_00031,2025-January,10.0,14960.91
PROD_00154,2025-April,9.0,27131.26
PROD_00018,2025-April,4.0,11204.82
PROD_00271,2025-April,15.0,6717.49
PROD_00137,2023-July,21.0,6543.73
PROD_00268,2025-February,12.0,19440.8
PROD_00040,2025-February,9.0,4350.66
PROD_00219,2026-May,9.0,1308.87
PROD_00060,2026-May,14.0,36890.55
PROD_00140,2025-November,13.0,10714.04
PROD_00004,2025-November,13.0,28049.89
PROD_00294,2024-July,5.0,58546.81999999999
PROD_00117,2024-July,6.0,1308.06
PROD_00089,2023-February,15.0,15151.55
PROD_00206,2024-September,9.0,14632.26
PROD_00152,2023-February,7.0,7098.29
PROD_00168,2023-February,11.0,8754.0
PROD_00057,2023-December,5.0,1076.38
PROD_00262,2023-December,13.0,9855.27
PROD_00266,2023-December,3.0,1707.37
PROD_00086,2023-December,14.0,61559.29000000001
PROD_00282,2023-October,5.0,748.8
PROD_00108,2025-March,15.0,587.34
PROD_00115,2024-May,5.0,4393.29
PROD_00098,2024-May,8.0,5475.34
PROD_00202,2024-May,5.0,8326.88
PROD_00040,2023-September,2.0,926.76
PROD_00104,2023-September,2.0,6450.530000000001
PROD_00264,2024-May,16.0,23824.95
PROD_00248,2025-April,1.0,653.68
PROD_00135,2025-April,7.0,4003.89
PROD_00265,2025-December,16.0,24559.57
PROD_00063,2023-February,10.0,8711.16
PROD_00117,2023-February,14.0,2934.3199999999997
PROD_00058,2024-December,10.0,773.3199999999999
PROD_00299,2024-December,3.0,675.89
PROD_00128,2026-August,23.0,24268.84
PROD_00129,2023-December,17.0,173634.0
PROD_00146,2023-November,11.0,3279.38
PROD_00222,2025-July,11.0,18265.239999999998
PROD_00014,2025-July,17.0,5396.860000000001
PROD_00283,2024-November,13.0,7067.530000000001
PROD_00197,2025-June,17.0,14388.16
PROD_00191,2025-June,19.0,27690.420000000002
PROD_00255,2025-June,4.0,8510.9
PROD_00010,2024-March,12.0,10913.79
PROD_00057,2024-September,10.0,2113.92
PROD_00251,2024-August,20.0,24139.739999999998
PROD_00080,2024-November,16.0,53100.1
PROD_00275,2024-November,15.0,5910.35
PROD_00078,2023-May,20.0,1573.34
PROD_00292,2023-May,15.0,27951.73
PROD_00122,2023-May,7.0,1423.3
PROD_00023,2023-May,6.0,964.5
PROD_00049,2023-May,23.0,22910.7
PROD_00116,2024-March,11.0,13751.54
PROD_00100,2025-March,21.0,12200.34
PROD_00015,2025-March,2.0,1004.38
PROD_00289,2025-March,11.0,31086.160000000003
PROD_00123,2025-January,1.0,455.09
PROD_00187,2023-March,18.0,49871.89
PROD_00098,2025-August,18.0,12638.76
PROD_00187,2026-August,12.0,32118.3
PROD_00287,2026-August,4.0,4898.4800000000005
PROD_00075,2026-August,6.0,8487.900000000001
PROD_00096,2026-August,15.0,39984.31
PROD_00125,2025-August,19.0,8384.81
PROD_00135,2025-March,3.0,1614.96
PROD_00213,2026-August,8.0,7977.02
PROD_00056,2026-August,18.0,5567.820000000001
PROD_00026,2026-August,8.0,19862.6
PROD_00213,2024-May,5.0,5016.45
PROD_00079,2024-May,18.0,25135.28
PROD_00054,2024-May,10.0,58147.55
PROD_00003,2026-April,14.0,20932.18
PROD_00120,2026-March,13.0,5974.37
PROD_00241,2026-March,5.0,4424.32
PROD_00085,2023-April,19.0,13500.810000000001
PROD_00273,2025-March,2.0,925.0
PROD_00217,2026-March,8.0,2645.04
PROD_00005,2024-September,20.0,42067.73
PROD_00118,2024-December,14.0,7910.12
PROD_00145,2024-December,9.0,77762.13999999998
PROD_00213,2024-February,23.0,23007.149999999998
PROD_00012,2026-January,17.0,9138.440000000002
PROD_00047,2025-August,6.0,9598.220000000001
PROD_00128,2025-August,3.0,3272.84
PROD_00249,2024-April,13.0,20834.6
PROD_00009,2024-April,14.0,17816.759999999995
PROD_00273,2024-April,11.0,4961.099999999999
PROD_00050,2024-September,15.0,15973.09
PROD_00010,2024-September,16.0,14370.880000000001
PROD_00168,2024-May,11.0,8849.3
PROD_00075,2024-August,13.0,18337.030000000002
PROD_00053,2025-October,11.0,48855.899999999994
PROD_00147,2025-May,9.0,8900.68
PROD_00242,2025-February,5.0,5435.360000000001
PROD_00141,2025-February,14.0,24076.18
PROD_00160,2023-August,6.0,18625.440000000002
PROD_00007,2023-August,5.0,6815.45
PROD_00106,2023-December,15.0,7969.42
PROD_00047,2025-December,11.0,18333.58
PROD_00286,2025-December,9.0,57206.06
PROD_00095,2025-December,28.0,3967.35
PROD_00210,2025-December,2.0,952.95
PROD_00058,2024-July,11.0,893.61
PROD_00207,2024-July,21.0,123877.14000000001
PROD_00153,2023-May,21.0,13876.82
PROD_00013,2023-August,6.0,2981.55
PROD_00125,2025-May,10.0,4469.3
PROD_00115,2024-March,8.0,7044.76
PROD_00296,2023-September,4.0,5132.9
PROD_00068,2023-September,1.0,446.6
PROD_00272,2026-May,9.0,17267.59
PROD_00134,2026-May,17.0,20018.32
PROD_00096,2023-November,15.0,41198.24
PROD_00148,2023-November,9.0,7146.530000000001
PROD_00091,2023-March,7.0,10304.329999999998
PROD_00225,2025-March,16.0,35917.23
PROD_00158,2025-March,4.0,3367.1
PROD_00237,2025-April,10.0,3036.64
PROD_00017,2023-December,4.0,7016.68
PROD_00023,2023-December,8.0,1316.8899999999999
PROD_00260,2023-December,17.0,18437.86
PROD_00018,2026-July,4.0,11203.109999999999
PROD_00082,2026-July,14.0,22285.199999999997
PROD_00210,2026-July,8.0,3691.96
PROD_00245,2025-March,16.0,2139.37
PROD_00291,2025-July,8.0,7053.26
PROD_00083,2025-April,11.0,14130.24
PROD_00156,2024-March,2.0,299.24
PROD_00244,2024-March,18.0,14626.95
PROD_00289,2025-October,6.0,16805.35
PROD_00252,2025-October,4.0,22658.35
PROD_00008,2024-February,10.0,31864.2
PROD_00276,2023-September,12.0,13243.11
PROD_00130,2023-September,3.0,1039.41
PROD_00214,2025-March,13.0,17660.41
PROD_00262,2025-March,5.0,3994.35
PROD_00091,2025-March,9.0,13102.85
PROD_00134,2025-March,22.0,25871.89
PROD_00090,2023-February,1.0,3634.49
PROD_00194,2024-April,12.0,4951.51
PROD_00211,2026-June,17.0,27159.18
PROD_00143,2023-January,8.0,4308.1
PROD_00050,2023-January,21.0,22295.66
PROD_00191,2023-January,7.0,10024.93
PROD_00043,2026-February,15.0,19890.300000000003
PROD_00033,2025-October,8.0,15512.84
PROD_00124,2023-August,13.0,22601.02
PROD_00204,2026-March,9.0,71937.29
PROD_00167,2026-March,20.0,17759.2
PROD_00046,2025-April,10.0,3350.69
PROD_00088,2025-April,7.0,1253.33
PROD_00279,2025-April,5.0,3517.8999999999996
PROD_00268,2025-April,4.0,6413.09
PROD_00044,2024-August,12.0,13013.849999999999
PROD_00016,2024-August,8.0,34294.43
PROD_00120,2023-March,18.0,8005.55
PROD_00293,2023-March,14.0,16778.329999999998
PROD_00194,2024-July,11.0,4522.78
PROD_00282,2024-July,5.0,736.8499999999999
PROD_00230,2024-May,4.0,3575.1800000000003
PROD_00190,2024-May,17.0,15461.64
PROD_00001,2024-November,3.0,3753.66
PROD_00067,2024-November,16.0,18554.41
PROD_00213,2024-November,11.0,10998.66
PROD_00095,2026-June,7.0,981.6899999999999
PROD_00161,2024-November,5.0,1992.7800000000002
PROD_00007,2024-February,14.0,18558.49
PROD_00270,2024-July,5.0,10656.91
PROD_00187,2025-November,7.0,19356.82
PROD_00282,2024-April,9.0,1350.09
PROD_00184,2023-August,14.0,74281.66
PROD_00207,2023-August,9.0,51903.67
PROD_00184,2026-February,7.0,38416.07
PROD_00102,2026-February,1.0,2166.79
PROD_00157,2026-July,8.0,26010.879999999997
PROD_00162,2026-July,3.0,14592.99
PROD_00186,2024-April,10.0,4260.46
PROD_00080,2024-April,19.0,64026.1
PROD_00223,2023-February,16.0,39065.11
PROD_00133,2023-February,11.0,25529.960000000003
PROD_00143,2024-July,13.0,6949.84
PROD_00170,2024-July,8.0,7173.66
PROD_00106,2024-July,7.0,3753.62
PROD_00148,2024-June,1.0,829.31
PROD_00102,2024-June,26.0,56514.00000000001
PROD_00109,2024-June,16.0,33015.619999999995
PROD_00157,2026-February,9.0,29197.219999999998
PROD_00061,2026-February,8.0,8217.29
PROD_00133,2026-July,12.0,28989.809999999998
PROD_00230,2023-March,4.0,3481.7
PROD_00063,2025-November,2.0,1656.72
PROD_00254,2024-August,6.0,4926.219999999999
PROD_00019,2023-November,10.0,14721.180000000002
PROD_00090,2023-May,15.0,56516.82
PROD_00199,2024-August,5.0,2333.21
PROD_00244,2024-August,28.0,23157.510000000002
PROD_00164,2025-December,19.0,5224.219999999999
PROD_00094,2025-December,6.0,12104.86
PROD_00070,2025-December,11.0,33158.94
PROD_00039,2024-July,14.0,68766.23999999999
PROD_00077,2024-July,15.0,14021.68
PROD_00015,2025-August,10.0,4922.599999999999
PROD_00105,2025-August,15.0,61780.18000000001
PROD_00148,2025-August,5.0,4101.04
PROD_00159,2026-April,10.0,8978.9
PROD_00290,2025-February,7.0,687.1099999999999
PROD_00194,2025-December,19.0,7983.35
PROD_00146,2025-December,31.0,9178.08
PROD_00245,2024-March,7.0,953.49
PROD_00075,2024-May,16.0,23172.239999999998
PROD_00009,2023-December,12.0,15863.47
PROD_00206,2026-August,18.0,28212.14
PROD_00137,2025-July,5.0,1579.11
PROD_00235,2025-July,17.0,1953.92
PROD_00266,2024-February,6.0,3390.81
PROD_00184,2024-February,11.0,59240.56
PROD_00079,2024-February,7.0,9759.53
PROD_00143,2025-July,8.0,4254.48
PROD_00059,2024-November,28.0,60195.82
PROD_00203,2024-November,27.0,22558.3
PROD_00233,2025-August,11.0,11496.94
PROD_00258,2024-June,3.0,2949.39
PROD_00068,2024-June,14.0,6039.87
PROD_00267,2025-April,2.0,1541.6
PROD_00028,2025-April,18.0,8134.3
PROD_00281,2023-February,11.0,8360.810000000001
PROD_00163,2023-February,3.0,21098.489999999998
PROD_00225,2023-December,34.0,78330.76999999999
PROD_00084,2023-June,7.0,7096.67
PROD_00178,2023-June,8.0,6714.03
PROD_00112,2023-June,16.0,10383.439999999999
PROD_00021,2023-June,8.0,65470.51999999999
PROD_00087,2024-November,13.0,93338.69
PROD_00208,2025-April,12.0,6340.78
PROD_00153,2025-April,21.0,13670.64
PROD_00212,2024-December,17.0,15302.249999999998
PROD_00136,2026-February,4.0,12046.85
PROD_00089,2026-February,20.0,20378.51
PROD_00106,2026-February,17.0,9020.17
PROD_00186,2025-November,11.0,4691.579999999999
PROD_00269,2023-October,6.0,7907.889999999999
PROD_00231,2023-October,12.0,35412.75
PROD_00284,2023-November,6.0,3125.45
PROD_00287,2024-August,12.0,14645.329999999998
PROD_00269,2024-August,8.0,10806.29
PROD_00253,2024-August,10.0,10312.300000000001
PROD_00001,2026-May,10.0,13117.210000000001
PROD_00029,2026-May,15.0,178236.85
PROD_00138,2026-May,7.0,2586.79
PROD_00103,2024-May,9.0,7461.51
PROD_00187,2025-January,1.0,2765.49
PROD_00044,2025-February,13.0,13866.720000000003
PROD_00077,2025-February,4.0,3775.48
PROD_00030,2025-August,17.0,37097.86
PROD_00024,2024-June,6.0,5260.969999999999
PROD_00208,2023-March,9.0,4722.48
PROD_00048,2023-November,13.0,18074.800000000003
PROD_00198,2023-February,13.0,11301.64
PROD_00166,2024-July,9.0,4434.15
PROD_00228,2024-July,14.0,68203.68000000001
PROD_00026,2023-November,20.0,48979.97
PROD_00176,2025-February,11.0,12318.33
PROD_00280,2025-February,3.0,397.21000000000004
PROD_00232,2025-February,5.0,7590.599999999999
PROD_00017,2025-July,10.0,18734.54
PROD_00188,2025-July,4.0,1325.9699999999998
PROD_00154,2023-August,5.0,15371.379999999997
PROD_00164,2024-December,11.0,2857.34
PROD_00136,2024-December,17.0,48095.520000000004
PROD_00064,2026-January,8.0,17548.65
PROD_00143,2024-August,13.0,7002.11
PROD_00255,2024-August,16.0,34130.99
PROD_00107,2026-February,18.0,9767.91
PROD_00165,2026-February,5.0,5790.32
PROD_00171,2024-September,2.0,3732.34
PROD_00068,2024-September,19.0,8130.49
PROD_00221,2023-April,13.0,18715.55
PROD_00282,2025-February,2.0,294.52
PROD_00230,2023-September,12.0,10153.82
PROD_00206,2023-June,15.0,23588.53
PROD_00069,2023-June,15.0,22831.479999999996
PROD_00207,2023-June,11.0,63119.60999999999
PROD_00064,2023-June,12.0,26233.809999999998
PROD_00278,2023-September,13.0,28087.739999999998
PROD_00099,2023-October,12.0,5625.57
PROD_00149,2023-October,2.0,2128.8599999999997
PROD_00081,2023-October,8.0,11706.31
PROD_00052,2023-September,8.0,24424.32
PROD_00266,2024-November,8.0,4494.549999999999
PROD_00286,2025-October,10.0,65287.78999999999
PROD_00265,2024-September,12.0,18443.16
PROD_00047,2024-January,36.0,58891.86
PROD_00192,2024-January,13.0,16877.16
PROD_00138,2024-January,14.0,5002.16
PROD_00256,2024-October,11.0,25550.83
PROD_00065,2024-October,4.0,2454.88
PROD_00225,2025-June,16.0,36280.97
PROD_00110,2025-June,14.0,5884.66
PROD_00217,2025-February,7.0,2269.23
PROD_00170,2023-March,15.0,13417.01
PROD_00084,2025-June,12.0,12708.419999999998
PROD_00274,2025-June,21.0,5479.910000000001
PROD_00151,2024-July,18.0,12888.4
PROD_00030,2025-January,14.0,30836.14
PROD_00157,2025-January,11.0,34870.2
PROD_00105,2025-October,7.0,27977.78
PROD_00179,2025-October,8.0,14812.36
PROD_00181,2026-March,15.0,38046.07
PROD_00071,2026-March,8.0,8081.41
PROD_00189,2023-July,7.0,14567.92
PROD_00192,2026-July,12.0,15441.880000000001
PROD_00111,2024-April,13.0,12067.240000000002
PROD_00145,2025-December,5.0,42936.08
PROD_00081,2025-December,8.0,12236.09
PROD_00157,2025-March,5.0,15979.17
PROD_00199,2025-June,8.0,3568.37
PROD_00267,2025-June,14.0,10545.99
PROD_00185,2026-March,3.0,10913.25
PROD_00152,2026-March,3.0,3048.51
PROD_00209,2026-March,10.0,59445.920000000006
PROD_00236,2024-August,9.0,1074.72
PROD_00185,2025-March,6.0,22895.2
PROD_00077,2023-May,14.0,13271.74
PROD_00172,2023-May,12.0,18298.14
PROD_00002,2023-May,6.0,37134.2
PROD_00158,2023-September,7.0,6231.08
PROD_00091,2023-September,3.0,4541.13
PROD_00218,2023-September,11.0,26492.34
PROD_00139,2025-October,9.0,266.06
PROD_00263,2025-April,11.0,2519.88
PROD_00169,2025-April,10.0,20217.97
PROD_00112,2025-April,11.0,7135.049999999999
PROD_00099,2025-May,5.0,2421.5
PROD_00190,2026-June,8.0,7338.5599999999995
PROD_00063,2026-June,14.0,12165.05
PROD_00039,2024-September,6.0,28783.66
PROD_00148,2024-September,5.0,4130.6900000000005
PROD_00045,2026-June,3.0,10090.93
PROD_00232,2026-June,10.0,15111.61
PROD_00009,2026-June,20.0,25995.64
PROD_00281,2026-July,13.0,9327.84
PROD_00015,2026-July,7.0,3598.4399999999996
PROD_00291,2023-April,17.0,14381.09
PROD_00273,2023-April,1.0,444.73
PROD_00059,2023-April,12.0,26275.18
PROD_00081,2026-March,2.0,2759.38
PROD_00261,2026-March,11.0,71345.25
PROD_00171,2026-March,15.0,27813.33
PROD_00059,2023-July,18.0,39465.19
PROD_00271,2023-July,10.0,4250.37
PROD_00043,2026-July,8.0,10700.88
PROD_00024,2026-July,19.0,16958.64
PROD_00124,2023-April,6.0,10191.01
PROD_00058,2023-April,5.0,398.45
PROD_00014,2023-April,13.0,4188.76
PROD_00080,2023-December,7.0,24168.36
PROD_00119,2023-December,6.0,7024.429999999999
PROD_00065,2024-March,10.0,6050.53
PROD_00069,2026-June,13.0,20644.25
PROD_00175,2024-July,12.0,21567.46
PROD_00050,2023-September,14.0,14533.759999999998
PROD_00199,2023-December,8.0,3628.54
PROD_00196,2023-December,14.0,5637.5
PROD_00084,2025-September,13.0,13928.14
PROD_00048,2025-August,5.0,6965.05
PROD_00178,2025-August,2.0,1697.67
PROD_00047,2023-February,20.0,32105.47
PROD_00218,2024-December,8.0,19143.2
PROD_00277,2025-August,1.0,961.64
PROD_00108,2025-August,15.0,590.3
PROD_00245,2025-August,12.0,1608.6800000000003
PROD_00006,2026-July,2.0,2071.1800000000003
PROD_00231,2026-July,4.0,11596.189999999999
PROD_00115,2024-September,15.0,13001.309999999998
PROD_00089,2025-May,15.0,15605.400000000001
PROD_00080,2025-May,13.0,45580.93
PROD_00130,2025-September,8.0,2803.56
PROD_00064,2025-December,24.0,53943.97
PROD_00108,2025-December,7.0,281.25
PROD_00159,2026-March,11.0,10038.34
PROD_00128,2023-September,8.0,8414.42
PROD_00295,2023-September,1.0,1298.41
PROD_00178,2023-September,12.0,10167.64
PROD_00028,2023-October,10.0,4627.539999999999
PROD_00007,2023-October,4.0,5290.0
PROD_00104,2024-June,8.0,24712.7
PROD_00153,2024-October,6.0,3871.5
PROD_00007,2024-October,12.0,15777.18
PROD_00171,2024-October,15.0,27462.27
PROD_00056,2025-May,10.0,3105.5699999999997
PROD_00101,2023-July,18.0,20946.179999999997
PROD_00167,2024-September,13.0,11624.19
PROD_00172,2024-April,15.0,23430.35
PROD_00054,2024-September,7.0,40045.03
PROD_00204,2024-September,5.0,40078.28
PROD_00009,2024-June,14.0,18362.67
PROD_00255,2024-November,8.0,17077.96
PROD_00172,2024-November,11.0,16645.969999999998
PROD_00130,2026-June,18.0,6039.25
PROD_00057,2026-June,7.0,1459.9400000000003
PROD_00182,2024-March,19.0,1116.23
PROD_00288,2025-November,10.0,22074.95
PROD_00173,2025-November,3.0,145.35000000000002
PROD_00083,2026-July,21.0,26726.079999999998
PROD_00212,2026-July,10.0,8964.05
PROD_00122,2026-March,5.0,1024.15
PROD_00204,2025-April,1.0,7769.82
PROD_00251,2025-April,6.0,7430.66
PROD_00185,2026-July,4.0,15183.64
PROD_00111,2023-December,8.0,7451.83
PROD_00203,2023-April,3.0,2463.7200000000003
PROD_00191,2024-January,16.0,22513.699999999997
PROD_00162,2024-January,11.0,50778.64
PROD_00104,2023-October,8.0,25148.21
PROD_00047,2024-October,5.0,8282.09
PROD_00203,2026-February,14.0,11685.59
PROD_00232,2026-February,9.0,13545.800000000001
PROD_00111,2026-February,11.0,10155.13
PROD_00270,2025-March,12.0,25404.770000000004
PROD_00241,2023-May,25.0,22618.71
PROD_00186,2026-July,5.0,2100.48
PROD_00168,2024-February,15.0,12170.68
PROD_00030,2024-February,14.0,31078.469999999998
PROD_00296,2023-January,16.0,20807.25
PROD_00287,2023-January,5.0,6307.540000000001
PROD_00086,2023-January,4.0,17552.9
PROD_00237,2023-December,11.0,3418.7200000000003
PROD_00056,2023-December,6.0,1855.04
PROD_00085,2024-February,4.0,2959.28
PROD_00083,2024-February,9.0,11567.95
PROD_00285,2024-February,10.0,30307.24
PROD_00189,2024-May,13.0,26968.14
PROD_00045,2024-May,6.0,20159.3
PROD_00204,2025-July,15.0,119630.13999999998
PROD_00073,2025-July,11.0,3970.7999999999997
PROD_00222,2023-June,15.0,24288.82
PROD_00003,2025-September,22.0,33571.950000000004
PROD_00203,2025-August,6.0,4908.12
PROD_00161,2026-March,15.0,6243.61
PROD_00040,2025-April,27.0,12878.789999999999
PROD_00075,2026-June,15.0,20994.489999999998
PROD_00138,2023-October,13.0,4626.040000000001
PROD_00171,2023-October,9.0,16963.78
PROD_00164,2024-January,9.0,2489.68
PROD_00139,2024-January,7.0,204.25
PROD_00272,2023-October,2.0,3836.13
PROD_00103,2023-October,20.0,16532.909999999996
PROD_00063,2026-August,4.0,3340.1099999999997
PROD_00060,2024-August,9.0,22923.45
PROD_00032,2024-August,7.0,8306.54
PROD_00013,2024-August,12.0,5806.650000000001
PROD_00062,2024-March,9.0,45959.19
PROD_00165,2024-March,8.0,8883.55
PROD_00139,2025-December,3.0,90.03
PROD_00278,2023-March,4.0,8473.2
PROD_00098,2023-February,14.0,9750.54
PROD_00174,2024-December,5.0,2110.7
PROD_00274,2023-June,14.0,3714.3199999999997
PROD_00227,2025-March,14.0,29181.41
PROD_00111,2025-March,14.0,13403.630000000001
PROD_00074,2025-November,9.0,13469.7
PROD_00115,2023-November,8.0,6945.68
PROD_00163,2025-July,2.0,14056.7
PROD_00130,2025-January,5.0,1702.66
PROD_00155,2025-June,1.0,5644.18
PROD_00013,2026-February,5.0,2401.89
PROD_00179,2026-February,10.0,18746.46
PROD_00184,2024-November,5.0,27159.36
PROD_00243,2024-November,10.0,832.8699999999999
PROD_00063,2024-November,8.0,6826.57
PROD_00019,2025-November,5.0,7536.900000000001
PROD_00047,2024-March,9.0,14921.150000000001
PROD_00077,2024-March,9.0,8249.98
PROD_00062,2023-June,17.0,85628.29999999999
PROD_00022,2023-October,3.0,703.94
PROD_00156,2023-October,4.0,591.48
PROD_00015,2024-October,3.0,1490.82
PROD_00068,2026-August,13.0,5573.26
PROD_00139,2024-February,5.0,148.74
PROD_00045,2024-February,4.0,13546.960000000001
PROD_00096,2024-March,31.0,83826.86
PROD_00142,2024-March,21.0,40178.72
PROD_00250,2024-March,21.0,51395.8
PROD_00033,2024-March,17.0,33195.58
PROD_00185,2023-March,14.0,52947.25
PROD_00159,2025-August,19.0,17055.120000000003
PROD_00267,2025-August,13.0,9678.66
PROD_00088,2026-February,5.0,857.6999999999999
PROD_00239,2026-February,6.0,1919.65
PROD_00083,2026-April,5.0,6507.849999999999
PROD_00253,2026-April,11.0,11198.43
PROD_00158,2026-April,4.0,3480.18
PROD_00267,2023-June,14.0,10500.74
PROD_00223,2025-June,20.0,46958.68
PROD_00194,2025-June,6.0,2420.32
PROD_00024,2025-June,6.0,5283.98
PROD_00080,2023-June,20.0,68317.43
PROD_00235,2023-May,13.0,1541.88
PROD_00167,2025-August,25.0,22912.68
PROD_00190,2023-June,7.0,6291.610000000001
PROD_00239,2023-June,17.0,5323.79
PROD_00022,2024-October,4.0,887.72
PROD_00293,2024-October,12.0,14045.72
PROD_00069,2023-January,8.0,12253.880000000001
PROD_00129,2023-September,12.0,122104.09
PROD_00205,2023-September,20.0,7926.4800000000005
PROD_00024,2024-September,3.0,2701.62
PROD_00262,2025-August,14.0,10923.320000000002
PROD_00087,2025-August,8.0,57373.520000000004
PROD_00069,2023-May,10.0,15964.7
PROD_00293,2023-July,26.0,31396.340000000004
PROD_00241,2023-July,9.0,7830.57
PROD_00215,2023-August,7.0,16068.91
PROD_00235,2024-August,14.0,1635.1499999999999
PROD_00043,2024-August,21.0,27704.6
PROD_00289,2023-May,16.0,43678.78
PROD_00216,2023-May,3.0,1979.6999999999998
PROD_00286,2023-May,13.0,82899.04
PROD_00283,2024-August,8.0,4295.72
PROD_00259,2025-July,12.0,7622.66
PROD_00016,2024-May,25.0,108860.67000000001
PROD_00144,2024-May,7.0,3785.6400000000003
PROD_00138,2025-August,5.0,1843.66
PROD_00201,2025-August,1.0,420.48
PROD_00266,2025-July,11.0,6335.360000000001
PROD_00251,2025-September,15.0,18353.879999999997
PROD_00170,2024-August,5.0,4471.86
PROD_00259,2024-August,8.0,4983.52
PROD_00279,2023-April,11.0,7742.400000000001
PROD_00267,2024-January,3.0,2232.2799999999997
PROD_00124,2026-March,9.0,15298.64
PROD_00213,2026-March,4.0,3896.2200000000003
PROD_00208,2023-September,6.0,3230.2
PROD_00124,2023-September,12.0,20858.02
PROD_00263,2025-December,8.0,1845.3200000000002
PROD_00114,2024-December,21.0,17194.280000000002
PROD_00196,2024-December,18.0,7339.1
PROD_00115,2023-April,18.0,15901.66
PROD_00192,2025-October,29.0,38031.99999999999
PROD_00091,2025-December,14.0,20532.7
PROD_00174,2023-October,5.0,2106.2799999999997
PROD_00259,2023-January,15.0,9189.82
PROD_00192,2026-June,11.0,14060.41
PROD_00020,2026-June,8.0,6941.4
PROD_00284,2025-December,12.0,6273.68
PROD_00027,2023-June,8.0,11055.24
PROD_00261,2023-August,6.0,37892.979999999996
PROD_00225,2025-April,8.0,17954.64
PROD_00066,2025-April,19.0,6342.59
PROD_00076,2024-June,6.0,4907.030000000001
PROD_00133,2024-September,4.0,9644.84
PROD_00012,2026-June,3.0,1551.3899999999999
PROD_00259,2024-June,8.0,4937.139999999999
PROD_00291,2026-April,13.0,11369.34
PROD_00070,2026-April,5.0,15591.300000000001
PROD_00007,2025-February,6.0,7996.129999999999
PROD_00006,2023-October,10.0,10226.25
PROD_00053,2023-October,10.0,43384.73
PROD_00009,2024-February,9.0,11604.01
PROD_00010,2024-February,13.0,11984.099999999999
PROD_00209,2024-February,25.0,146373.07
PROD_00111,2024-June,7.0,6448.82
PROD_00199,2024-December,8.0,3620.83
PROD_00158,2024-December,12.0,10647.19
PROD_00265,2024-December,18.0,27784.269999999997
PROD_00009,2025-October,3.0,3986.23
PROD_00006,2025-October,10.0,10190.33
PROD_00300,2023-February,12.0,6912.66
PROD_00247,2025-April,4.0,931.4100000000001
PROD_00060,2025-March,17.0,45884.530000000006
PROD_00153,2025-March,4.0,2602.37
PROD_00060,2023-September,9.0,23688.89
PROD_00248,2023-September,1.0,647.39
PROD_00114,2023-September,2.0,1632.83
PROD_00297,2024-February,3.0,4269.02
PROD_00097,2023-March,11.0,54165.88
PROD_00256,2024-August,13.0,31685.81
PROD_00272,2024-August,10.0,19867.89
PROD_00049,2025-January,5.0,5072.82
PROD_00100,2025-January,3.0,1770.78
PROD_00106,2025-January,28.0,14942.59
PROD_00229,2023-June,19.0,18763.11
PROD_00086,2023-March,7.0,31257.07
PROD_00201,2023-January,4.0,1688.4900000000002
PROD_00291,2023-January,1.0,873.03
PROD_00286,2026-February,13.0,83253.79
PROD_00103,2023-April,7.0,5895.74
PROD_00150,2023-April,13.0,19581.38
PROD_00015,2025-July,1.0,516.79
PROD_00300,2026-February,14.0,7914.94
PROD_00030,2026-February,8.0,17629.09
PROD_00207,2026-February,7.0,41033.44
PROD_00139,2023-February,8.0,239.24
PROD_00114,2026-March,9.0,7360.95
PROD_00244,2024-February,12.0,9442.470000000001
PROD_00256,2024-February,24.0,56785.73999999999
PROD_00198,2023-April,8.0,6934.3
PROD_00060,2023-April,13.0,35338.87
PROD_00178,2023-April,9.0,7205.42
PROD_00155,2023-April,6.0,34759.6
PROD_00289,2026-August,1.0,2783.42
PROD_00047,2026-August,3.0,4692.49
PROD_00177,2026-August,3.0,1345.1999999999998
PROD_00106,2026-January,19.0,10128.94
PROD_00231,2026-January,15.0,45199.79
PROD_00226,2026-January,13.0,2913.65
PROD_00294,2023-March,8.0,96536.16
PROD_00058,2023-March,18.0,1449.06
PROD_00274,2023-March,4.0,1048.1
PROD_00146,2023-March,14.0,4188.39
PROD_00218,2024-January,9.0,21252.98
PROD_00217,2024-January,17.0,5594.63
PROD_00209,2024-January,6.0,34244.2
PROD_00297,2026-February,3.0,4323.75
PROD_00241,2026-May,8.0,7197.1
PROD_00161,2023-April,10.0,4122.1
PROD_00138,2023-June,6.0,2131.39
PROD_00071,2025-April,14.0,14425.970000000001
PROD_00066,2024-September,25.0,8482.510000000002
PROD_00203,2023-January,4.0,3430.76
PROD_00109,2025-December,12.0,24543.260000000002
PROD_00179,2025-December,19.0,34904.76
PROD_00136,2025-March,17.0,48424.55
PROD_00147,2025-March,20.0,19963.569999999996
PROD_00233,2025-March,13.0,13502.5
PROD_00225,2023-June,21.0,47990.369999999995
PROD_00016,2024-September,6.0,25745.35
PROD_00290,2024-September,13.0,1313.0100000000002
PROD_00175,2026-February,16.0,29021.989999999998
PROD_00289,2026-April,8.0,22376.85
PROD_00188,2023-August,9.0,2991.0
PROD_00056,2023-August,9.0,2787.33
PROD_00005,2025-July,11.0,23281.19
PROD_00048,2025-July,5.0,6900.4
PROD_00022,2025-July,5.0,1133.95
PROD_00282,2026-July,25.0,3699.5299999999997
PROD_00009,2023-March,12.0,15934.34
PROD_00023,2023-July,13.0,2146.55
PROD_00219,2024-January,16.0,2311.5499999999997
PROD_00140,2024-November,11.0,8855.02
PROD_00082,2025-September,16.0,24870.949999999997
PROD_00129,2023-March,16.0,168803.53
PROD_00018,2024-April,5.0,14233.78
PROD_00031,2025-June,12.0,17959.379999999997
PROD_00186,2025-June,9.0,3833.04
PROD_00276,2025-June,6.0,6675.9800000000005
PROD_00133,2023-January,9.0,22116.39
PROD_00068,2023-January,14.0,6291.59
PROD_00253,2025-June,9.0,9421.52
PROD_00243,2023-April,13.0,1077.11
PROD_00010,2024-June,9.0,8217.36
PROD_00133,2023-August,20.0,49132.079999999994
PROD_00130,2023-January,2.0,716.78
PROD_00145,2023-January,2.0,16697.32
PROD_00064,2026-July,4.0,9205.04
PROD_00090,2025-November,9.0,34552.38
PROD_00292,2025-November,14.0,26347.19
PROD_00190,2025-June,25.0,22716.53
PROD_00166,2025-June,5.0,2484.56
PROD_00096,2023-September,6.0,16430.82
PROD_00182,2023-December,16.0,912.12
PROD_00174,2023-December,10.0,4238.06
PROD_00104,2025-October,12.0,37131.84
PROD_00255,2023-January,11.0,23801.73
PROD_00194,2024-June,8.0,3366.12
PROD_00145,2024-April,11.0,91109.92
PROD_00238,2023-January,4.0,4984.0
PROD_00042,2023-January,12.0,22311.340000000004
PROD_00170,2023-April,4.0,3730.72
PROD_00028,2023-April,12.0,5597.92
PROD_00176,2023-June,2.0,2227.56
PROD_00011,2023-August,25.0,49251.04
PROD_00169,2023-January,4.0,8436.82
PROD_00155,2025-October,6.0,34313.06
PROD_00141,2025-October,21.0,34644.03
PROD_00102,2025-June,12.0,25864.160000000003
PROD_00100,2026-February,6.0,3589.52
PROD_00079,2025-June,13.0,17393.760000000002
PROD_00196,2025-June,8.0,3224.4399999999996
PROD_00269,2026-April,1.0,1270.31
PROD_00141,2026-April,7.0,11809.579999999998
PROD_00115,2026-April,10.0,8519.33
PROD_00032,2026-April,11.0,13341.07
PROD_00232,2026-January,11.0,16570.82
PROD_00232,2023-September,10.0,14445.42
PROD_00159,2023-February,9.0,8043.66
PROD_00040,2024-July,7.0,3441.2
PROD_00128,2024-July,4.0,4331.85
PROD_00259,2024-July,9.0,5584.04
PROD_00019,2024-May,15.0,22315.329999999998
PROD_00283,2025-October,1.0,544.92
PROD_00146,2025-July,4.0,1236.9099999999999
PROD_00194,2023-April,21.0,8792.51
PROD_00083,2026-January,5.0,6498.93
PROD_00161,2024-September,20.0,8205.890000000001
PROD_00157,2024-September,19.0,61324.68
PROD_00040,2025-December,19.0,9035.92
PROD_00048,2026-July,8.0,10615.18
PROD_00193,2026-July,5.0,4375.400000000001
PROD_00270,2024-January,22.0,45983.34
PROD_00121,2024-January,15.0,18653.68
PROD_00169,2024-May,5.0,10085.369999999999
PROD_00009,2024-May,5.0,6407.209999999999
PROD_00038,2025-November,22.0,30656.690000000002
PROD_00051,2025-November,14.0,4659.32
PROD_00232,2025-November,9.0,13892.61
PROD_00224,2025-August,13.0,23022.309999999998
PROD_00219,2023-October,2.0,287.64
PROD_00230,2025-June,10.0,8556.400000000001
PROD_00177,2025-November,10.0,4321.52
PROD_00257,2023-February,9.0,21867.920000000002
PROD_00227,2024-December,12.0,24855.89
PROD_00113,2023-December,5.0,270.69
PROD_00189,2023-December,5.0,10487.64
PROD_00218,2026-February,1.0,2490.51
PROD_00005,2026-February,15.0,31604.190000000002
PROD_00285,2025-June,14.0,41933.71
PROD_00224,2023-February,13.0,23842.879999999997
PROD_00119,2023-August,15.0,17992.73
PROD_00165,2023-August,16.0,17942.5
PROD_00169,2026-June,11.0,23070.68
PROD_00161,2023-June,4.0,1646.93
PROD_00118,2023-June,12.0,6965.720000000001
PROD_00179,2024-December,17.0,30543.33
PROD_00083,2023-August,6.0,7527.71
PROD_00069,2023-August,4.0,6262.95
PROD_00207,2025-April,20.0,112742.03999999998
PROD_00240,2026-June,12.0,4979.82
PROD_00030,2023-June,21.0,46890.41
PROD_00163,2023-June,6.0,41228.55
PROD_00248,2023-June,7.0,4876.38
PROD_00079,2025-March,14.0,19661.010000000002
PROD_00151,2025-March,5.0,3582.36
PROD_00140,2026-March,28.0,22998.89
PROD_00248,2026-March,7.0,4418.860000000001
PROD_00091,2023-January,10.0,14827.23
PROD_00241,2023-January,10.0,9068.72
PROD_00069,2023-September,11.0,17188.75
PROD_00261,2024-November,17.0,109811.58000000002
PROD_00108,2024-November,17.0,687.24
PROD_00077,2023-December,11.0,10475.47
PROD_00143,2023-February,7.0,3730.41
PROD_00125,2023-May,12.0,5359.080000000001
PROD_00240,2023-May,7.0,2888.09
PROD_00213,2024-January,4.0,3934.24
PROD_00026,2024-May,25.0,62002.020000000004
PROD_00289,2026-February,21.0,58045.829999999994
PROD_00172,2026-February,6.0,9232.3
PROD_00028,2023-March,24.0,10996.480000000001
PROD_00225,2024-September,3.0,7146.24
PROD_00032,2024-September,10.0,11973.199999999999
PROD_00188,2024-August,2.0,672.1
PROD_00008,2024-August,6.0,19436.129999999997
PROD_00018,2025-May,11.0,31701.69
PROD_00232,2025-May,10.0,15198.85
PROD_00031,2023-June,24.0,36466.23000000001
PROD_00227,2023-June,12.0,25372.339999999997
PROD_00296,2023-June,17.0,22068.340000000004
PROD_00088,2025-February,11.0,1934.15
PROD_00197,2025-February,8.0,6994.84
PROD_00073,2026-June,10.0,3579.85
PROD_00112,2026-June,21.0,13819.89
PROD_00123,2024-November,11.0,5003.52
PROD_00026,2024-November,14.0,34300.21
PROD_00127,2025-July,8.0,10831.33
PROD_00279,2025-November,1.0,714.69
PROD_00144,2025-November,5.0,2678.36
PROD_00142,2023-August,18.0,33912.2
PROD_00119,2023-February,6.0,7095.56
PROD_00230,2024-November,16.0,13821.599999999999
PROD_00211,2023-December,12.0,18984.489999999998
PROD_00064,2023-April,4.0,8445.300000000001
PROD_00069,2023-April,22.0,34551.28999999999
PROD_00253,2024-April,7.0,7185.360000000001
PROD_00256,2024-April,8.0,18704.239999999998
PROD_00031,2024-October,3.0,4642.8
PROD_00087,2024-October,11.0,82057.83
PROD_00202,2024-July,7.0,11772.470000000001
PROD_00211,2025-April,9.0,13930.620000000003
PROD_00067,2024-April,6.0,6923.58
PROD_00288,2024-April,19.0,42465.46
PROD_00135,2024-October,8.0,4470.93
PROD_00128,2026-July,4.0,4278.61
PROD_00032,2026-July,8.0,9691.48
PROD_00259,2025-February,10.0,6212.78
PROD_00288,2025-October,8.0,18244.72
PROD_00009,2025-December,16.0,20817.370000000003
PROD_00196,2024-January,5.0,1984.2199999999998
PROD_00165,2024-January,8.0,9021.18
PROD_00089,2026-March,9.0,9258.23
PROD_00202,2026-January,3.0,5189.88
PROD_00261,2024-March,7.0,46487.549999999996
PROD_00266,2025-November,26.0,14852.89
PROD_00178,2025-November,14.0,11632.26
PROD_00120,2023-August,4.0,1882.04
PROD_00020,2024-September,2.0,1688.01
PROD_00137,2023-March,10.0,3108.04
PROD_00214,2025-July,12.0,16165.92
PROD_00275,2025-July,14.0,5535.42
PROD_00061,2025-July,14.0,14416.64
PROD_00060,2025-December,10.0,26712.809999999998
PROD_00149,2025-December,4.0,4162.92
PROD_00235,2025-December,15.0,1753.96
PROD_00131,2025-March,15.0,13761.89
PROD_00210,2026-August,13.0,6172.13
PROD_00010,2024-October,8.0,7359.879999999999
PROD_00288,2024-October,14.0,30638.36
PROD_00260,2024-March,4.0,4517.87
PROD_00133,2024-March,13.0,31672.899999999998
PROD_00256,2024-March,23.0,53580.21
PROD_00114,2024-May,12.0,9829.74
PROD_00149,2025-May,28.0,29183.22
PROD_00258,2026-May,11.0,10635.45
PROD_00217,2026-May,19.0,6214.64
PROD_00011,2024-May,19.0,38000.829999999994
PROD_00115,2025-November,11.0,9461.53
PROD_00045,2024-November,5.0,17166.66
PROD_00262,2025-July,27.0,21013.47
PROD_00261,2024-May,15.0,95102.87
PROD_00146,2023-April,10.0,2931.75
PROD_00250,2025-February,9.0,22096.620000000003
PROD_00130,2025-February,9.0,3068.7200000000003
PROD_00080,2025-August,24.0,83221.1
PROD_00252,2025-August,7.0,40922.479999999996
PROD_00003,2023-June,3.0,4466.67
PROD_00041,2024-April,16.0,11119.470000000001
PROD_00242,2024-April,7.0,7691.74
PROD_00167,2024-April,1.0,923.66
PROD_00249,2023-May,22.0,36256.67
PROD_00057,2025-February,11.0,2305.92
PROD_00150,2025-February,11.0,17072.43
PROD_00070,2025-February,9.0,27266.16
PROD_00211,2025-February,11.0,17617.07
PROD_00077,2024-November,12.0,11072.15
PROD_00013,2024-November,10.0,4950.570000000001
PROD_00122,2024-June,12.0,2444.12
PROD_00272,2023-July,3.0,5924.9400000000005
PROD_00013,2023-July,4.0,1942.06
PROD_00279,2025-May,12.0,8082.349999999999
PROD_00070,2023-February,7.0,21249.54
PROD_00010,2023-February,5.0,4839.0
PROD_00247,2025-August,1.0,241.58
PROD_00056,2025-August,4.0,1234.0900000000001
PROD_00067,2025-February,10.0,11776.67
PROD_00163,2025-February,12.0,83905.03
PROD_00171,2024-April,4.0,7519.28
PROD_00127,2024-April,23.0,31433.81
PROD_00001,2023-April,8.0,10342.48
PROD_00161,2023-August,12.0,5016.66
PROD_00187,2023-August,11.0,30065.049999999996
PROD_00045,2023-August,7.0,23662.1
PROD_00085,2025-November,6.0,4380.7699999999995
PROD_00061,2026-August,3.0,3094.32
PROD_00088,2026-August,5.0,915.4000000000001
PROD_00014,2024-August,5.0,1581.27
PROD_00275,2024-August,8.0,3117.3900000000003
PROD_00233,2023-June,18.0,19176.510000000002
PROD_00139,2023-June,4.0,116.92
PROD_00051,2023-July,9.0,3045.45
PROD_00198,2023-July,13.0,11040.829999999998
PROD_00154,2023-January,16.0,50812.48
PROD_00196,2023-September,13.0,5125.12
PROD_00176,2023-September,8.0,8735.22
PROD_00005,2024-August,15.0,32188.840000000004
PROD_00222,2023-August,8.0,12907.25
PROD_00002,2025-February,4.0,24730.63
PROD_00009,2025-February,15.0,19997.9
PROD_00073,2025-December,13.0,4791.49
PROD_00109,2025-January,1.0,2087.71
PROD_00054,2023-April,12.0,69516.31
PROD_00006,2023-April,3.0,3175.9800000000005
PROD_00092,2024-April,6.0,6490.43
PROD_00044,2026-April,8.0,8479.66
PROD_00128,2026-April,1.0,1105.01
PROD_00195,2026-April,5.0,3146.5499999999997
PROD_00162,2024-May,4.0,18169.84
PROD_00138,2024-May,21.0,7752.0199999999995
PROD_00229,2024-May,19.0,18450.32
PROD_00162,2023-October,3.0,13752.34
PROD_00166,2023-October,4.0,1968.44
PROD_00003,2023-October,4.0,6006.870000000001
PROD_00153,2026-March,12.0,7654.51
PROD_00229,2023-October,7.0,7176.91
PROD_00052,2024-August,12.0,36556.78
PROD_00184,2024-August,9.0,48915.22
PROD_00189,2025-November,11.0,23290.760000000002
PROD_00049,2023-December,2.0,1926.97
PROD_00048,2024-May,12.0,16520.45
PROD_00055,2026-April,7.0,4277.360000000001
PROD_00116,2024-July,29.0,36633.11
PROD_00100,2024-July,20.0,11856.179999999998
PROD_00130,2024-July,7.0,2322.92
PROD_00215,2025-July,16.0,38034.240000000005
PROD_00012,2025-July,2.0,1061.4
PROD_00176,2026-July,6.0,6646.32
PROD_00289,2026-July,13.0,36972.26
PROD_00008,2024-October,12.0,39382.909999999996
PROD_00290,2024-October,31.0,3070.12
PROD_00122,2026-February,10.0,2049.52
PROD_00073,2026-February,13.0,4562.38
PROD_00091,2024-August,13.0,19361.45
PROD_00133,2024-August,4.0,9605.220000000001
PROD_00115,2026-June,12.0,10666.33
PROD_00279,2026-June,21.0,14642.800000000001
PROD_00223,2023-June,9.0,20755.73
PROD_00130,2023-June,8.0,2735.2799999999997
PROD_00279,2023-June,15.0,10353.17
PROD_00142,2025-December,15.0,28725.43
PROD_00182,2025-May,7.0,380.64
PROD_00240,2024-September,13.0,5320.24
PROD_00193,2024-September,4.0,3560.64
PROD_00129,2024-December,13.0,132667.08000000002
PROD_00043,2024-April,5.0,6787.88
PROD_00133,2024-April,28.0,66712.77999999998
PROD_00028,2023-February,7.0,3294.0299999999997
PROD_00025,2023-February,6.0,17775.03
PROD_00244,2023-February,6.0,4740.24
PROD_00176,2025-May,8.0,8986.57
PROD_00293,2025-May,2.0,2522.54
PROD_00117,2025-August,11.0,2302.3900000000003
PROD_00076,2024-December,4.0,3288.14
PROD_00160,2023-May,4.0,12541.4
PROD_00207,2023-May,6.0,34782.52
PROD_00269,2023-May,16.0,21790.74
PROD_00158,2025-May,14.0,12243.119999999999
PROD_00157,2023-August,7.0,22701.77
PROD_00138,2025-July,12.0,4344.97
PROD_00160,2024-March,13.0,40559.87
PROD_00039,2024-March,19.0,89694.45
PROD_00006,2024-June,5.0,5076.7699999999995
PROD_00178,2024-June,4.0,3332.34
PROD_00110,2025-February,11.0,4656.18
PROD_00089,2025-February,7.0,7011.49
PROD_00108,2024-June,9.0,358.73
PROD_00284,2026-April,26.0,13278.660000000002
PROD_00097,2026-May,11.0,56637.28
PROD_00255,2026-May,6.0,12869.08
PROD_00300,2026-May,9.0,5317.57
PROD_00200,2023-March,8.0,5054.52
PROD_00019,2023-September,3.0,4493.549999999999
PROD_00243,2025-April,13.0,1078.61
PROD_00054,2025-April,17.0,98744.85
PROD_00177,2023-January,14.0,6348.360000000001
PROD_00105,2023-June,12.0,47794.600000000006
PROD_00138,2026-July,12.0,4359.360000000001
PROD_00247,2023-August,8.0,1992.3400000000001
PROD_00273,2023-August,8.0,3653.71
PROD_00115,2023-December,12.0,10486.27
PROD_00059,2023-December,10.0,21420.300000000003
PROD_00002,2023-December,1.0,5928.01
PROD_00230,2023-February,9.0,7912.44
PROD_00064,2025-July,12.0,26404.86
PROD_00179,2025-July,10.0,18258.39
PROD_00076,2023-April,6.0,4971.74
PROD_00021,2023-April,9.0,75036.45999999999
PROD_00240,2025-July,3.0,1237.0500000000002
PROD_00231,2026-February,9.0,27069.27
PROD_00032,2026-February,6.0,7040.039999999999
PROD_00182,2023-January,3.0,172.41
PROD_00166,2023-January,7.0,3448.14
PROD_00283,2023-January,16.0,8719.82
PROD_00172,2024-February,4.0,6262.26
PROD_00039,2024-February,5.0,24469.9
PROD_00024,2023-November,15.0,13410.91
PROD_00207,2023-November,16.0,92646.49000000002
PROD_00015,2026-April,8.0,3951.0
PROD_00286,2026-April,9.0,57344.0
PROD_00182,2026-April,9.0,511.36
PROD_00168,2024-January,25.0,20094.43
PROD_00272,2025-November,2.0,3882.34
PROD_00054,2025-November,6.0,33463.74
PROD_00096,2025-October,7.0,19131.61
PROD_00134,2023-June,7.0,8398.9
PROD_00245,2023-April,21.0,2738.06
PROD_00169,2023-April,10.0,21017.54
PROD_00186,2026-January,10.0,4217.99
PROD_00277,2026-January,7.0,6618.7
PROD_00130,2026-January,18.0,6100.1
PROD_00108,2026-January,11.0,429.34000000000003
PROD_00237,2024-May,4.0,1273.1
PROD_00108,2025-September,5.0,192.73999999999998
PROD_00296,2025-September,7.0,9166.26
PROD_00018,2025-November,11.0,30649.760000000002
PROD_00268,2025-May,6.0,9647.16
PROD_00059,2025-May,13.0,28594.43
PROD_00148,2026-June,3.0,2479.62
PROD_00104,2025-August,11.0,35789.28
PROD_00203,2026-June,13.0,10889.509999999998
PROD_00021,2023-August,7.0,56945.84
PROD_00076,2023-November,11.0,9080.23
PROD_00171,2024-July,4.0,7293.799999999999
PROD_00233,2025-June,12.0,12650.490000000002
PROD_00241,2023-June,17.0,15383.61
PROD_00035,2025-August,17.0,19106.84
PROD_00199,2025-August,2.0,909.92
PROD_00145,2023-February,11.0,94667.19
PROD_00029,2023-February,21.0,246020.99
PROD_00085,2025-June,21.0,14779.490000000002
PROD_00052,2025-June,13.0,40698.1
PROD_00027,2025-June,9.0,12464.84
PROD_00213,2023-June,5.0,5044.85
PROD_00127,2026-May,14.0,18727.52
PROD_00098,2023-August,16.0,11011.09
PROD_00089,2023-July,12.0,12132.43
PROD_00021,2023-July,21.0,171836.04
PROD_00057,2025-December,4.0,827.62
PROD_00080,2023-November,14.0,48378.89
PROD_00077,2023-March,4.0,3799.7200000000003
PROD_00072,2024-March,11.0,6314.16
PROD_00120,2026-July,12.0,5352.16
PROD_00058,2026-July,6.0,486.03999999999996
PROD_00068,2026-July,8.0,3610.96
PROD_00105,2025-June,1.0,4162.55
PROD_00028,2024-July,10.0,4668.72
PROD_00154,2025-December,10.0,31103.170000000002
PROD_00065,2024-August,8.0,4894.639999999999
PROD_00058,2024-February,5.0,398.73
PROD_00132,2024-February,8.0,1232.08
PROD_00269,2024-February,2.0,2639.6899999999996
PROD_00098,2024-February,1.0,680.38
PROD_00262,2026-July,6.0,4815.2
PROD_00180,2026-July,11.0,5355.93
PROD_00232,2024-April,6.0,9053.96
PROD_00042,2024-April,13.0,24750.36
PROD_00158,2024-February,4.0,3645.56
PROD_00090,2024-February,8.0,29740.28
PROD_00101,2024-March,2.0,2349.74
PROD_00053,2024-February,5.0,22403.68
PROD_00010,2023-November,9.0,8290.84
PROD_00131,2025-June,11.0,10249.58
PROD_00176,2025-December,4.0,4495.820000000001
PROD_00067,2025-December,12.0,14091.0
PROD_00262,2024-October,5.0,3934.08
PROD_00229,2024-October,1.0,1020.28
PROD_00063,2024-October,23.0,19122.21
PROD_00256,2025-December,21.0,50324.21
PROD_00065,2024-January,7.0,4154.96
PROD_00235,2024-January,5.0,584.12
PROD_00187,2025-March,6.0,16520.5
PROD_00296,2024-November,3.0,3901.04
PROD_00291,2026-July,8.0,6985.719999999999
PROD_00152,2023-May,16.0,15941.749999999998
PROD_00056,2025-February,10.0,3055.18
PROD_00115,2025-February,12.0,10486.380000000001
PROD_00204,2024-March,13.0,103188.54
PROD_00170,2024-March,18.0,16321.480000000001
PROD_00012,2026-July,9.0,4899.42
PROD_00178,2026-July,11.0,9068.84
PROD_00152,2023-March,6.0,5954.74
PROD_00231,2024-May,15.0,44506.200000000004
PROD_00123,2024-May,12.0,5709.67
PROD_00091,2024-January,5.0,7278.14
PROD_00201,2024-January,13.0,5430.879999999999
PROD_00244,2024-January,15.0,11971.84
PROD_00077,2024-January,10.0,9141.0
PROD_00215,2024-January,9.0,21352.98
PROD_00144,2024-June,8.0,4393.24
PROD_00119,2025-February,14.0,16434.81
PROD_00144,2025-February,14.0,7710.799999999999
PROD_00193,2025-February,9.0,7634.36
PROD_00211,2025-November,18.0,28715.690000000002
PROD_00018,2023-January,18.0,50772.81
PROD_00135,2024-September,12.0,6678.469999999999
PROD_00024,2023-August,3.0,2559.49
PROD_00163,2023-August,5.0,34625.5
PROD_00035,2026-January,22.0,24225.670000000002
PROD_00129,2026-January,11.0,112567.18999999999
PROD_00263,2026-January,4.0,892.28
PROD_00058,2023-August,9.0,739.44
PROD_00251,2023-August,11.0,13331.23
PROD_00259,2024-September,17.0,10433.42
PROD_00099,2024-September,12.0,5697.5599999999995
PROD_00186,2024-October,7.0,2971.3900000000003
PROD_00175,2025-May,16.0,28852.700000000004
PROD_00173,2025-May,18.0,857.0300000000001
PROD_00246,2025-May,9.0,27666.6
PROD_00023,2024-May,8.0,1332.19
PROD_00051,2024-May,18.0,6155.18
PROD_00138,2025-June,5.0,1789.67
PROD_00170,2023-September,19.0,17492.05
PROD_00229,2023-September,8.0,8072.96
PROD_00187,2023-September,18.0,48857.520000000004
PROD_00153,2024-May,24.0,15511.899999999998
PROD_00067,2024-May,17.0,20049.91
PROD_00031,2024-April,16.0,24418.350000000002
PROD_00057,2024-April,9.0,1879.1799999999998
PROD_00251,2025-November,9.0,10908.08
PROD_00225,2024-March,6.0,13654.7
PROD_00131,2024-November,15.0,14057.399999999998
PROD_00088,2024-November,8.0,1409.5800000000002
PROD_00255,2024-June,13.0,28574.079999999998
PROD_00220,2024-June,18.0,33606.58
PROD_00083,2024-December,16.0,20855.57
PROD_00227,2025-October,12.0,25098.36
PROD_00098,2026-April,7.0,4944.81
PROD_00203,2025-January,7.0,5852.04
PROD_00278,2025-January,14.0,29501.12
PROD_00229,2026-May,6.0,6047.65
PROD_00031,2026-May,18.0,27396.14
PROD_00137,2025-December,8.0,2494.74
PROD_00157,2023-November,5.0,15970.420000000002
PROD_00142,2024-October,5.0,9817.11
PROD_00227,2024-October,11.0,22964.02
PROD_00233,2024-October,2.0,2109.59
PROD_00108,2023-March,6.0,237.88
PROD_00102,2025-November,6.0,12234.279999999999
PROD_00287,2025-November,17.0,21408.33
PROD_00212,2025-December,3.0,2678.1499999999996
PROD_00174,2026-February,6.0,2608.32
PROD_00176,2023-July,12.0,13794.070000000002
PROD_00272,2023-April,7.0,13558.71
PROD_00056,2023-April,5.0,1639.6000000000001
PROD_00048,2023-April,14.0,19698.18
PROD_00035,2025-February,6.0,6583.799999999999
PROD_00055,2025-November,5.0,3015.04
PROD_00273,2024-August,19.0,9009.470000000001
PROD_00296,2024-August,14.0,18368.55
PROD_00130,2026-March,11.0,3651.08
PROD_00126,2026-March,11.0,10149.55
PROD_00056,2026-March,10.0,3108.2400000000002
PROD_00171,2025-November,33.0,60343.689999999995
PROD_00143,2024-October,5.0,2739.01
PROD_00033,2024-October,15.0,30253.839999999997
PROD_00247,2023-September,11.0,2630.01
PROD_00278,2024-October,30.0,63637.90000000001
PROD_00111,2023-September,10.0,9596.76
PROD_00249,2024-November,6.0,9985.16
PROD_00270,2024-March,6.0,13372.19
PROD_00233,2024-March,12.0,12819.240000000002
PROD_00090,2024-December,5.0,18871.35
PROD_00059,2024-December,8.0,17336.67
PROD_00208,2024-December,9.0,4684.73
PROD_00080,2026-February,3.0,10185.18
PROD_00104,2026-February,4.0,13026.29
PROD_00139,2026-April,6.0,182.7
PROD_00240,2023-September,1.0,384.24
PROD_00046,2023-September,4.0,1295.88
PROD_00171,2023-September,3.0,5520.39
PROD_00216,2023-September,4.0,2597.3900000000003
PROD_00261,2025-June,16.0,101714.45000000001
PROD_00028,2025-February,11.0,5066.1
PROD_00291,2025-February,15.0,13219.36
PROD_00017,2024-March,5.0,9014.43
PROD_00060,2024-March,8.0,21033.27
PROD_00008,2024-March,1.0,3418.43
PROD_00278,2024-November,6.0,12692.45
PROD_00131,2023-May,5.0,4627.04
PROD_00185,2023-May,17.0,63079.40000000001
PROD_00181,2025-March,15.0,38193.28
PROD_00095,2025-March,5.0,726.8000000000001
PROD_00179,2024-February,7.0,13263.42
PROD_00050,2024-February,26.0,27744.76
PROD_00173,2024-February,18.0,890.6199999999999
PROD_00204,2023-November,5.0,40133.51000000001
PROD_00298,2023-April,8.0,28557.8
PROD_00156,2023-April,8.0,1192.6399999999999
PROD_00273,2025-June,7.0,3256.3700000000003
PROD_00119,2025-June,13.0,15627.5
PROD_00125,2023-June,9.0,4072.0699999999997
PROD_00059,2023-June,8.0,16989.4
PROD_00019,2026-March,4.0,5916.28
PROD_00020,2026-March,10.0,8578.76
PROD_00116,2023-November,15.0,19116.64
PROD_00248,2023-April,7.0,4701.27
PROD_00108,2023-April,7.0,277.31
PROD_00052,2025-February,4.0,12042.86
PROD_00236,2025-February,2.0,242.16
PROD_00075,2023-August,17.0,24339.479999999996
PROD_00181,2025-October,3.0,7470.98
PROD_00178,2025-October,12.0,10062.240000000002
PROD_00025,2025-February,11.0,32003.579999999998
PROD_00158,2023-October,2.0,1768.02
PROD_00094,2023-October,10.0,20248.789999999997
PROD_00222,2024-February,3.0,5156.64
PROD_00091,2024-February,12.0,17726.64
PROD_00176,2024-April,6.0,6420.33
PROD_00286,2024-February,4.0,26102.72
PROD_00031,2023-April,8.0,12081.61
PROD_00068,2023-August,10.0,4364.030000000001
PROD_00264,2025-May,16.0,24045.13
PROD_00191,2025-May,16.0,22672.71
PROD_00298,2025-May,4.0,14717.92
PROD_00247,2023-May,13.0,3140.23
PROD_00135,2023-November,11.0,6007.97
PROD_00164,2023-September,3.0,826.3800000000001
PROD_00258,2023-September,15.0,14232.84
PROD_00268,2026-February,3.0,4710.389999999999
PROD_00039,2026-February,10.0,47975.54
PROD_00274,2026-May,7.0,1730.9299999999998
PROD_00204,2023-December,21.0,167748.47
PROD_00267,2023-December,7.0,5209.85
PROD_00205,2024-May,13.0,5231.91
PROD_00126,2024-May,5.0,4623.389999999999
PROD_00058,2024-May,17.0,1394.89
PROD_00185,2025-July,13.0,48184.48
PROD_00041,2025-July,16.0,11057.72
PROD_00177,2023-July,4.0,1781.5300000000002
PROD_00237,2023-July,17.0,5384.9
PROD_00035,2024-September,4.0,4201.64
PROD_00026,2024-October,16.0,41326.68
PROD_00054,2024-October,6.0,34800.82
PROD_00199,2026-May,8.0,3579.37
PROD_00289,2023-September,2.0,5377.08
PROD_00001,2023-September,10.0,12746.33
PROD_00082,2023-September,4.0,6145.73
PROD_00046,2023-July,8.0,2492.9300000000003
PROD_00260,2024-November,8.0,8950.97
PROD_00007,2024-November,4.0,5227.07
PROD_00181,2024-November,19.0,48566.81
PROD_00275,2023-February,5.0,1884.7600000000002
PROD_00008,2023-February,16.0,52323.1
PROD_00098,2026-February,4.0,2860.82
PROD_00273,2026-February,22.0,10295.039999999999
PROD_00270,2024-August,8.0,17368.809999999998
PROD_00122,2023-March,17.0,3479.08
PROD_00088,2023-July,13.0,2274.05
PROD_00175,2026-March,7.0,12565.64
PROD_00180,2023-August,5.0,2497.76
PROD_00156,2025-June,11.0,1607.1599999999999
PROD_00238,2025-June,4.0,5230.39
PROD_00019,2023-May,15.0,22254.690000000002
PROD_00042,2023-May,14.0,25951.36
PROD_00236,2023-July,7.0,820.6399999999999
PROD_00067,2023-August,14.0,16730.14
PROD_00092,2025-May,12.0,12990.39
PROD_00068,2025-October,6.0,2692.31
PROD_00155,2025-April,2.0,11073.86
PROD_00037,2025-April,13.0,113209.95000000001
PROD_00142,2026-April,17.0,32474.08
PROD_00079,2023-April,15.0,20559.83
PROD_00126,2026-February,7.0,6579.94
PROD_00188,2026-April,12.0,4032.05
PROD_00001,2026-April,7.0,9372.34
PROD_00180,2024-March,3.0,1478.49
PROD_00284,2026-August,7.0,3441.31
PROD_00298,2026-August,1.0,3544.46
PROD_00162,2026-August,4.0,18573.82
PROD_00284,2023-August,12.0,5971.97
PROD_00148,2025-September,6.0,4772.42
PROD_00074,2025-August,7.0,10424.0
PROD_00133,2025-August,7.0,16841.5
PROD_00280,2026-June,15.0,2020.0
PROD_00189,2024-November,13.0,27008.979999999996
PROD_00258,2024-November,7.0,6607.700000000001
PROD_00151,2024-November,14.0,10168.06
PROD_00093,2023-March,14.0,6168.61
PROD_00266,2023-March,11.0,6389.08
PROD_00144,2024-April,14.0,7657.06
PROD_00101,2024-April,17.0,19946.75
PROD_00261,2023-May,12.0,76789.72
PROD_00062,2025-August,8.0,39984.78
PROD_00270,2025-January,14.0,29251.14
PROD_00030,2023-May,10.0,21575.45
PROD_00181,2023-May,16.0,40390.94
PROD_00211,2024-August,7.0,11160.23
PROD_00198,2024-August,18.0,15648.07
PROD_00228,2024-January,18.0,87995.95000000001
PROD_00211,2024-July,18.0,27290.46
PROD_00035,2023-November,2.0,2178.24
PROD_00191,2023-November,10.0,14317.54
PROD_00200,2024-July,6.0,3961.68
PROD_00043,2024-July,17.0,22709.72
PROD_00141,2024-May,3.0,5057.93
PROD_00282,2024-May,19.0,2839.8900000000003
PROD_00281,2024-May,10.0,7409.36
PROD_00244,2023-October,16.0,12963.99
PROD_00176,2023-October,10.0,11311.490000000002
PROD_00072,2026-August,7.0,4038.42
PROD_00006,2024-October,21.0,21353.68
PROD_00088,2023-May,9.0,1556.46
PROD_00084,2023-May,21.0,22286.039999999997
PROD_00230,2025-January,2.0,1671.18
PROD_00007,2025-January,8.0,10736.420000000002
PROD_00114,2023-February,9.0,7343.679999999999
PROD_00139,2025-November,8.0,244.46
PROD_00290,2025-November,10.0,966.26
PROD_00123,2025-November,11.0,5076.62
PROD_00276,2023-May,7.0,7811.370000000001
PROD_00108,2023-May,9.0,356.59
PROD_00149,2023-May,9.0,9255.48
PROD_00148,2023-January,7.0,5655.71
PROD_00145,2025-May,13.0,107679.21999999999
PROD_00057,2025-May,9.0,1964.95
PROD_00263,2023-December,2.0,461.01
PROD_00298,2023-December,10.0,35084.909999999996
PROD_00204,2025-May,7.0,58332.51
PROD_00180,2025-December,3.0,1458.3000000000002
PROD_00023,2023-October,10.0,1651.45
PROD_00119,2024-April,20.0,23844.72
PROD_00274,2025-November,12.0,3162.46
PROD_00088,2025-May,18.0,3197.24
PROD_00278,2026-July,14.0,28901.78
PROD_00274,2025-January,26.0,6632.32
PROD_00045,2024-April,6.0,20896.07
PROD_00044,2026-July,25.0,26796.739999999998
PROD_00300,2026-July,11.0,6166.3099999999995
PROD_00150,2026-July,12.0,18136.09
PROD_00085,2025-March,11.0,7799.21
PROD_00248,2025-March,22.0,14538.849999999999
PROD_00117,2025-January,13.0,2763.01
PROD_00044,2025-November,11.0,12122.130000000001
PROD_00203,2025-October,7.0,5905.95
PROD_00076,2025-October,11.0,9151.74
PROD_00060,2025-October,9.0,23590.45
PROD_00196,2026-January,2.0,802.04
PROD_00213,2026-January,17.0,17262.08
PROD_00154,2025-May,12.0,37904.43
PROD_00194,2026-February,1.0,417.5
PROD_00082,2026-February,6.0,9293.810000000001
PROD_00285,2024-July,18.0,54355.76
PROD_00006,2024-July,3.0,3114.25
PROD_00001,2024-September,11.0,14724.230000000001
PROD_00043,2024-September,6.0,8014.02
PROD_00079,2026-January,12.0,16310.189999999999
PROD_00276,2024-August,12.0,13216.8
PROD_00094,2023-May,16.0,31498.0
PROD_00046,2024-June,21.0,6600.120000000001
PROD_00021,2024-June,14.0,115888.6
PROD_00231,2024-February,23.0,68207.33
PROD_00128,2024-February,3.0,3217.3500000000004
PROD_00089,2024-March,19.0,19358.539999999997
PROD_00234,2023-May,13.0,9550.880000000001
PROD_00014,2023-May,8.0,2622.88
PROD_00172,2023-October,4.0,6067.79
PROD_00209,2023-February,6.0,35653.979999999996
PROD_00040,2023-February,5.0,2322.12
PROD_00229,2026-April,6.0,6112.42
PROD_00296,2026-April,14.0,18204.82
PROD_00263,2026-April,2.0,464.96
PROD_00297,2024-March,11.0,15826.99
PROD_00190,2024-March,2.0,1821.44
PROD_00253,2024-March,6.0,6292.58
PROD_00064,2026-May,16.0,35020.39
PROD_00231,2026-May,5.0,15045.380000000001
PROD_00110,2023-September,4.0,1638.31
PROD_00290,2023-September,9.0,859.1400000000001
PROD_00283,2023-September,9.0,4934.43
PROD_00010,2026-July,16.0,14990.7
PROD_00229,2026-July,6.0,5845.8
PROD_00150,2025-November,1.0,1542.32
PROD_00252,2026-February,10.0,58440.7
PROD_00198,2026-February,4.0,3405.16
PROD_00096,2025-June,9.0,24429.760000000002
PROD_00287,2025-June,16.0,19334.88
PROD_00048,2023-February,20.0,27402.889999999996
PROD_00290,2024-May,20.0,1948.99
PROD_00070,2024-May,23.0,68954.28
PROD_00259,2024-May,11.0,6786.66
PROD_00089,2024-May,7.0,7447.37
PROD_00266,2024-May,20.0,11396.369999999999
PROD_00092,2024-March,5.0,5340.71
PROD_00046,2024-March,4.0,1223.56
PROD_00236,2023-February,17.0,2001.36
PROD_00250,2024-August,6.0,14457.57
PROD_00053,2024-August,20.0,86782.03
PROD_00095,2023-January,20.0,2821.01
PROD_00090,2023-June,24.0,90092.18999999999
PROD_00157,2024-June,9.0,28276.489999999998
PROD_00122,2024-August,7.0,1453.59
PROD_00101,2025-June,2.0,2406.72
PROD_00057,2025-June,8.0,1678.46
PROD_00252,2025-February,15.0,87744.70999999999
PROD_00198,2025-February,6.0,5145.24
PROD_00270,2023-January,21.0,46301.1
PROD_00011,2025-July,7.0,13930.830000000002
PROD_00065,2026-March,15.0,8901.2
PROD_00211,2026-March,7.0,10791.89
PROD_00159,2025-February,8.0,7275.139999999999
PROD_00062,2025-January,3.0,15002.189999999999
PROD_00121,2025-January,8.0,10310.92
PROD_00085,2026-January,5.0,3552.22
PROD_00216,2025-April,22.0,14171.09
PROD_00063,2025-April,9.0,7492.400000000001
PROD_00223,2024-October,7.0,16511.449999999997
PROD_00250,2024-October,14.0,34246.89
PROD_00080,2024-October,11.0,36701.38
PROD_00052,2024-October,11.0,34859.38
PROD_00168,2023-December,19.0,15234.079999999998
PROD_00270,2023-December,19.0,41159.9
PROD_00159,2023-March,6.0,5300.96
PROD_00020,2023-March,8.0,6832.68
PROD_00257,2025-August,1.0,2233.19
PROD_00029,2025-August,11.0,127243.27
PROD_00182,2026-January,13.0,719.26
PROD_00158,2026-January,7.0,6210.35
PROD_00287,2026-January,32.0,39886.840000000004
PROD_00087,2023-April,11.0,79291.66
PROD_00256,2023-April,16.0,38644.659999999996
PROD_00057,2023-June,5.0,1057.38
PROD_00238,2023-June,14.0,17882.739999999998
PROD_00240,2023-June,10.0,4169.62
PROD_00063,2024-May,2.0,1660.7
PROD_00208,2024-May,17.0,8807.710000000001
PROD_00132,2025-May,8.0,1220.76
PROD_00083,2025-May,19.0,24582.270000000004
PROD_00057,2023-May,4.0,867.14
PROD_00089,2023-May,4.0,4217.47
PROD_00187,2025-February,3.0,8394.18
PROD_00278,2025-February,10.0,21686.1
PROD_00146,2025-February,13.0,3704.7400000000002
PROD_00220,2023-May,18.0,35308.63
PROD_00285,2023-May,4.0,11906.789999999999
PROD_00296,2026-July,2.0,2653.27
PROD_00137,2026-July,9.0,2867.04
PROD_00283,2023-December,4.0,2158.1800000000003
PROD_00145,2025-July,5.0,41146.43
PROD_00247,2025-July,24.0,5842.089999999999
PROD_00267,2023-October,8.0,6167.99
PROD_00214,2025-September,15.0,20340.519999999997
PROD_00036,2025-September,3.0,11189.61
PROD_00142,2023-April,1.0,2011.8
PROD_00232,2024-October,30.0,45453.030000000006
PROD_00203,2024-October,4.0,3381.75
PROD_00179,2024-October,12.0,22586.920000000002
PROD_00078,2024-October,9.0,728.63
PROD_00222,2025-September,16.0,26328.32
PROD_00196,2025-September,11.0,4479.73
PROD_00209,2023-April,30.0,176696.67
PROD_00153,2023-September,20.0,12745.289999999999
PROD_00101,2024-May,16.0,18631.22
PROD_00108,2024-May,9.0,357.38
PROD_00298,2023-August,7.0,25372.84
PROD_00162,2024-June,12.0,57187.579999999994
PROD_00050,2024-June,11.0,11561.84
PROD_00173,2024-October,26.0,1258.09
PROD_00159,2026-May,14.0,12210.270000000002
PROD_00292,2023-January,8.0,15087.23
PROD_00195,2025-February,19.0,12481.96
PROD_00010,2025-February,10.0,9080.92
PROD_00080,2026-June,7.0,24391.78
PROD_00235,2024-February,5.0,594.4399999999999
PROD_00019,2024-February,15.0,22068.679999999997
PROD_00057,2024-February,7.0,1484.29
PROD_00201,2024-June,14.0,5706.99
PROD_00241,2026-April,1.0,933.29
PROD_00276,2025-April,10.0,11089.11
PROD_00025,2025-April,12.0,35540.88
PROD_00139,2023-July,19.0,577.1899999999999
PROD_00038,2026-May,22.0,30776.7
PROD_00125,2024-October,9.0,3952.0299999999997
PROD_00068,2023-December,8.0,3339.86
PROD_00162,2023-December,4.0,18931.98
PROD_00262,2023-October,9.0,6961.699999999999
PROD_00277,2025-September,10.0,9356.01
PROD_00026,2023-March,14.0,35533.04
PROD_00285,2023-March,16.0,48387.76
PROD_00162,2025-February,8.0,36683.090000000004
PROD_00269,2025-February,15.0,20900.72
PROD_00213,2024-October,8.0,8050.86
PROD_00106,2023-September,9.0,4818.97
PROD_00024,2023-September,7.0,6185.27
PROD_00024,2024-August,9.0,7887.849999999999
PROD_00221,2024-August,7.0,9750.080000000002
PROD_00012,2024-August,8.0,4348.25
PROD_00051,2024-January,13.0,4353.8
PROD_00227,2024-January,15.0,31413.760000000002
PROD_00138,2025-March,7.0,2583.19
PROD_00297,2023-January,10.0,14057.64
PROD_00013,2023-January,7.0,3511.82
PROD_00285,2023-October,25.0,75985.94
PROD_00039,2025-January,19.0,93239.83
PROD_00118,2023-February,13.0,7472.84
PROD_00209,2025-May,15.0,86250.19
PROD_00141,2025-May,6.0,10173.66
PROD_00021,2025-May,10.0,81863.66
PROD_00281,2025-October,8.0,5877.4
PROD_00247,2023-July,10.0,2326.9300000000003
PROD_00085,2024-November,12.0,8714.380000000001
PROD_00234,2025-April,1.0,767.89
PROD_00244,2025-September,4.0,3135.5299999999997
PROD_00191,2026-March,9.0,12558.86
PROD_00275,2026-March,12.0,4760.9800000000005
PROD_00258,2025-May,9.0,8519.119999999999
PROD_00095,2025-May,6.0,867.9
PROD_00291,2025-April,18.0,15713.67
PROD_00213,2024-September,5.0,4955.97
PROD_00127,2024-September,11.0,14695.650000000001
PROD_00276,2026-August,12.0,13572.710000000001
PROD_00253,2023-August,2.0,2104.9300000000003
PROD_00276,2023-August,12.0,13545.91
PROD_00141,2024-January,4.0,6984.639999999999
PROD_00298,2024-November,12.0,44016.55
PROD_00172,2024-December,10.0,15228.279999999999
PROD_00135,2026-February,11.0,6220.73
PROD_00256,2026-February,17.0,39768.16
PROD_00104,2026-May,14.0,44748.41
PROD_00083,2026-May,4.0,5345.0199999999995
PROD_00123,2023-June,13.0,5908.860000000001
PROD_00103,2023-June,4.0,3290.75
PROD_00189,2023-June,10.0,20824.059999999998
PROD_00278,2026-May,18.0,38385.189999999995
PROD_00195,2026-May,9.0,5895.86
PROD_00014,2025-October,13.0,4211.98
PROD_00240,2025-October,6.0,2257.8
PROD_00049,2025-October,12.0,11799.740000000002
PROD_00235,2024-September,13.0,1543.8800000000003
PROD_00021,2024-September,2.0,16411.65
PROD_00205,2025-September,12.0,4791.14
PROD_00275,2025-September,9.0,3496.6699999999996
PROD_00214,2026-February,10.0,13090.380000000001
PROD_00102,2024-October,9.0,18708.239999999998
PROD_00032,2023-October,3.0,3625.38
PROD_00224,2025-December,14.0,25218.91
PROD_00209,2023-March,6.0,34634.68
PROD_00276,2025-October,12.0,13589.04
PROD_00197,2023-April,6.0,5125.32
PROD_00300,2023-April,10.0,5714.920000000001
PROD_00228,2024-September,15.0,74328.34
PROD_00099,2025-January,16.0,7594.19
PROD_00195,2025-January,7.0,4563.72
PROD_00198,2025-January,9.0,7782.870000000001
PROD_00192,2025-December,8.0,10132.76
PROD_00195,2023-October,9.0,5937.86
PROD_00243,2023-October,25.0,2094.0299999999997
PROD_00129,2026-April,4.0,41942.600000000006
PROD_00027,2023-December,4.0,5541.55
PROD_00065,2023-December,11.0,6813.09
PROD_00292,2023-December,5.0,9397.36
PROD_00294,2024-December,27.0,315519.3
PROD_00188,2024-February,1.0,322.54
PROD_00068,2024-February,14.0,6194.33
PROD_00171,2023-August,5.0,9528.43
PROD_00088,2023-June,2.0,358.89
PROD_00007,2023-June,13.0,17615.71
PROD_00300,2025-October,20.0,11611.160000000002
PROD_00027,2025-October,5.0,7007.860000000001
PROD_00152,2025-November,10.0,10212.55
PROD_00042,2024-August,18.0,32693.54
PROD_00159,2025-September,9.0,8320.74
PROD_00281,2025-September,10.0,7173.469999999999
PROD_00042,2024-July,2.0,3647.08
PROD_00111,2024-July,16.0,15153.26
PROD_00287,2023-December,22.0,26424.130000000005
PROD_00204,2025-November,22.0,176936.95
PROD_00127,2024-December,4.0,5489.46
PROD_00048,2026-April,11.0,15013.54
PROD_00075,2023-February,13.0,18841.33
PROD_00125,2025-September,7.0,3090.2200000000003
PROD_00163,2025-September,13.0,89558.69
PROD_00282,2025-September,13.0,1906.69
PROD_00059,2024-October,4.0,8672.310000000001
PROD_00092,2024-October,1.0,1087.52
PROD_00228,2024-August,17.0,82011.45000000001
PROD_00017,2024-August,12.0,21748.5
PROD_00038,2026-August,1.0,1429.02
PROD_00080,2026-August,13.0,43970.71
PROD_00074,2025-March,15.0,22631.35
PROD_00110,2023-February,17.0,7036.84
PROD_00065,2025-May,9.0,5293.43
PROD_00015,2025-September,3.0,1570.38
PROD_00060,2026-June,11.0,29963.340000000004
PROD_00272,2024-October,8.0,15121.51
PROD_00082,2023-December,6.0,9272.95
PROD_00028,2025-December,10.0,4547.8
PROD_00278,2023-July,25.0,53576.869999999995
PROD_00185,2025-April,17.0,63636.46000000001
PROD_00076,2025-April,8.0,6609.79
PROD_00105,2023-May,8.0,32474.68
PROD_00188,2023-December,24.0,7967.449999999999
PROD_00071,2024-June,12.0,12395.17
PROD_00244,2025-January,12.0,9558.65
PROD_00142,2025-January,5.0,9956.0
PROD_00041,2024-February,8.0,5719.719999999999
PROD_00181,2024-February,13.0,32269.75
PROD_00153,2024-January,15.0,9593.64
PROD_00275,2024-January,10.0,3997.08
PROD_00023,2024-January,20.0,3374.11
PROD_00165,2024-May,22.0,25165.26
PROD_00045,2025-September,17.0,56609.880000000005
PROD_00017,2026-February,7.0,12739.48
PROD_00087,2026-February,6.0,44504.25
PROD_00152,2026-February,12.0,12143.3
PROD_00033,2025-June,3.0,5754.88
PROD_00070,2025-March,6.0,18569.73
PROD_00219,2025-March,15.0,2184.67
PROD_00114,2025-September,14.0,11705.189999999999
PROD_00165,2023-September,16.0,18267.24
PROD_00065,2025-July,13.0,7874.68
PROD_00254,2025-July,2.0,1562.83
PROD_00244,2026-April,13.0,10476.150000000001
PROD_00210,2023-October,18.0,8604.62
PROD_00163,2025-January,2.0,13694.1
PROD_00070,2024-October,16.0,48254.810000000005
PROD_00025,2023-September,3.0,8920.14
PROD_00021,2023-January,7.0,57868.10999999999
PROD_00194,2023-January,11.0,4521.68
PROD_00027,2026-January,9.0,12150.88
PROD_00178,2026-January,14.0,11683.85
PROD_00252,2026-May,25.0,145568.21000000002
PROD_00215,2025-March,7.0,16258.869999999999
PROD_00031,2024-July,19.0,28501.879999999997
PROD_00151,2025-November,13.0,9345.02
PROD_00081,2025-November,16.0,23021.74
PROD_00212,2024-July,18.0,15899.96
PROD_00193,2024-July,2.0,1710.75
PROD_00250,2025-November,16.0,37752.329999999994
PROD_00130,2025-November,27.0,9127.58
PROD_00237,2025-November,16.0,5016.16
PROD_00196,2025-December,13.0,5253.38
PROD_00241,2025-December,14.0,12629.79
PROD_00226,2025-December,26.0,5944.29
PROD_00155,2025-December,4.0,22054.49
PROD_00028,2025-July,11.0,5148.47
PROD_00012,2025-June,8.0,4303.42
PROD_00050,2025-June,3.0,3118.4399999999996
PROD_00259,2025-April,11.0,6888.1900000000005
PROD_00089,2025-April,14.0,14137.32
PROD_00128,2023-February,6.0,6276.96
PROD_00030,2023-November,11.0,24107.09
PROD_00132,2023-November,17.0,2603.5299999999997
PROD_00251,2023-February,12.0,14801.12
PROD_00229,2023-February,13.0,12873.84
PROD_00214,2023-November,5.0,6675.87
PROD_00003,2023-November,15.0,22501.760000000002
PROD_00184,2024-October,14.0,73710.01
PROD_00028,2024-October,21.0,9835.35
PROD_00226,2024-October,26.0,5875.76
PROD_00044,2026-May,6.0,6393.12
PROD_00107,2023-April,11.0,5863.0
PROD_00089,2023-April,19.0,19410.38
PROD_00119,2024-March,11.0,12852.73
PROD_00141,2023-June,9.0,15300.68
PROD_00160,2025-January,6.0,18398.64
PROD_00210,2023-April,11.0,5318.3
PROD_00168,2026-April,10.0,8005.78
PROD_00147,2026-April,11.0,10623.75
PROD_00162,2025-March,23.0,106735.57999999999
PROD_00063,2025-March,7.0,5861.39
PROD_00057,2024-July,9.0,1922.62
PROD_00163,2024-July,8.0,55669.13999999999
PROD_00250,2026-April,1.0,2371.27
PROD_00260,2025-November,14.0,15296.27
PROD_00023,2023-November,7.0,1155.99
PROD_00246,2023-November,8.0,25882.02
PROD_00044,2024-September,9.0,9782.94
PROD_00286,2023-March,3.0,19666.01
PROD_00232,2023-March,10.0,15400.32
PROD_00126,2023-December,14.0,13612.730000000001
PROD_00295,2023-December,7.0,9313.63
PROD_00054,2023-September,18.0,102306.95999999999
PROD_00282,2023-September,13.0,1960.2600000000002
PROD_00005,2026-May,8.0,16705.36
PROD_00172,2026-May,16.0,24412.32
PROD_00267,2026-March,14.0,10586.48
PROD_00257,2026-April,38.0,90304.57
PROD_00099,2026-August,6.0,2821.76
PROD_00166,2026-August,16.0,8028.5
PROD_00016,2023-August,11.0,47615.9
PROD_00277,2025-March,12.0,11236.619999999999
PROD_00035,2025-March,20.0,22197.28
PROD_00270,2023-March,12.0,25919.29
PROD_00038,2023-March,11.0,15469.620000000003
PROD_00093,2025-May,10.0,4572.0599999999995
PROD_00285,2025-May,15.0,45280.869999999995
PROD_00100,2025-May,20.0,11720.29
PROD_00045,2025-August,6.0,20810.239999999998
PROD_00011,2025-August,1.0,2019.45
PROD_00117,2025-July,13.0,2729.24
PROD_00037,2023-November,7.0,59445.9
PROD_00078,2023-March,4.0,320.65999999999997
PROD_00220,2023-March,19.0,37529.100000000006
PROD_00049,2023-March,2.0,1961.17
PROD_00014,2026-March,11.0,3462.06
PROD_00109,2026-March,22.0,45744.700000000004
PROD_00236,2024-March,16.0,1904.73
PROD_00010,2026-June,13.0,12097.61
PROD_00096,2026-June,7.0,18873.58
PROD_00148,2026-August,5.0,4173.95
PROD_00154,2026-August,4.0,12372.04
PROD_00187,2025-June,8.0,21811.96
PROD_00261,2025-January,1.0,6266.42
PROD_00017,2024-July,4.0,7419.29
PROD_00180,2024-July,13.0,6417.419999999999
PROD_00279,2023-May,4.0,2737.72
PROD_00287,2024-June,6.0,7373.52
PROD_00127,2024-June,12.0,16139.28
PROD_00011,2025-September,10.0,19908.36
PROD_00161,2025-September,15.0,6027.93
PROD_00191,2024-March,7.0,10291.45
PROD_00228,2024-March,6.0,29061.87
PROD_00074,2024-January,19.0,28893.22
PROD_00292,2025-June,10.0,18901.61
PROD_00134,2025-June,11.0,12994.099999999999
PROD_00257,2025-June,14.0,32481.340000000004
PROD_00093,2025-April,5.0,2151.46
PROD_00255,2025-April,12.0,25817.48
PROD_00242,2025-July,6.0,6785.85
PROD_00014,2024-December,4.0,1311.54
PROD_00247,2024-February,1.0,253.91
PROD_00046,2024-September,12.0,3819.51
PROD_00089,2025-January,4.0,3917.55
PROD_00065,2025-January,18.0,11013.12
PROD_00229,2026-August,1.0,999.84
PROD_00066,2026-July,21.0,7087.61
PROD_00062,2026-July,21.0,105297.42
PROD_00051,2026-July,12.0,4067.94
PROD_00023,2024-August,25.0,3998.6400000000003
PROD_00189,2025-December,13.0,26572.170000000002
PROD_00058,2024-August,7.0,554.2
PROD_00286,2024-August,3.0,19326.690000000002
PROD_00130,2024-August,19.0,6367.6900000000005
PROD_00209,2025-September,20.0,115736.02000000002
PROD_00029,2023-July,12.0,142337.26
PROD_00299,2023-July,13.0,2910.5299999999997
PROD_00295,2026-January,13.0,17627.68
PROD_00206,2026-January,20.0,31982.699999999997
PROD_00018,2023-October,5.0,14052.08
PROD_00109,2023-October,11.0,22986.85
PROD_00209,2023-November,6.0,33959.35
PROD_00028,2024-December,9.0,4174.04
PROD_00085,2024-March,15.0,10910.199999999999
PROD_00252,2024-March,8.0,48534.17
PROD_00224,2024-May,6.0,10825.28
PROD_00060,2023-February,13.0,33544.049999999996
PROD_00256,2025-February,3.0,6954.719999999999
PROD_00055,2025-February,4.0,2483.42
PROD_00287,2025-August,2.0,2468.5
PROD_00280,2025-October,11.0,1454.23
PROD_00105,2025-January,3.0,12257.34
PROD_00053,2025-January,11.0,48525.01000000001
PROD_00260,2023-August,9.0,9831.59
PROD_00182,2026-February,33.0,1877.33
PROD_00145,2026-February,18.0,150187.5
PROD_00209,2025-October,12.0,69072.4
PROD_00014,2025-February,12.0,3856.74
PROD_00105,2025-February,11.0,44915.25
PROD_00025,2025-January,11.0,32239.6
PROD_00246,2023-April,10.0,31336.199999999997
PROD_00224,2026-March,17.0,29536.66
PROD_00212,2026-March,6.0,5236.08
PROD_00056,2024-January,3.0,927.46
PROD_00018,2025-September,6.0,16887.26
PROD_00241,2025-September,19.0,16991.82
PROD_00004,2025-September,4.0,8786.4
PROD_00089,2023-March,8.0,7958.9400000000005
PROD_00172,2023-March,17.0,26064.739999999998
PROD_00006,2023-March,22.0,22578.75
PROD_00087,2023-September,10.0,73872.73
PROD_00229,2024-March,5.0,5123.03
PROD_00029,2025-May,11.0,128462.29000000001
PROD_00013,2025-August,19.0,9301.28
PROD_00173,2023-November,12.0,595.54
PROD_00071,2023-November,2.0,2049.64
PROD_00286,2023-November,5.0,31905.96
PROD_00026,2025-November,11.0,27720.089999999997
PROD_00288,2023-October,9.0,20025.059999999998
PROD_00158,2025-February,6.0,5221.74
PROD_00108,2024-April,2.0,82.28
PROD_00053,2024-April,2.0,8740.130000000001
PROD_00254,2024-October,9.0,7191.75
PROD_00057,2024-October,13.0,2759.79
PROD_00112,2024-October,12.0,7693.84
PROD_00015,2023-June,17.0,8562.92
PROD_00150,2026-March,7.0,10636.23
PROD_00075,2026-March,5.0,7201.42
PROD_00193,2025-April,4.0,3526.7400000000002
PROD_00049,2025-April,8.0,8054.32
PROD_00047,2025-July,6.0,9708.53
PROD_00043,2025-July,12.0,15975.390000000001
PROD_00067,2024-October,22.0,25913.98
PROD_00150,2024-October,26.0,39551.380000000005
PROD_00091,2023-April,4.0,5970.08
PROD_00026,2024-January,10.0,25613.600000000002
PROD_00273,2024-January,11.0,5180.86
PROD_00261,2023-September,15.0,95069.78
PROD_00292,2024-September,23.0,43018.659999999996
PROD_00004,2024-September,15.0,32595.010000000002
PROD_00010,2026-April,18.0,16446.290000000005
PROD_00154,2024-June,7.0,21950.620000000003
PROD_00214,2023-May,15.0,20492.91
PROD_00039,2023-May,6.0,28887.300000000003
PROD_00167,2023-May,11.0,9907.969999999998
PROD_00095,2026-January,2.0,297.99
PROD_00290,2026-January,7.0,674.7
PROD_00014,2026-July,11.0,3520.16
PROD_00096,2025-August,9.0,24458.69
PROD_00275,2025-August,12.0,4715.77
PROD_00147,2024-November,17.0,16950.550000000003
PROD_00096,2024-November,8.0,21873.4
PROD_00083,2024-November,19.0,24630.329999999998
PROD_00194,2024-November,3.0,1247.8
PROD_00252,2025-June,18.0,106066.16
PROD_00277,2025-June,8.0,7088.03
PROD_00059,2024-July,22.0,47862.67
PROD_00125,2024-July,7.0,3178.2799999999997
PROD_00075,2024-July,15.0,22043.08
PROD_00265,2025-March,12.0,18500.170000000002
PROD_00016,2025-March,3.0,12809.22
PROD_00109,2023-July,7.0,14373.939999999999
PROD_00291,2023-July,6.0,5319.42
PROD_00242,2023-July,16.0,17746.46
PROD_00049,2024-April,3.0,3009.56
PROD_00125,2024-April,4.0,1797.7199999999998
PROD_00231,2024-March,8.0,23735.42
PROD_00224,2024-March,18.0,32254.65
PROD_00004,2024-August,11.0,23432.769999999997
PROD_00025,2024-August,9.0,25665.15
PROD_00009,2023-November,11.0,14110.25
PROD_00021,2025-October,8.0,64941.96
PROD_00026,2025-October,10.0,24869.24
PROD_00279,2025-October,10.0,7044.49
PROD_00152,2023-July,17.0,17351.51
PROD_00141,2023-November,7.0,11746.369999999999
PROD_00042,2026-July,5.0,9419.32
PROD_00118,2026-July,14.0,8183.09
PROD_00170,2026-July,10.0,9196.75
PROD_00208,2025-October,15.0,7733.5199999999995
PROD_00250,2025-October,9.0,21748.440000000002
PROD_00016,2025-May,14.0,60702.96
PROD_00260,2025-May,40.0,43997.49
PROD_00161,2024-December,7.0,2838.01
PROD_00022,2024-December,4.0,902.4
PROD_00097,2024-May,13.0,67532.09
PROD_00137,2024-January,8.0,2495.09
PROD_00284,2024-January,1.0,490.99
PROD_00037,2024-January,1.0,9050.08
PROD_00180,2023-June,1.0,499.54
PROD_00025,2025-November,18.0,54059.87000000001
PROD_00096,2025-November,10.0,27934.68
PROD_00262,2025-November,18.0,14224.57
PROD_00131,2023-February,11.0,10243.640000000001
PROD_00155,2025-August,5.0,28631.15
PROD_00033,2025-April,8.0,15504.97
PROD_00144,2025-April,2.0,1051.0300000000002
PROD_00084,2024-November,12.0,12560.02
PROD_00248,2024-November,24.0,15731.199999999999
PROD_00111,2026-January,20.0,19067.71
PROD_00288,2026-January,7.0,15240.79
PROD_00141,2023-December,9.0,15314.75
PROD_00060,2023-December,4.0,10912.92
PROD_00297,2025-September,8.0,10991.470000000001
PROD_00123,2025-September,10.0,4710.86
PROD_00164,2024-June,13.0,3589.08
PROD_00051,2023-August,3.0,990.55
PROD_00115,2023-October,10.0,8810.82
PROD_00069,2023-October,8.0,12647.0
PROD_00245,2026-February,10.0,1326.81
PROD_00053,2026-February,7.0,31125.15
PROD_00265,2024-May,15.0,23334.35
PROD_00056,2026-June,21.0,6291.210000000001
PROD_00233,2026-March,11.0,11238.029999999999
PROD_00176,2023-November,10.0,11211.580000000002
PROD_00098,2026-May,8.0,5401.62
PROD_00040,2026-May,1.0,484.5
PROD_00212,2026-February,22.0,19813.15
PROD_00091,2024-April,8.0,11703.22
PROD_00039,2025-July,13.0,62159.7
PROD_00255,2025-July,26.0,57082.05
PROD_00294,2025-July,14.0,168355.46
PROD_00299,2024-January,1.0,223.78
PROD_00188,2023-May,6.0,1964.6799999999998
PROD_00255,2023-June,21.0,45927.12
PROD_00012,2025-September,4.0,2116.1099999999997
PROD_00080,2025-September,9.0,31013.390000000003
PROD_00019,2025-September,2.0,2920.16
PROD_00139,2023-May,9.0,276.2
PROD_00031,2024-March,10.0,15025.02
PROD_00145,2023-April,2.0,17839.97
PROD_00127,2023-April,20.0,27390.88
PROD_00094,2025-March,9.0,18535.050000000003
PROD_00041,2024-October,14.0,9692.65
PROD_00044,2024-October,11.0,12254.16
PROD_00018,2024-November,6.0,16391.0
PROD_00057,2024-November,14.0,2925.0499999999997
PROD_00002,2024-December,7.0,42069.11
PROD_00030,2025-December,4.0,8799.57
PROD_00112,2025-December,6.0,3985.26
PROD_00280,2025-December,5.0,683.5
PROD_00202,2023-November,34.0,57708.13
PROD_00025,2025-June,10.0,29254.760000000002
PROD_00129,2023-June,7.0,72221.59
PROD_00004,2023-June,5.0,10719.01
PROD_00170,2026-March,7.0,6371.5199999999995
PROD_00295,2024-April,12.0,16147.91
PROD_00056,2024-April,6.0,1900.8399999999997
PROD_00273,2024-July,10.0,4667.19
PROD_00013,2024-July,6.0,2894.88
PROD_00211,2024-January,5.0,7837.86
PROD_00124,2025-October,10.0,17122.52
PROD_00263,2025-October,14.0,3236.12
PROD_00184,2024-December,5.0,25705.659999999996
PROD_00057,2025-October,12.0,2508.3
PROD_00133,2023-November,9.0,21591.62
PROD_00054,2025-January,11.0,63144.729999999996
PROD_00218,2023-August,16.0,38143.90000000001
PROD_00022,2024-April,10.0,2251.34
PROD_00036,2025-April,16.0,57806.6
PROD_00025,2026-March,2.0,5985.1900000000005
PROD_00055,2026-March,5.0,3066.6400000000003
PROD_00136,2023-June,8.0,23282.96
PROD_00185,2025-November,18.0,66135.37999999999
PROD_00265,2025-November,3.0,4484.7300000000005
PROD_00241,2025-November,16.0,14413.73
PROD_00069,2023-November,1.0,1522.55
PROD_00279,2023-November,14.0,9902.0
PROD_00008,2023-November,10.0,32825.51
PROD_00177,2023-December,7.0,3086.29
PROD_00295,2026-May,13.0,17262.489999999998
PROD_00022,2026-May,8.0,1733.36
PROD_00255,2023-September,4.0,8655.68
PROD_00064,2024-April,20.0,44563.84
PROD_00283,2024-April,6.0,3276.38
PROD_00034,2024-April,14.0,6078.870000000001
PROD_00166,2024-April,22.0,10980.83
PROD_00275,2025-March,26.0,10170.7
PROD_00098,2026-July,14.0,9593.32
PROD_00111,2025-February,6.0,5749.049999999999
PROD_00170,2025-February,5.0,4511.92
PROD_00238,2023-October,10.0,12747.23
PROD_00042,2025-January,5.0,9191.4
PROD_00275,2023-March,1.0,400.28
PROD_00004,2025-April,11.0,25094.02
PROD_00230,2025-April,14.0,12311.72
PROD_00241,2024-October,12.0,10886.81
PROD_00032,2024-October,5.0,5786.3099999999995
PROD_00099,2026-February,1.0,480.2
PROD_00092,2026-February,18.0,19466.25
PROD_00181,2026-February,7.0,17701.77
PROD_00020,2025-September,9.0,7673.07
PROD_00025,2023-April,18.0,52866.15
PROD_00088,2023-October,9.0,1570.87
PROD_00199,2023-October,8.0,3515.88
PROD_00254,2024-March,16.0,12921.33
PROD_00020,2024-March,18.0,15814.64
PROD_00126,2024-August,12.0,11078.460000000001
PROD_00263,2024-February,14.0,3159.04
PROD_00105,2024-February,12.0,48407.64
PROD_00275,2026-May,11.0,4147.64
PROD_00088,2025-September,19.0,3297.51
PROD_00131,2023-September,1.0,938.22
PROD_00191,2023-September,18.0,25836.37
PROD_00210,2024-January,7.0,3408.7700000000004
PROD_00043,2023-July,9.0,12352.05
PROD_00276,2023-February,11.0,12658.48
PROD_00069,2023-February,7.0,10382.009999999998
PROD_00262,2024-February,24.0,18797.57
PROD_00190,2024-February,13.0,11933.060000000001
PROD_00235,2024-October,2.0,239.2
PROD_00091,2026-May,11.0,15854.449999999999
PROD_00261,2026-May,6.0,37083.310000000005
PROD_00065,2024-December,13.0,7765.999999999999
PROD_00134,2025-July,12.0,14344.64
PROD_00240,2023-October,15.0,5950.9400000000005
PROD_00204,2024-October,28.0,223169.47999999998
PROD_00211,2025-March,2.0,3179.0600000000004
PROD_00030,2025-October,6.0,13537.56
PROD_00037,2023-June,7.0,62504.95999999999
PROD_00128,2023-June,15.0,15707.36
PROD_00169,2023-June,7.0,14641.530000000002
PROD_00178,2023-August,11.0,8975.66
PROD_00002,2025-December,31.0,189400.05
PROD_00102,2024-February,14.0,28977.14
PROD_00267,2024-February,3.0,2253.61
PROD_00050,2023-March,16.0,17135.12
PROD_00271,2023-December,11.0,4943.77
PROD_00154,2023-December,13.0,41228.82
PROD_00050,2023-December,6.0,6165.66
PROD_00195,2023-December,10.0,6468.679999999999
PROD_00020,2023-December,9.0,7635.639999999999
PROD_00264,2023-December,12.0,18763.75
PROD_00180,2026-April,10.0,5078.910000000001
PROD_00209,2026-January,16.0,93497.53
PROD_00148,2026-January,4.0,3199.09
PROD_00166,2025-April,18.0,8874.48
PROD_00078,2025-April,7.0,556.24
PROD_00178,2023-May,10.0,8301.65
PROD_00233,2025-May,13.0,13193.74
PROD_00298,2025-March,13.0,45738.049999999996
PROD_00029,2025-March,4.0,47902.880000000005
PROD_00175,2026-June,10.0,18220.91
PROD_00064,2025-April,1.0,2265.63
PROD_00166,2023-August,10.0,5037.28
PROD_00288,2023-November,16.0,36149.28
PROD_00098,2023-November,16.0,10692.78
PROD_00299,2026-February,1.0,216.69
PROD_00003,2026-February,7.0,10719.65
PROD_00084,2025-January,17.0,18308.539999999997
PROD_00289,2025-January,25.0,70152.66
PROD_00228,2025-January,25.0,123644.66
PROD_00118,2026-February,19.0,10927.15
PROD_00136,2026-January,12.0,34470.21000000001
PROD_00161,2026-January,6.0,2413.96
PROD_00209,2023-January,11.0,62322.04000000001
PROD_00026,2023-December,7.0,17399.510000000002
PROD_00072,2023-December,7.0,4128.3099999999995
PROD_00199,2024-September,7.0,3108.5299999999997
PROD_00230,2024-August,5.0,4276.7300000000005
PROD_00164,2023-May,14.0,3853.0600000000004
PROD_00036,2023-May,5.0,18628.66
PROD_00025,2023-May,4.0,11543.6
PROD_00222,2023-May,6.0,9695.64
PROD_00285,2024-March,5.0,15395.720000000001
PROD_00030,2025-March,7.0,15062.720000000001
PROD_00055,2025-April,1.0,621.34
PROD_00132,2025-April,9.0,1371.67
PROD_00175,2023-September,15.0,27748.05
PROD_00181,2023-September,17.0,44715.19
PROD_00299,2023-September,6.0,1334.4
PROD_00279,2024-July,7.0,4814.37
PROD_00082,2024-July,6.0,9176.95
PROD_00032,2026-January,22.0,26492.769999999997
PROD_00215,2026-January,17.0,39750.31
PROD_00132,2023-January,12.0,1842.61
PROD_00042,2023-March,18.0,33553.14
PROD_00150,2023-June,5.0,7809.85
PROD_00117,2023-June,12.0,2504.44
PROD_00117,2024-October,12.0,2523.8
PROD_00288,2024-February,9.0,20371.02
PROD_00091,2025-August,12.0,17307.539999999997
PROD_00164,2025-August,18.0,4889.03
PROD_00151,2024-January,13.0,9534.4
PROD_00090,2024-January,22.0,82541.24999999999
PROD_00250,2023-January,17.0,40893.57
PROD_00213,2023-January,12.0,11758.55
PROD_00205,2025-December,4.0,1611.56
PROD_00211,2023-April,13.0,20268.48
PROD_00136,2025-April,8.0,23241.68
PROD_00010,2025-April,8.0,7345.540000000001
PROD_00082,2025-April,7.0,10734.48
PROD_00265,2025-April,11.0,16746.13
PROD_00080,2024-February,6.0,20648.52
PROD_00064,2024-February,15.0,33160.34
PROD_00159,2026-July,6.0,5503.1
PROD_00072,2026-July,9.0,5303.6
PROD_00029,2025-January,10.0,118544.29
PROD_00064,2025-October,17.0,38056.73
PROD_00041,2025-October,19.0,12933.310000000001
PROD_00268,2025-September,16.0,25849.77
PROD_00032,2025-September,21.0,25196.050000000003
PROD_00046,2023-June,10.0,3217.1800000000003
PROD_00144,2023-June,11.0,6047.87
PROD_00280,2023-June,3.0,397.29
PROD_00193,2023-January,12.0,10506.61
PROD_00159,2025-April,10.0,8897.7
PROD_00223,2023-April,10.0,22702.16
PROD_00295,2023-April,5.0,6736.900000000001
PROD_00154,2023-July,12.0,37649.1
PROD_00027,2023-July,12.0,16518.09
PROD_00049,2025-November,11.0,10855.46
PROD_00192,2024-October,8.0,10380.68
PROD_00276,2023-April,8.0,8793.52
PROD_00014,2025-April,9.0,2869.1499999999996
PROD_00198,2024-February,10.0,8337.43
PROD_00002,2024-August,4.0,24453.76
PROD_00260,2026-April,4.0,4527.09
PROD_00027,2026-April,15.0,20364.980000000003
PROD_00115,2025-January,9.0,7989.57
PROD_00083,2023-December,7.0,9013.099999999999
PROD_00028,2023-December,19.0,8719.72
PROD_00202,2023-February,15.0,25658.78
PROD_00192,2023-June,6.0,7724.98
PROD_00067,2023-June,4.0,4623.12
PROD_00005,2023-June,26.0,54152.64
PROD_00184,2024-June,17.0,88922.48999999999
PROD_00074,2025-June,6.0,8972.04
PROD_00005,2023-May,11.0,23049.449999999997
PROD_00032,2023-February,8.0,9479.01
PROD_00200,2023-February,7.0,4593.5
PROD_00274,2023-February,5.0,1313.75
PROD_00294,2025-May,5.0,58812.61000000001
PROD_00037,2023-December,2.0,17129.7
PROD_00139,2026-June,11.0,332.82000000000005
PROD_00170,2024-December,11.0,10022.32
PROD_00243,2025-July,9.0,734.8299999999999
PROD_00078,2024-May,10.0,805.51
PROD_00256,2023-July,4.0,9265.619999999999
PROD_00295,2023-July,7.0,9248.28
PROD_00133,2023-July,6.0,14600.099999999999
PROD_00075,2024-February,5.0,7148.7
PROD_00130,2024-February,3.0,1018.3499999999999
PROD_00282,2024-February,1.0,150.85
PROD_00195,2023-July,12.0,7677.42
PROD_00221,2023-June,28.0,39319.31
PROD_00058,2025-July,2.0,161.32999999999998
PROD_00232,2025-July,6.0,8878.78
PROD_00181,2024-May,3.0,7295.3
PROD_00006,2024-May,3.0,3038.7799999999997
PROD_00167,2024-May,22.0,20241.77
PROD_00214,2024-September,1.0,1336.6
PROD_00012,2024-September,7.0,3731.54
PROD_00203,2024-June,4.0,3282.88
PROD_00208,2023-December,8.0,4065.62
PROD_00299,2023-December,10.0,2214.37
PROD_00166,2025-August,4.0,1991.44
PROD_00297,2025-August,9.0,12441.720000000001
PROD_00109,2023-February,13.0,26576.06
PROD_00213,2023-February,13.0,12622.38
PROD_00020,2026-July,5.0,4214.1
PROD_00176,2023-April,7.0,7999.880000000001
PROD_00019,2023-June,20.0,29725.82
PROD_00068,2025-December,18.0,7821.64
PROD_00116,2025-December,19.0,24158.61
PROD_00219,2026-March,2.0,282.76
PROD_00249,2026-March,9.0,14106.349999999999
PROD_00098,2026-March,15.0,10733.939999999999
PROD_00017,2023-October,18.0,33076.29
PROD_00026,2023-August,10.0,24941.28
PROD_00292,2023-November,24.0,44943.23999999999
PROD_00009,2025-March,15.0,19663.37
PROD_00165,2025-February,1.0,1133.96
PROD_00171,2025-February,8.0,14469.34
PROD_00001,2024-May,14.0,18403.54
PROD_00035,2024-May,10.0,11181.13
PROD_00210,2026-March,10.0,4726.41
PROD_00299,2025-June,7.0,1525.83
PROD_00148,2025-December,11.0,8921.39
PROD_00076,2025-December,4.0,3242.34
PROD_00073,2025-October,5.0,1798.73
PROD_00219,2024-October,8.0,1181.45
PROD_00193,2024-October,13.0,11184.71
PROD_00121,2025-August,5.0,6293.09
PROD_00110,2024-March,18.0,7551.799999999999
PROD_00026,2023-June,9.0,22439.52
PROD_00297,2023-June,14.0,19767.43
PROD_00008,2026-April,3.0,9647.560000000001
PROD_00134,2023-August,11.0,13049.560000000001
PROD_00220,2024-November,9.0,17496.83
PROD_00243,2026-March,9.0,753.91
PROD_00180,2026-March,12.0,6012.459999999999
PROD_00165,2024-September,8.0,9309.03
PROD_00147,2024-July,6.0,6153.43
PROD_00025,2024-July,2.0,6022.5
PROD_00125,2024-February,16.0,7269.820000000001
PROD_00064,2023-March,3.0,6647.219999999999
PROD_00063,2023-March,6.0,5178.799999999999
PROD_00024,2023-January,7.0,6118.43
PROD_00208,2023-January,9.0,4606.3099999999995
PROD_00141,2023-January,3.0,4953.16
PROD_00120,2024-August,21.0,9336.62
PROD_00130,2025-August,21.0,7047.4400000000005
PROD_00027,2025-August,6.0,8266.38
PROD_00086,2026-March,9.0,40040.96
PROD_00064,2024-June,7.0,15452.18
PROD_00172,2025-April,8.0,12187.63
PROD_00287,2025-April,6.0,7608.29
PROD_00219,2024-March,11.0,1590.63
PROD_00285,2023-February,12.0,36235.27
PROD_00260,2023-February,8.0,8896.26
PROD_00106,2025-August,5.0,2625.99
PROD_00266,2023-July,11.0,6438.1
PROD_00296,2024-October,15.0,19589.910000000003
PROD_00182,2023-September,11.0,640.26
PROD_00231,2023-January,8.0,23869.190000000002
PROD_00026,2023-January,6.0,15150.44
PROD_00298,2026-April,15.0,53965.81
PROD_00033,2023-May,11.0,21725.850000000002
PROD_00100,2023-May,9.0,5212.37
PROD_00089,2024-August,4.0,4130.5199999999995
PROD_00260,2024-August,8.0,8741.6
PROD_00223,2023-July,15.0,35334.92
PROD_00093,2023-July,4.0,1797.42
PROD_00249,2023-November,14.0,22299.15
PROD_00119,2023-November,11.0,13243.68
PROD_00039,2026-May,9.0,43396.32
PROD_00003,2026-May,12.0,17909.789999999997
PROD_00066,2026-June,9.0,3037.08
PROD_00205,2024-February,7.0,2780.57
PROD_00040,2024-February,4.0,1842.3000000000002
PROD_00103,2024-February,15.0,12725.28
PROD_00269,2025-October,30.0,40492.68
PROD_00298,2024-May,10.0,36660.29
PROD_00069,2024-May,7.0,10845.529999999999
PROD_00050,2025-November,1.0,1034.65
PROD_00249,2025-November,3.0,4743.13
PROD_00176,2025-September,9.0,10345.92
PROD_00130,2026-April,11.0,3640.5600000000004
PROD_00002,2026-April,2.0,12751.58
PROD_00054,2026-July,5.0,28269.3
PROD_00054,2023-November,12.0,68422.55
PROD_00006,2025-April,10.0,10344.76
PROD_00194,2025-March,16.0,6546.45
PROD_00178,2025-March,15.0,12634.49
PROD_00245,2023-August,17.0,2194.7200000000003
PROD_00149,2025-January,10.0,10484.47
PROD_00061,2025-January,17.0,17473.43
PROD_00133,2023-May,12.0,29270.47
PROD_00168,2024-October,8.0,6588.88
PROD_00214,2025-November,8.0,10938.45
PROD_00005,2025-November,10.0,20919.22
PROD_00291,2024-September,16.0,14385.300000000001
PROD_00265,2023-February,16.0,24284.51
PROD_00122,2023-February,6.0,1206.19
PROD_00179,2023-January,9.0,16564.67
PROD_00130,2023-March,10.0,3403.8199999999997
PROD_00106,2023-March,23.0,12375.41
PROD_00274,2025-February,6.0,1549.6799999999998
PROD_00106,2024-January,5.0,2582.2
PROD_00131,2023-October,9.0,8543.63
PROD_00243,2024-March,5.0,416.4
PROD_00300,2024-March,3.0,1734.14
PROD_00087,2024-March,6.0,45819.479999999996
PROD_00166,2024-March,10.0,5063.76
PROD_00033,2025-February,24.0,47323.369999999995
PROD_00239,2025-February,17.0,5414.23
PROD_00037,2026-January,5.0,43867.54
PROD_00057,2026-January,8.0,1657.9600000000003
PROD_00262,2026-February,10.0,7809.93
PROD_00123,2026-July,4.0,1853.53
PROD_00293,2026-July,1.0,1191.15
PROD_00054,2026-February,9.0,52226.16
PROD_00089,2023-September,7.0,7136.53
PROD_00116,2025-March,9.0,11527.369999999999
PROD_00189,2025-April,11.0,21807.14
PROD_00184,2025-December,11.0,59204.39
PROD_00067,2025-August,10.0,11865.69
PROD_00004,2025-February,4.0,8449.17
PROD_00079,2025-July,17.0,24083.589999999997
PROD_00172,2025-July,34.0,52073.31
PROD_00271,2025-November,6.0,2703.0
PROD_00276,2025-November,15.0,16250.59
PROD_00247,2026-August,2.0,488.84000000000003
PROD_00253,2026-July,9.0,9145.58
PROD_00112,2026-July,9.0,6017.8
PROD_00211,2026-July,9.0,14096.81
PROD_00285,2025-April,5.0,15846.49
PROD_00200,2025-April,10.0,6469.5199999999995
PROD_00045,2023-January,11.0,36829.86
PROD_00206,2023-January,13.0,20938.23
PROD_00250,2024-April,2.0,4716.34
PROD_00069,2024-April,11.0,17106.8
PROD_00069,2025-November,3.0,4698.1900000000005
PROD_00183,2025-November,8.0,94486.05
PROD_00153,2025-May,24.0,15416.75
PROD_00227,2026-March,6.0,12688.98
PROD_00066,2026-March,8.0,2699.2200000000003
PROD_00212,2024-January,6.0,5379.61
PROD_00205,2025-May,7.0,2808.81
PROD_00011,2025-June,4.0,8069.330000000001
PROD_00032,2025-June,8.0,9708.339999999998
PROD_00167,2025-May,13.0,12108.539999999999
PROD_00052,2024-December,24.0,72134.68
PROD_00171,2024-December,6.0,10952.86
PROD_00290,2024-March,6.0,574.51
PROD_00284,2023-March,10.0,4954.33
PROD_00172,2024-July,11.0,16997.510000000002
PROD_00206,2024-June,6.0,9656.58
PROD_00028,2025-May,13.0,5860.17
PROD_00073,2023-March,13.0,4616.18
PROD_00138,2026-March,7.0,2597.15
PROD_00103,2026-March,10.0,7851.15
PROD_00019,2023-July,6.0,8653.14
PROD_00290,2025-August,5.0,493.29999999999995
PROD_00042,2025-August,11.0,20326.68
PROD_00252,2023-December,17.0,99050.0
PROD_00281,2024-August,9.0,6999.03
PROD_00098,2025-October,17.0,11717.680000000002
PROD_00108,2024-August,15.0,606.69
PROD_00064,2024-August,13.0,28829.64
PROD_00199,2025-April,12.0,5374.46
PROD_00074,2023-July,10.0,14777.89
PROD_00140,2023-July,4.0,3072.56
PROD_00086,2023-June,21.0,92202.31999999999
PROD_00145,2023-June,23.0,193847.21
PROD_00238,2024-May,8.0,10243.0
PROD_00268,2026-July,9.0,14639.56
PROD_00055,2026-July,9.0,5569.63
PROD_00144,2026-July,12.0,6499.610000000001
PROD_00241,2026-July,11.0,9798.82
PROD_00025,2024-November,19.0,56601.310000000005
PROD_00090,2023-December,7.0,26218.440000000002
PROD_00264,2023-March,8.0,11938.93
PROD_00153,2023-March,13.0,8361.970000000001
PROD_00254,2023-March,18.0,14455.380000000001
PROD_00209,2023-July,17.0,99298.91
PROD_00297,2023-July,10.0,14286.33
PROD_00269,2023-July,23.0,30216.63
PROD_00140,2024-September,6.0,4706.68
PROD_00090,2024-September,22.0,85728.4
PROD_00288,2024-September,11.0,24243.29
PROD_00158,2025-September,5.0,4560.21
PROD_00134,2024-September,11.0,12649.9
PROD_00275,2024-September,13.0,4911.44
PROD_00107,2024-December,6.0,3135.3999999999996
PROD_00236,2026-April,24.0,2805.9700000000003
PROD_00157,2026-April,7.0,21839.87
PROD_00286,2025-September,17.0,110153.04000000001
PROD_00290,2025-September,14.0,1357.88
PROD_00038,2023-August,3.0,4175.28
PROD_00165,2023-June,9.0,10366.31
PROD_00173,2023-June,5.0,238.9
PROD_00216,2023-June,6.0,3918.8
PROD_00269,2023-February,5.0,7094.95
PROD_00033,2024-January,7.0,13851.47
PROD_00048,2023-September,6.0,8403.199999999999
PROD_00109,2025-March,17.0,35590.670000000006
PROD_00051,2025-February,15.0,5055.73
PROD_00098,2023-October,8.0,5587.66
PROD_00216,2024-November,17.0,11227.46
PROD_00166,2024-November,2.0,990.28
PROD_00209,2026-April,7.0,40842.27
PROD_00008,2023-August,9.0,28837.61
PROD_00282,2023-August,5.0,758.81
PROD_00057,2023-August,7.0,1482.0
PROD_00298,2025-June,7.0,25551.63
PROD_00286,2025-June,1.0,6702.37
PROD_00265,2024-June,4.0,6164.119999999999
PROD_00022,2024-June,5.0,1081.1499999999999
PROD_00249,2024-December,1.0,1641.99
PROD_00257,2024-October,11.0,25621.21
PROD_00283,2024-October,12.0,6606.3099999999995
PROD_00058,2024-October,12.0,974.93
PROD_00295,2023-March,1.0,1311.67
PROD_00088,2026-July,11.0,1958.03
PROD_00097,2026-July,8.0,40314.34
PROD_00031,2024-June,18.0,27290.509999999995
PROD_00205,2025-January,13.0,5423.33
PROD_00175,2024-May,11.0,20103.71
PROD_00207,2024-May,9.0,51701.38
PROD_00150,2024-May,20.0,30784.52
PROD_00175,2024-August,4.0,7123.910000000001
PROD_00254,2024-September,5.0,3875.3999999999996
PROD_00087,2024-September,8.0,57479.08
PROD_00264,2024-January,9.0,13563.82
PROD_00054,2026-April,4.0,21556.57
PROD_00127,2025-August,15.0,20341.429999999997
PROD_00151,2025-August,16.0,11651.65
PROD_00238,2026-March,16.0,20063.68
PROD_00117,2026-March,8.0,1710.46
PROD_00118,2023-December,17.0,10149.87
PROD_00071,2023-December,22.0,22392.909999999996
PROD_00101,2024-February,14.0,16032.439999999999
PROD_00116,2023-June,8.0,9911.28
PROD_00244,2023-June,8.0,6353.58
PROD_00036,2023-August,9.0,33849.94
PROD_00123,2025-May,5.0,2347.15
PROD_00291,2026-March,9.0,7864.610000000001
PROD_00195,2026-March,13.0,8059.6
PROD_00117,2025-October,15.0,3185.6000000000004
PROD_00040,2023-June,5.0,2359.88
PROD_00051,2024-March,1.0,335.04
PROD_00231,2023-November,14.0,41383.7
PROD_00177,2023-February,19.0,8368.99
PROD_00149,2023-February,5.0,5419.25
PROD_00179,2023-August,13.0,24845.73
PROD_00035,2024-November,12.0,13143.390000000001
PROD_00051,2025-June,19.0,6558.0
PROD_00179,2025-June,12.0,22287.059999999998
PROD_00028,2025-June,15.0,6859.84
PROD_00014,2024-November,18.0,5694.84
PROD_00023,2024-November,7.0,1115.58
PROD_00097,2025-February,23.0,119747.19000000002
PROD_00202,2025-November,7.0,11648.73
PROD_00011,2023-June,5.0,9948.07
PROD_00012,2023-June,2.0,1066.3
PROD_00226,2023-July,5.0,1146.53
PROD_00253,2024-July,27.0,28115.96
PROD_00167,2024-February,16.0,14815.92
PROD_00016,2026-July,9.0,37852.21
PROD_00216,2024-January,1.0,651.42
PROD_00154,2023-September,2.0,6143.74
PROD_00070,2023-September,6.0,17822.94
PROD_00190,2025-April,1.0,917.55
PROD_00047,2025-June,5.0,8120.379999999999
PROD_00216,2025-May,12.0,8022.8
PROD_00297,2024-June,11.0,15536.01
PROD_00103,2025-December,7.0,5807.19
PROD_00252,2024-April,12.0,71299.86
PROD_00298,2024-April,19.0,70708.5
PROD_00299,2025-September,5.0,1112.27
PROD_00184,2023-December,22.0,117118.31
PROD_00188,2023-November,9.0,2835.95
PROD_00017,2023-November,6.0,11110.99
PROD_00137,2023-December,11.0,3573.61
PROD_00187,2023-December,4.0,10926.96
PROD_00161,2023-July,12.0,4990.969999999999
PROD_00117,2023-July,2.0,425.64
PROD_00167,2024-January,3.0,2602.62
PROD_00254,2024-January,16.0,12711.12
PROD_00212,2024-March,14.0,12517.12
PROD_00260,2023-May,26.0,28997.5
PROD_00111,2024-March,3.0,2690.88
PROD_00050,2024-March,12.0,12765.0
PROD_00246,2024-March,4.0,13294.72
PROD_00248,2023-December,13.0,8765.720000000001
PROD_00210,2023-December,8.0,3822.6500000000005
PROD_00223,2024-November,11.0,25743.81
PROD_00262,2023-February,23.0,18134.32
PROD_00291,2026-January,11.0,9611.5
PROD_00009,2026-February,8.0,10527.52
PROD_00121,2024-April,15.0,18910.05
PROD_00155,2025-January,9.0,53403.450000000004
PROD_00199,2026-July,10.0,4476.77
PROD_00146,2023-August,14.0,4165.459999999999
PROD_00201,2024-August,10.0,4154.299999999999
PROD_00191,2025-March,16.0,23255.68
PROD_00102,2023-February,9.0,19031.309999999998
PROD_00132,2023-August,25.0,3841.3700000000003
PROD_00056,2025-December,1.0,303.1
PROD_00079,2025-December,25.0,35298.67
PROD_00145,2023-September,9.0,75022.97
PROD_00145,2024-May,9.0,75794.85
PROD_00220,2026-June,15.0,29577.800000000003
PROD_00097,2025-April,10.0,51895.2
PROD_00240,2025-April,2.0,844.69
PROD_00194,2025-April,6.0,2453.1
PROD_00259,2023-August,16.0,9543.380000000001
PROD_00153,2023-August,7.0,4485.55
PROD_00066,2025-October,9.0,2999.67
PROD_00177,2024-May,12.0,5264.32
PROD_00242,2025-December,9.0,9998.55
PROD_00058,2025-December,17.0,1363.18
PROD_00061,2025-May,5.0,5160.81
PROD_00182,2025-September,13.0,736.76
PROD_00237,2024-July,9.0,2799.66
PROD_00095,2024-October,17.0,2398.5
PROD_00097,2024-October,6.0,30555.76
PROD_00033,2026-June,11.0,21838.57
PROD_00035,2024-October,4.0,4394.69
PROD_00047,2026-January,18.0,29600.48
PROD_00181,2023-June,11.0,29130.39
PROD_00139,2026-August,9.0,268.57
PROD_00047,2023-November,4.0,6431.959999999999
PROD_00219,2024-June,4.0,572.08
PROD_00080,2024-June,13.0,45038.979999999996
PROD_00089,2025-November,11.0,10843.51
PROD_00082,2024-December,6.0,9557.37
PROD_00093,2024-December,17.0,7604.459999999999
PROD_00253,2024-December,18.0,18259.590000000004
PROD_00070,2026-January,5.0,14093.599999999999
PROD_00250,2026-January,10.0,24326.240000000005
PROD_00082,2026-January,8.0,12385.48
PROD_00200,2025-January,5.0,3199.88
PROD_00278,2026-August,4.0,8743.2
PROD_00233,2024-November,7.0,7245.360000000001
PROD_00037,2024-May,4.0,34429.67
PROD_00182,2024-May,9.0,504.12
PROD_00041,2024-May,16.0,11093.570000000002
PROD_00035,2023-February,2.0,2300.16
PROD_00022,2023-November,9.0,2030.52
PROD_00276,2024-December,6.0,6620.75
PROD_00152,2024-December,3.0,2989.92
PROD_00078,2024-February,21.0,1675.1699999999998
PROD_00135,2025-November,4.0,2262.34
PROD_00242,2025-November,3.0,3255.91
PROD_00031,2023-May,8.0,12561.13
PROD_00152,2024-January,7.0,6806.9400000000005
PROD_00263,2024-July,3.0,689.04
PROD_00065,2023-October,11.0,6609.85
PROD_00227,2023-October,18.0,37478.88
PROD_00167,2023-March,4.0,3663.61
PROD_00031,2023-March,23.0,34945.19
PROD_00129,2025-July,1.0,10456.5
PROD_00216,2024-May,22.0,14478.100000000002
PROD_00060,2024-May,4.0,10691.36
PROD_00022,2026-June,13.0,2952.44
PROD_00179,2023-March,17.0,31297.36
PROD_00117,2023-March,19.0,4106.5599999999995
PROD_00138,2025-September,8.0,2917.4100000000003
PROD_00067,2024-February,22.0,25802.9
PROD_00273,2024-February,16.0,7343.58
PROD_00283,2024-February,11.0,6040.41
PROD_00196,2025-April,7.0,2824.56
PROD_00013,2025-June,15.0,7343.53
PROD_00275,2025-June,13.0,5018.79
PROD_00181,2025-June,15.0,38230.27
PROD_00015,2026-June,6.0,3023.68
PROD_00230,2026-June,6.0,5164.030000000001
PROD_00164,2026-April,11.0,2954.75
PROD_00271,2024-September,15.0,6506.689999999999
PROD_00012,2024-November,3.0,1598.17
PROD_00181,2023-July,24.0,61718.32
PROD_00198,2023-March,9.0,7989.619999999999
PROD_00267,2023-March,12.0,8954.69
PROD_00187,2023-October,16.0,44295.79
PROD_00213,2023-October,2.0,1977.38
PROD_00180,2023-October,19.0,9396.78
PROD_00243,2024-October,16.0,1322.69
PROD_00128,2024-October,22.0,23396.71
PROD_00047,2025-January,9.0,14610.859999999997
PROD_00145,2025-January,3.0,24862.68
PROD_00140,2023-December,12.0,9862.400000000001
PROD_00161,2024-March,20.0,8196.15
PROD_00057,2024-March,7.0,1491.11
PROD_00214,2023-June,16.0,22462.28
PROD_00205,2023-February,8.0,3237.48
PROD_00042,2025-September,16.0,29055.79
PROD_00062,2025-March,9.0,45178.67
PROD_00199,2025-March,20.0,9038.25
PROD_00017,2026-January,8.0,14448.470000000001
PROD_00166,2026-February,15.0,7368.32
PROD_00146,2023-October,1.0,295.03
PROD_00149,2023-March,6.0,6187.139999999999
PROD_00071,2023-March,20.0,20193.739999999998
PROD_00047,2026-April,11.0,18090.87
PROD_00116,2026-April,21.0,26662.940000000002
PROD_00282,2026-April,4.0,577.17
PROD_00127,2026-April,2.0,2772.85
PROD_00030,2024-May,6.0,13238.57
PROD_00280,2023-August,3.0,406.65000000000003
PROD_00181,2023-February,5.0,12846.910000000002
PROD_00123,2026-March,12.0,5566.83
PROD_00254,2026-August,2.0,1573.26
PROD_00093,2026-August,2.0,874.13
PROD_00297,2026-August,4.0,5653.58
PROD_00121,2025-October,10.0,12522.75
PROD_00168,2026-May,1.0,811.97
PROD_00190,2024-September,12.0,10889.900000000001
PROD_00058,2023-January,2.0,161.43
PROD_00247,2024-June,6.0,1428.32
PROD_00156,2024-June,5.0,751.72
PROD_00038,2024-December,5.0,7244.650000000001
PROD_00269,2024-December,7.0,9444.26
PROD_00135,2026-March,14.0,7770.9400000000005
PROD_00217,2023-March,22.0,7074.209999999999
PROD_00139,2024-June,12.0,364.37
PROD_00123,2024-June,14.0,6557.6
PROD_00121,2024-June,7.0,8691.01
PROD_00165,2023-November,9.0,10080.760000000002
PROD_00054,2025-May,7.0,41245.2
PROD_00170,2025-May,2.0,1769.78
PROD_00228,2023-July,1.0,4812.72
PROD_00059,2026-July,19.0,41589.22
PROD_00225,2023-May,13.0,29023.39
PROD_00144,2023-May,1.0,519.75
PROD_00003,2023-May,12.0,17693.12
PROD_00175,2023-November,14.0,25128.15
PROD_00241,2023-November,11.0,10002.119999999999
PROD_00159,2024-June,9.0,7931.95
PROD_00201,2026-August,8.0,3391.46
PROD_00203,2026-August,9.0,7486.2
PROD_00071,2026-August,11.0,11188.28
PROD_00233,2024-September,14.0,14941.19
PROD_00113,2025-March,14.0,764.4
PROD_00254,2025-January,14.0,11039.829999999998
PROD_00271,2025-January,14.0,6010.370000000001
PROD_00079,2026-June,7.0,9565.86
PROD_00184,2026-June,20.0,105809.03
PROD_00178,2026-June,5.0,4132.55
PROD_00137,2024-April,7.0,2199.54
PROD_00080,2023-July,4.0,13951.64
PROD_00273,2023-July,8.0,3727.3
PROD_00158,2023-July,6.0,5396.610000000001
PROD_00299,2025-August,10.0,2176.0
PROD_00294,2025-August,4.0,48322.020000000004
PROD_00030,2023-July,22.0,47932.08
PROD_00024,2025-February,16.0,14095.13
PROD_00239,2025-July,1.0,324.13
PROD_00246,2024-October,17.0,55247.79
PROD_00055,2023-August,9.0,5700.2
PROD_00268,2024-November,14.0,22036.199999999997
PROD_00198,2023-May,12.0,10270.050000000001
PROD_00083,2023-May,9.0,11755.619999999999
PROD_00140,2024-August,11.0,8972.45
PROD_00011,2024-November,9.0,18200.14
PROD_00205,2026-June,11.0,4370.38
PROD_00208,2025-September,2.0,1082.12
PROD_00233,2025-September,15.0,15325.41
PROD_00156,2025-September,6.0,912.8399999999999
PROD_00265,2025-October,1.0,1537.65
PROD_00090,2025-October,16.0,61025.57
PROD_00133,2024-June,18.0,44650.189999999995
PROD_00078,2024-March,26.0,2075.2400000000002
PROD_00255,2024-March,13.0,28135.070000000003
PROD_00167,2026-July,17.0,15244.63
PROD_00201,2026-July,14.0,6082.86
PROD_00118,2023-January,5.0,2891.39
PROD_00278,2025-November,5.0,10631.800000000001
PROD_00102,2024-January,3.0,6487.26
PROD_00300,2024-August,16.0,9115.77
PROD_00086,2024-August,21.0,94460.04000000001
PROD_00135,2024-August,10.0,5384.44
PROD_00138,2026-February,2.0,712.01
PROD_00039,2024-January,6.0,29758.59
PROD_00082,2025-May,13.0,20127.870000000003
PROD_00248,2025-May,6.0,3895.95
PROD_00214,2025-May,9.0,12099.900000000001
PROD_00174,2026-March,7.0,3006.13
PROD_00052,2023-February,4.0,12304.56
PROD_00271,2026-January,14.0,6223.01
PROD_00253,2026-January,10.0,10085.74
PROD_00091,2025-June,11.0,16537.42
PROD_00153,2025-June,5.0,3224.91
PROD_00259,2025-June,11.0,6711.620000000001
PROD_00020,2025-December,4.0,3488.3500000000004
PROD_00021,2025-December,8.0,64847.75
PROD_00072,2024-January,3.0,1781.4900000000002
PROD_00274,2024-January,19.0,4890.549999999999
PROD_00281,2023-November,9.0,6685.71
PROD_00168,2023-November,13.0,10445.02
PROD_00111,2023-October,8.0,7694.0199999999995
PROD_00120,2023-October,10.0,4465.67
PROD_00292,2023-February,9.0,17065.38
PROD_00140,2023-February,8.0,6435.99
PROD_00041,2025-January,5.0,3454.71
PROD_00067,2024-December,5.0,5913.55
PROD_00054,2024-November,12.0,67807.69
PROD_00013,2023-November,9.0,4329.41
PROD_00095,2023-November,2.0,285.25
PROD_00235,2025-June,9.0,1065.43
PROD_00123,2024-March,18.0,8342.02
PROD_00194,2025-May,6.0,2419.5
PROD_00081,2024-January,3.0,4336.59
PROD_00175,2023-October,10.0,18422.809999999998
PROD_00171,2023-November,8.0,14661.869999999999
PROD_00267,2023-November,3.0,2302.91
PROD_00105,2024-April,5.0,20033.33
PROD_00124,2024-April,1.0,1718.78
PROD_00026,2024-April,23.0,58802.87999999999
PROD_00297,2023-May,9.0,12851.21
PROD_00275,2023-July,6.0,2385.87
PROD_00098,2025-January,7.0,4882.7
PROD_00092,2026-July,6.0,6464.1900000000005
PROD_00235,2026-March,4.0,455.46
PROD_00012,2025-October,17.0,9124.94
PROD_00218,2025-October,14.0,33136.49
PROD_00136,2025-January,8.0,23411.84
PROD_00259,2025-January,5.0,3098.54
PROD_00085,2026-July,9.0,6478.07
PROD_00296,2025-August,10.0,12699.099999999999
PROD_00048,2026-January,12.0,16161.61
PROD_00286,2026-January,10.0,66624.94
PROD_00004,2026-January,4.0,8579.52
PROD_00294,2024-February,9.0,106914.15000000001
PROD_00183,2024-February,11.0,131650.7
PROD_00223,2026-February,5.0,11863.75
PROD_00109,2023-March,3.0,6238.51
PROD_00211,2023-March,13.0,20457.28
PROD_00283,2024-May,19.0,10413.33
PROD_00061,2024-May,10.0,10150.279999999999
PROD_00106,2025-November,12.0,6437.360000000001
PROD_00022,2025-May,6.0,1352.98
PROD_00100,2023-August,6.0,3581.34
PROD_00028,2023-August,11.0,5068.72
PROD_00007,2024-June,34.0,45108.0
PROD_00060,2024-June,22.0,58710.96
PROD_00037,2026-July,8.0,70296.16
PROD_00120,2023-January,5.0,2204.86
PROD_00285,2023-June,11.0,33355.78999999999
PROD_00106,2023-June,11.0,5787.16
PROD_00173,2025-April,7.0,337.8
PROD_00011,2026-May,10.0,19764.29
PROD_00048,2026-May,12.0,16539.98
PROD_00275,2023-October,9.0,3563.88
PROD_00231,2026-April,14.0,41201.65
PROD_00203,2026-April,7.0,6062.35
PROD_00047,2023-January,7.0,11732.43
PROD_00279,2023-January,12.0,8307.67
PROD_00055,2025-December,6.0,3686.46
PROD_00050,2026-August,7.0,7247.03
PROD_00228,2025-April,11.0,52489.69
PROD_00058,2023-May,2.0,161.07
PROD_00250,2023-August,12.0,28410.620000000003
PROD_00002,2024-July,8.0,47870.71
PROD_00150,2024-July,4.0,6336.66
PROD_00004,2024-January,7.0,15007.05
PROD_00008,2025-March,23.0,74868.67
PROD_00226,2026-February,18.0,4177.4
PROD_00149,2024-June,6.0,6461.959999999999
PROD_00005,2024-June,5.0,10563.3
PROD_00068,2024-October,37.0,15933.949999999999
PROD_00233,2025-November,19.0,20132.510000000002
PROD_00272,2025-February,2.0,3831.48
PROD_00270,2025-February,6.0,12838.110000000002
PROD_00207,2025-August,7.0,40561.69
PROD_00260,2025-August,8.0,8845.8
PROD_00236,2025-August,8.0,952.33
PROD_00159,2025-January,2.0,1708.46
PROD_00142,2024-February,3.0,5795.43
PROD_00068,2025-April,6.0,2589.84
PROD_00127,2025-April,24.0,32445.68
PROD_00299,2024-October,13.0,2839.6900000000005
PROD_00214,2023-July,19.0,25777.339999999997
PROD_00300,2025-September,9.0,5251.6
PROD_00039,2025-December,1.0,4882.04
PROD_00023,2025-December,16.0,2556.44
PROD_00095,2023-May,23.0,3282.8900000000003
PROD_00091,2023-October,5.0,7507.98
PROD_00201,2023-October,18.0,7453.82
PROD_00148,2024-May,17.0,14221.140000000001
PROD_00106,2023-May,18.0,9686.68
PROD_00071,2023-October,20.0,20734.35
PROD_00164,2023-April,21.0,5724.62
PROD_00063,2024-August,15.0,12403.24
PROD_00248,2024-August,8.0,5259.7
PROD_00097,2026-March,6.0,30417.74
PROD_00214,2025-April,13.0,17487.85
PROD_00029,2026-February,19.0,226271.54
PROD_00283,2026-February,12.0,6426.14
PROD_00087,2024-January,15.0,110394.67
PROD_00202,2023-March,7.0,11474.130000000001
PROD_00127,2023-March,8.0,10652.1
PROD_00299,2024-April,14.0,3044.7
PROD_00155,2024-April,12.0,68139.08
PROD_00135,2023-July,17.0,9252.34
PROD_00090,2023-July,18.0,68463.02
PROD_00079,2023-July,4.0,5334.64
PROD_00216,2024-February,4.0,2711.27
PROD_00048,2026-February,5.0,6934.150000000001
PROD_00178,2026-February,5.0,4098.8
PROD_00258,2026-February,11.0,10367.76
PROD_00235,2025-November,11.0,1285.1999999999998
PROD_00103,2026-February,15.0,12237.689999999999
PROD_00147,2023-March,5.0,4877.17
PROD_00129,2023-May,24.0,244484.58
PROD_00044,2023-May,11.0,11514.21
PROD_00210,2025-July,14.0,6795.87
PROD_00238,2024-October,5.0,6483.25
PROD_00041,2023-March,13.0,8803.64
PROD_00057,2025-March,11.0,2365.1600000000003
PROD_00159,2025-October,5.0,4436.66
PROD_00146,2025-September,2.0,596.02
PROD_00099,2026-April,1.0,464.02
PROD_00242,2024-June,1.0,1141.96
PROD_00131,2024-June,30.0,28171.339999999997
PROD_00100,2026-August,10.0,6069.34
PROD_00287,2024-July,6.0,7365.5
PROD_00212,2026-April,6.0,5414.72
PROD_00236,2023-June,7.0,822.65
PROD_00071,2025-November,30.0,30480.429999999997
PROD_00016,2023-July,4.0,17553.74
PROD_00203,2023-July,9.0,7664.049999999999
PROD_00015,2024-April,1.0,497.69
PROD_00054,2026-August,1.0,5674.73
PROD_00225,2026-August,3.0,6785.849999999999
PROD_00300,2026-August,3.0,1689.52
PROD_00016,2026-May,11.0,47739.11000000001
PROD_00298,2025-September,2.0,7551.37
PROD_00180,2023-March,15.0,7531.980000000001
PROD_00157,2023-March,8.0,25712.59
PROD_00284,2023-February,3.0,1519.65
PROD_00137,2023-February,1.0,306.09
PROD_00184,2025-February,9.0,47688.469999999994
PROD_00225,2023-March,4.0,9079.42
PROD_00203,2026-May,9.0,7418.33
PROD_00279,2025-August,9.0,6234.92
PROD_00077,2024-October,14.0,12883.49
PROD_00062,2024-January,6.0,30844.839999999997
PROD_00169,2025-December,5.0,10257.029999999999
PROD_00191,2025-December,14.0,20235.86
PROD_00169,2024-February,15.0,31235.79
PROD_00099,2023-December,7.0,3373.95
PROD_00243,2023-December,6.0,491.91999999999996
PROD_00102,2023-December,8.0,17741.32
PROD_00051,2024-October,9.0,2966.39
PROD_00197,2024-October,10.0,8347.33
PROD_00143,2023-June,11.0,5849.530000000001
PROD_00132,2023-March,9.0,1394.73
PROD_00119,2023-March,5.0,5868.5
PROD_00023,2024-April,13.0,2093.46
PROD_00267,2023-May,1.0,771.16
PROD_00215,2023-May,9.0,21227.620000000003
PROD_00051,2023-December,17.0,5871.4
PROD_00087,2023-February,16.0,118855.4
PROD_00035,2024-February,16.0,17906.539999999997
PROD_00030,2024-July,17.0,37724.08
PROD_00059,2025-July,15.0,33540.73
PROD_00083,2025-January,5.0,6324.75
PROD_00275,2023-November,11.0,4327.59
PROD_00155,2024-July,13.0,75326.38
PROD_00018,2024-July,18.0,50963.64
PROD_00118,2023-August,4.0,2396.16
PROD_00270,2023-August,8.0,17449.42
PROD_00191,2023-August,11.0,15603.31
PROD_00121,2023-September,19.0,23559.96
PROD_00173,2023-September,10.0,491.15999999999997
PROD_00265,2023-August,22.0,34032.85
PROD_00155,2023-March,17.0,97086.19
PROD_00019,2024-August,10.0,14335.84
PROD_00285,2025-February,11.0,33092.74
PROD_00112,2023-January,6.0,4011.8199999999997
PROD_00158,2023-January,12.0,10513.17
PROD_00153,2024-July,5.0,3326.39
PROD_00173,2024-July,25.0,1227.52
PROD_00205,2025-March,2.0,823.72
PROD_00078,2026-August,6.0,503.26
PROD_00184,2023-February,15.0,79393.55
PROD_00009,2023-February,2.0,2662.04
PROD_00037,2023-February,9.0,81678.57
PROD_00094,2023-August,9.0,18014.24
PROD_00169,2026-May,9.0,18632.09
PROD_00200,2024-March,14.0,8886.82
PROD_00100,2024-March,9.0,5182.57
PROD_00045,2025-May,7.0,23542.63
PROD_00057,2025-August,13.0,2749.37
PROD_00059,2025-August,5.0,10825.5
PROD_00232,2025-June,14.0,20911.28
PROD_00147,2025-June,10.0,10075.64
PROD_00097,2023-September,13.0,67969.58
PROD_00055,2023-September,2.0,1277.84
PROD_00128,2025-December,12.0,13046.369999999999
PROD_00195,2024-December,10.0,6357.219999999999
PROD_00029,2024-September,14.0,161742.03999999998
PROD_00286,2024-October,18.0,116326.88
PROD_00150,2024-August,23.0,36343.509999999995
PROD_00157,2025-December,14.0,44697.409999999996
PROD_00052,2024-April,17.0,52328.86
PROD_00010,2024-April,5.0,4476.1
PROD_00254,2025-March,5.0,3925.83
PROD_00183,2026-January,12.0,141388.03
PROD_00140,2026-January,9.0,7172.82
PROD_00007,2023-January,12.0,16055.900000000001
PROD_00220,2023-January,3.0,5988.21
PROD_00298,2023-September,3.0,10407.42
PROD_00213,2023-September,21.0,20579.230000000003
PROD_00124,2024-March,13.0,22650.989999999998
PROD_00258,2025-August,25.0,23855.68
PROD_00161,2024-February,25.0,10288.88
PROD_00072,2024-February,5.0,2891.7599999999998
PROD_00280,2023-December,9.0,1201.77
PROD_00269,2023-December,15.0,20335.92
PROD_00284,2023-October,8.0,4000.72
PROD_00075,2023-October,16.0,23009.81
PROD_00292,2023-October,30.0,56285.28999999999
PROD_00271,2023-October,3.0,1301.34
PROD_00271,2025-July,23.0,10238.490000000002
PROD_00025,2023-November,9.0,26796.02
PROD_00188,2023-April,6.0,1984.9900000000002
PROD_00236,2023-April,9.0,1083.62
PROD_00078,2026-March,7.0,572.3599999999999
PROD_00028,2026-March,18.0,8120.889999999999
PROD_00300,2024-September,13.0,7513.860000000001
PROD_00084,2024-September,14.0,15162.23
PROD_00283,2023-June,9.0,4815.42
PROD_00196,2023-October,4.0,1633.96
PROD_00259,2023-October,12.0,7542.45
PROD_00159,2026-June,4.0,3591.7
PROD_00272,2026-June,11.0,21611.36
PROD_00045,2024-January,12.0,39480.55
PROD_00250,2023-December,21.0,50979.060000000005
PROD_00122,2023-December,5.0,1045.49
PROD_00031,2025-July,6.0,8989.86
PROD_00279,2025-July,5.0,3482.5999999999995
PROD_00174,2026-July,6.0,2586.48
PROD_00147,2026-July,13.0,13008.25
PROD_00205,2023-December,11.0,4386.13
PROD_00281,2023-December,4.0,2858.92
PROD_00271,2026-July,17.0,7616.099999999999
PROD_00151,2026-July,9.0,6605.59
PROD_00164,2026-March,10.0,2682.7999999999997
PROD_00078,2024-December,6.0,496.57
PROD_00235,2023-July,27.0,3070.11
PROD_00146,2023-December,9.0,2689.12
PROD_00187,2024-June,12.0,33845.880000000005
PROD_00211,2025-January,12.0,18189.56
PROD_00036,2023-January,4.0,14760.72
PROD_00227,2023-January,2.0,4232.56
PROD_00251,2023-January,8.0,9990.3
PROD_00064,2025-March,9.0,19921.51
PROD_00097,2025-May,6.0,30945.379999999997
PROD_00071,2023-July,8.0,8192.66
PROD_00098,2023-March,14.0,9538.66
PROD_00218,2023-March,9.0,21924.620000000003
PROD_00003,2024-October,11.0,16018.869999999999
PROD_00060,2025-January,13.0,33095.7
PROD_00249,2025-October,1.0,1590.39
PROD_00084,2026-May,11.0,11484.220000000001
PROD_00082,2023-April,2.0,3051.1
PROD_00017,2023-April,16.0,29590.199999999997
PROD_00081,2023-April,17.0,24897.27
PROD_00084,2023-April,8.0,8349.32
PROD_00002,2023-October,12.0,70030.55
PROD_00132,2024-August,2.0,315.14
PROD_00258,2023-October,10.0,9501.24
PROD_00051,2023-February,6.0,2026.8600000000001
PROD_00254,2023-February,11.0,8634.82
PROD_00299,2025-January,6.0,1280.24
PROD_00195,2023-May,17.0,10930.499999999998
PROD_00015,2024-November,19.0,9677.26
PROD_00178,2024-November,10.0,8333.05
PROD_00207,2024-November,5.0,28629.420000000002
PROD_00218,2023-October,18.0,42402.33
PROD_00057,2026-March,5.0,1057.4499999999998
PROD_00067,2026-March,14.0,16674.54
PROD_00178,2026-March,6.0,5087.83
PROD_00099,2026-March,3.0,1452.52
PROD_00283,2024-July,11.0,5978.36
PROD_00181,2024-June,6.0,15170.310000000001
PROD_00036,2024-June,2.0,7422.28
PROD_00251,2024-June,15.0,17931.83
PROD_00073,2023-February,16.0,5696.75
PROD_00105,2023-February,25.0,99349.2
PROD_00167,2023-February,3.0,2667.42
PROD_00143,2026-March,8.0,4377.91
PROD_00187,2024-March,8.0,22654.7
PROD_00119,2026-August,6.0,7089.400000000001
PROD_00112,2023-September,3.0,2024.52
PROD_00173,2024-March,3.0,144.99
PROD_00196,2023-June,5.0,2040.81
PROD_00138,2023-January,8.0,2868.96
PROD_00089,2024-October,5.0,5069.1900000000005
PROD_00146,2024-October,15.0,4370.450000000001
PROD_00090,2024-July,9.0,34287.92
PROD_00162,2026-March,13.0,60702.16
PROD_00188,2026-March,10.0,3332.77
PROD_00033,2023-September,14.0,28032.879999999997
PROD_00272,2024-June,12.0,23014.44
PROD_00080,2024-December,12.0,41037.19
PROD_00249,2023-February,15.0,23675.19
PROD_00128,2023-November,10.0,10632.720000000001
PROD_00227,2023-November,4.0,8300.94
PROD_00106,2025-February,12.0,6337.68
PROD_00075,2026-May,7.0,9853.119999999999
PROD_00145,2026-May,4.0,32809.36
PROD_00221,2023-September,8.0,11222.599999999999
PROD_00212,2023-September,18.0,16046.66
PROD_00040,2026-February,3.0,1375.5
PROD_00168,2023-June,6.0,4975.84
PROD_00087,2023-June,16.0,116096.85
PROD_00156,2023-February,13.0,1930.69
PROD_00193,2023-February,11.0,9591.810000000001
PROD_00148,2024-January,8.0,6431.699999999999
PROD_00083,2024-January,5.0,6679.650000000001
PROD_00100,2024-September,9.0,5375.4
PROD_00286,2025-August,2.0,13314.58
PROD_00004,2023-September,9.0,20062.36
PROD_00113,2025-October,6.0,317.77
PROD_00262,2026-May,6.0,4666.3
PROD_00197,2026-May,12.0,10497.779999999999
PROD_00123,2023-July,10.0,4446.78
PROD_00116,2023-December,5.0,6559.83
PROD_00265,2023-December,9.0,13743.1
PROD_00022,2025-September,8.0,1793.6
PROD_00049,2024-October,10.0,9745.27
PROD_00129,2024-October,5.0,52733.850000000006
PROD_00031,2025-November,19.0,29251.83
PROD_00178,2024-April,9.0,7231.11
PROD_00098,2024-April,10.0,6917.71
PROD_00207,2025-January,8.0,45879.68
PROD_00295,2025-January,24.0,31384.21
PROD_00011,2025-January,9.0,17567.5
PROD_00137,2025-January,3.0,933.1800000000001
PROD_00146,2025-January,8.0,2316.86
PROD_00081,2023-May,9.0,13235.1
PROD_00289,2024-November,9.0,24554.48
PROD_00041,2024-December,13.0,8959.08
PROD_00295,2024-June,15.0,20372.76
PROD_00044,2025-May,5.0,5319.48
PROD_00254,2024-November,3.0,2385.01
PROD_00009,2024-November,14.0,18384.079999999998
PROD_00168,2026-January,18.0,14541.539999999999
PROD_00099,2026-January,22.0,10263.17
PROD_00045,2024-June,13.0,43934.7
PROD_00286,2025-July,9.0,58507.45
PROD_00086,2026-August,11.0,48176.81
PROD_00165,2024-December,5.0,5664.29
PROD_00289,2024-December,14.0,38100.99
PROD_00295,2025-August,7.0,9335.869999999999
PROD_00278,2024-May,4.0,8165.36
PROD_00241,2024-May,7.0,6328.08
PROD_00011,2024-September,6.0,12420.529999999999
PROD_00113,2024-August,4.0,208.48999999999998
PROD_00015,2024-August,19.0,9712.01
PROD_00206,2023-August,7.0,11054.59
PROD_00112,2023-November,20.0,12873.030000000002
PROD_00286,2023-April,4.0,25659.6
PROD_00126,2023-March,17.0,15719.550000000001
PROD_00288,2023-March,6.0,13494.54
PROD_00124,2023-March,8.0,14019.060000000001
PROD_00293,2024-March,13.0,15661.530000000002
PROD_00287,2026-April,6.0,7489.37
PROD_00079,2025-May,10.0,14067.58
PROD_00251,2025-May,3.0,3553.39
PROD_00263,2023-June,5.0,1138.38
PROD_00023,2026-May,17.0,2757.7599999999998
PROD_00132,2026-May,4.0,603.11
PROD_00106,2026-April,4.0,2120.88
PROD_00171,2024-February,4.0,7296.7300000000005
PROD_00113,2024-January,17.0,917.82
PROD_00013,2024-January,10.0,4899.42
PROD_00237,2024-January,6.0,1844.7599999999998
PROD_00079,2023-January,3.0,4218.450000000001
PROD_00190,2026-January,3.0,2691.8900000000003
PROD_00232,2025-March,3.0,4456.11
PROD_00246,2025-March,8.0,25663.86
PROD_00182,2025-March,6.0,360.53
PROD_00249,2026-July,1.0,1646.62
PROD_00257,2024-February,3.0,7096.429999999999
PROD_00214,2023-January,14.0,19029.910000000003
PROD_00035,2023-January,12.0,13161.29
PROD_00054,2023-January,15.0,85295.64
PROD_00060,2024-January,6.0,15257.880000000001
PROD_00254,2023-November,15.0,12118.54
PROD_00081,2025-March,6.0,8697.87
PROD_00074,2024-November,7.0,10548.59
PROD_00077,2025-September,3.0,2821.11
PROD_00243,2025-September,12.0,991.34
PROD_00139,2023-December,20.0,594.87
PROD_00293,2024-September,19.0,22293.82
PROD_00102,2023-January,5.0,10494.659999999998
PROD_00041,2026-April,11.0,7554.959999999999
PROD_00069,2026-April,17.0,26618.129999999997
PROD_00069,2024-November,10.0,15862.210000000001
PROD_00263,2024-November,7.0,1605.01
PROD_00296,2024-March,6.0,7682.710000000001
PROD_00184,2024-March,5.0,26004.27
PROD_00163,2025-June,13.0,89604.57
PROD_00176,2026-August,4.0,4255.16
PROD_00293,2026-August,1.0,1195.77
PROD_00058,2026-August,3.0,239.70000000000002
PROD_00069,2026-August,3.0,4968.09
PROD_00103,2025-April,1.0,837.35
PROD_00082,2023-March,7.0,10658.599999999999
PROD_00096,2026-January,11.0,30130.77
PROD_00156,2024-January,3.0,456.71000000000004
PROD_00027,2023-November,7.0,9695.730000000001
PROD_00235,2023-November,21.0,2396.6
PROD_00089,2024-November,22.0,22464.28
PROD_00020,2025-March,12.0,10157.5
PROD_00259,2025-March,7.0,4358.27
PROD_00260,2026-June,1.0,1120.92
PROD_00221,2024-January,8.0,10894.759999999998
PROD_00261,2023-February,5.0,32199.230000000003
PROD_00168,2025-March,1.0,850.69
PROD_00230,2025-March,7.0,6141.68
PROD_00159,2023-July,12.0,10892.02
PROD_00177,2025-April,9.0,3982.2200000000003
PROD_00113,2025-April,7.0,379.93
PROD_00278,2023-October,21.0,44435.28999999999
PROD_00116,2023-July,10.0,12612.14
PROD_00216,2023-August,11.0,7218.460000000001
PROD_00294,2024-January,11.0,129031.07
PROD_00033,2024-July,15.0,29092.25
PROD_00229,2024-July,12.0,11768.97
PROD_00101,2024-December,7.0,8117.29
PROD_00004,2024-December,4.0,8136.16
PROD_00083,2023-March,7.0,9053.119999999999
PROD_00099,2026-July,8.0,3834.3599999999997
PROD_00013,2023-February,14.0,6868.570000000001
PROD_00067,2025-March,12.0,14232.45
PROD_00035,2023-April,15.0,16305.699999999999
PROD_00126,2024-October,15.0,13896.980000000001
PROD_00245,2024-February,10.0,1308.56
PROD_00151,2023-September,4.0,2971.62
PROD_00296,2025-December,2.0,2659.14
PROD_00051,2024-July,3.0,1003.15
PROD_00177,2024-July,13.0,5828.550000000001
PROD_00236,2024-May,14.0,1672.34
PROD_00286,2024-May,7.0,44077.77
PROD_00229,2025-July,10.0,10078.710000000001
PROD_00018,2025-July,3.0,8900.43
PROD_00130,2023-May,17.0,5804.49
PROD_00034,2024-December,20.0,8732.710000000001
PROD_00111,2025-July,15.0,14349.2
PROD_00157,2025-July,19.0,62487.29
PROD_00176,2025-July,4.0,4638.25
PROD_00011,2026-January,15.0,30122.629999999997
PROD_00262,2026-January,4.0,3137.94
PROD_00130,2024-October,7.0,2359.5299999999997
PROD_00185,2026-January,6.0,22193.36
PROD_00095,2023-February,1.0,141.83
PROD_00030,2024-August,8.0,17481.5
PROD_00019,2024-March,11.0,16128.82
PROD_00080,2024-May,14.0,46794.60999999999
PROD_00279,2024-February,18.0,12451.519999999999
PROD_00072,2025-November,16.0,9193.779999999999
PROD_00028,2023-May,5.0,2313.45
PROD_00029,2024-June,2.0,23073.04
PROD_00203,2023-June,3.0,2544.62
PROD_00019,2025-July,13.0,19780.120000000003
PROD_00263,2025-August,4.0,915.36
PROD_00069,2024-January,8.0,12423.21
PROD_00172,2024-January,13.0,19762.299999999996
PROD_00300,2023-September,10.0,5774.219999999999
PROD_00183,2023-September,1.0,11850.73
PROD_00259,2023-June,12.0,7315.070000000001
PROD_00253,2023-June,10.0,10064.18
PROD_00198,2024-November,19.0,16215.780000000002
PROD_00195,2024-November,10.0,6500.35
PROD_00097,2023-December,16.0,80363.87
PROD_00060,2023-July,6.0,16066.37
PROD_00129,2023-July,10.0,104524.78
PROD_00004,2026-August,6.0,12922.900000000001
PROD_00205,2024-March,10.0,3964.2200000000003
PROD_00205,2025-June,14.0,5621.93
PROD_00098,2024-August,5.0,3414.9000000000005
PROD_00180,2025-May,17.0,8349.63
PROD_00123,2025-April,12.0,5558.27
PROD_00277,2024-February,19.0,18045.909999999996
PROD_00199,2024-February,17.0,7761.01
PROD_00245,2023-November,13.0,1720.07
PROD_00174,2024-March,9.0,3903.28
PROD_00038,2026-June,12.0,17214.33
PROD_00243,2026-June,15.0,1236.52
PROD_00165,2025-November,13.0,14680.550000000001
PROD_00188,2023-October,7.0,2347.05
PROD_00030,2024-March,6.0,13065.59
PROD_00135,2024-March,1.0,572.86
PROD_00067,2026-June,16.0,18638.34
PROD_00110,2025-July,4.0,1632.88
PROD_00255,2024-October,20.0,42348.17999999999
PROD_00140,2024-January,15.0,12039.17
PROD_00200,2023-October,14.0,9002.64
PROD_00207,2023-October,2.0,11650.76
PROD_00264,2023-April,8.0,11986.38
PROD_00038,2024-January,9.0,12343.0
PROD_00090,2023-November,5.0,19222.05
PROD_00166,2023-November,5.0,2482.89
PROD_00260,2023-April,6.0,6645.62
PROD_00245,2025-November,7.0,962.65
PROD_00255,2025-November,4.0,8419.8
PROD_00195,2026-June,8.0,5147.18
PROD_00173,2026-June,18.0,883.1800000000001
PROD_00046,2023-April,6.0,1916.2799999999997
PROD_00282,2023-April,6.0,893.4499999999999
PROD_00035,2025-September,11.0,12354.89
PROD_00078,2025-September,3.0,242.10000000000002
PROD_00081,2025-September,6.0,8703.32
PROD_00227,2025-September,8.0,16335.280000000002
PROD_00196,2023-April,18.0,7278.84
PROD_00292,2023-April,14.0,26494.300000000003
PROD_00104,2023-April,3.0,9581.800000000001
PROD_00129,2026-May,12.0,126126.09
PROD_00091,2025-July,5.0,7665.72
PROD_00197,2025-July,9.0,7810.830000000001
PROD_00145,2026-June,9.0,76630.02
PROD_00170,2026-June,11.0,9907.77
PROD_00152,2026-August,3.0,2931.8999999999996
PROD_00077,2025-December,21.0,19487.24
PROD_00086,2024-May,3.0,13162.240000000002
PROD_00196,2024-September,2.0,794.98
PROD_00099,2025-February,32.0,15184.4
PROD_00285,2026-February,11.0,33523.76
PROD_00256,2023-June,11.0,25109.010000000002
PROD_00100,2023-June,9.0,5419.0
PROD_00225,2026-January,11.0,25116.03
PROD_00099,2023-November,7.0,3434.6299999999997
PROD_00192,2026-March,11.0,14169.7
PROD_00084,2024-March,3.0,3141.12
PROD_00187,2025-December,3.0,8182.740000000001
PROD_00286,2023-June,11.0,70617.86
PROD_00294,2024-October,4.0,46886.56
PROD_00141,2024-March,5.0,8621.220000000001
PROD_00292,2023-September,8.0,15029.04
PROD_00187,2025-July,2.0,5486.0
PROD_00137,2026-March,14.0,4431.12
PROD_00246,2023-January,12.0,38036.31
PROD_00010,2025-August,9.0,8306.18
PROD_00103,2023-March,9.0,7446.75
PROD_00193,2024-March,5.0,4244.25
PROD_00073,2024-March,13.0,4717.22
PROD_00249,2026-April,5.0,8213.05
PROD_00040,2023-January,1.0,448.71
PROD_00122,2025-November,6.0,1247.42
PROD_00164,2023-December,13.0,3493.9300000000003
PROD_00057,2023-September,5.0,1042.1
PROD_00134,2023-September,18.0,21441.67
PROD_00217,2025-March,4.0,1282.92
PROD_00103,2025-March,12.0,9892.14
PROD_00188,2024-September,5.0,1617.68
PROD_00283,2024-September,24.0,13143.57
PROD_00290,2024-December,20.0,1936.93
PROD_00072,2024-December,7.0,4060.21
PROD_00077,2025-October,4.0,3800.7000000000003
PROD_00264,2024-April,7.0,10741.83
PROD_00164,2026-July,5.0,1393.65
PROD_00278,2025-September,9.0,19202.42
PROD_00242,2025-September,13.0,14438.14
PROD_00116,2024-May,4.0,5024.82
PROD_00023,2023-September,8.0,1298.8400000000001
PROD_00102,2023-June,8.0,16682.25
PROD_00194,2023-May,12.0,4982.709999999999
PROD_00183,2024-July,12.0,146901.69
PROD_00057,2023-November,11.0,2208.75
PROD_00282,2023-November,15.0,2208.51
PROD_00143,2025-December,20.0,10761.54
PROD_00261,2025-December,28.0,182875.5
PROD_00261,2024-December,7.0,45222.76
PROD_00092,2025-September,6.0,6600.360000000001
PROD_00052,2025-September,5.0,14863.61
PROD_00192,2025-September,19.0,24159.4
PROD_00158,2023-February,8.0,7184.91
PROD_00243,2026-May,11.0,906.25
PROD_00127,2025-January,13.0,17474.8
PROD_00088,2025-January,8.0,1433.94
PROD_00260,2025-January,10.0,10588.83
PROD_00208,2025-January,12.0,6235.17
PROD_00255,2025-January,12.0,25121.64
PROD_00030,2025-June,12.0,27040.28
PROD_00245,2025-December,14.0,1852.1799999999998
PROD_00148,2025-February,7.0,5712.24
PROD_00016,2024-December,19.0,83608.63
PROD_00135,2024-June,17.0,9381.56
PROD_00023,2024-December,1.0,163.64
PROD_00272,2024-January,11.0,21158.079999999998
PROD_00177,2026-July,2.0,889.04
PROD_00226,2026-July,13.0,3035.59
PROD_00119,2023-January,1.0,1176.52
PROD_00269,2023-January,14.0,19292.09
PROD_00217,2025-June,9.0,2934.93
PROD_00254,2026-April,10.0,7963.81
PROD_00246,2024-August,16.0,50536.86
PROD_00056,2023-February,10.0,3078.0
PROD_00154,2024-July,3.0,9396.76
PROD_00102,2024-April,11.0,23118.14
PROD_00073,2024-August,5.0,1819.65
PROD_00121,2023-August,8.0,9891.87
PROD_00186,2023-August,7.0,2922.15
PROD_00036,2023-June,25.0,91012.64
PROD_00140,2023-June,16.0,12943.92
PROD_00203,2025-June,15.0,12551.74
PROD_00100,2025-June,3.0,1742.7599999999998
PROD_00064,2025-June,10.0,22306.239999999998
PROD_00229,2023-May,9.0,8746.65
PROD_00239,2023-May,3.0,959.8199999999999
PROD_00152,2024-July,9.0,9033.45
PROD_00212,2023-December,4.0,3547.0
PROD_00018,2025-March,11.0,31122.899999999998
PROD_00052,2025-March,14.0,41813.45
PROD_00208,2026-January,8.0,4165.11
PROD_00038,2026-January,9.0,12623.689999999999
PROD_00270,2024-October,10.0,21798.57
PROD_00070,2025-June,8.0,24296.96
PROD_00073,2026-March,10.0,3482.96
PROD_00046,2024-October,12.0,3847.42
PROD_00106,2024-October,20.0,10702.49
PROD_00136,2024-July,13.0,37460.03
PROD_00236,2023-December,5.0,589.8499999999999
PROD_00107,2024-November,13.0,7108.91
PROD_00032,2024-December,8.0,9707.43
PROD_00111,2024-December,13.0,12263.99
PROD_00135,2025-January,12.0,6632.530000000002
PROD_00044,2024-February,19.0,20304.239999999998
PROD_00013,2025-July,3.0,1466.42
PROD_00062,2024-July,8.0,40143.79
PROD_00266,2025-September,13.0,7556.26
PROD_00034,2025-September,3.0,1332.99
PROD_00209,2026-May,5.0,28989.129999999997
PROD_00227,2023-December,11.0,22107.280000000002
PROD_00183,2025-February,21.0,243831.44999999998
PROD_00085,2025-February,11.0,7848.6900000000005
PROD_00014,2026-June,17.0,5393.150000000001
PROD_00223,2023-October,9.0,20978.190000000002
PROD_00164,2023-October,2.0,528.79
PROD_00232,2023-October,2.0,3031.69
PROD_00162,2026-June,4.0,18417.870000000003
PROD_00038,2025-March,9.0,12284.76
PROD_00107,2025-March,10.0,5342.32
PROD_00229,2025-March,9.0,8919.18
PROD_00226,2025-May,10.0,2233.66
PROD_00008,2026-June,11.0,35502.5
PROD_00121,2023-December,10.0,12733.119999999999
PROD_00087,2023-December,3.0,21246.449999999997
PROD_00081,2026-January,2.0,2971.73
PROD_00026,2026-January,18.0,44349.58
PROD_00068,2024-August,13.0,5814.8
PROD_00047,2024-August,12.0,19712.64
PROD_00153,2025-July,3.0,1991.74
PROD_00260,2026-July,17.0,19205.800000000003
PROD_00004,2023-October,6.0,13224.5
PROD_00035,2023-October,16.0,17264.3
PROD_00074,2024-March,7.0,10416.48
PROD_00109,2023-January,3.0,6514.650000000001
PROD_00188,2025-April,4.0,1313.8400000000001
PROD_00067,2025-April,2.0,2427.22
PROD_00125,2025-April,18.0,8007.639999999999
PROD_00286,2026-May,9.0,59287.54
PROD_00297,2026-May,9.0,12642.279999999999
PROD_00092,2023-April,20.0,22466.030000000002
PROD_00126,2025-November,20.0,19145.28
PROD_00014,2024-July,2.0,608.6
PROD_00110,2024-July,7.0,2772.77
PROD_00135,2023-September,5.0,2786.32
PROD_00032,2023-November,13.0,15135.0
PROD_00004,2023-November,13.0,28344.329999999998
PROD_00248,2026-June,5.0,3330.14
PROD_00176,2024-December,20.0,22382.21
PROD_00006,2025-January,7.0,7051.35
PROD_00144,2025-January,4.0,2143.16
PROD_00135,2025-June,8.0,4295.14
PROD_00273,2025-November,5.0,2340.97
PROD_00245,2025-June,5.0,662.0999999999999
PROD_00077,2025-June,10.0,9391.8
PROD_00093,2024-June,19.0,8489.02
PROD_00112,2026-March,7.0,4489.530000000001
PROD_00184,2023-November,2.0,10537.2
PROD_00106,2023-November,15.0,7889.86
PROD_00177,2023-November,11.0,4940.0
PROD_00040,2024-September,10.0,4696.53
PROD_00074,2025-September,7.0,10610.73
PROD_00284,2023-July,7.0,3360.67
PROD_00173,2023-August,2.0,95.95
PROD_00170,2024-April,10.0,9154.51
PROD_00258,2023-January,8.0,7586.9400000000005
PROD_00088,2024-February,7.0,1223.9699999999998
PROD_00203,2024-February,1.0,829.16
PROD_00107,2024-February,5.0,2730.05
PROD_00063,2023-November,6.0,4964.78
PROD_00038,2023-April,23.0,32128.949999999997
PROD_00051,2023-April,12.0,3951.07
PROD_00113,2024-October,8.0,441.42
PROD_00075,2024-January,13.0,18885.010000000002
PROD_00237,2023-January,8.0,2572.8
PROD_00268,2023-January,7.0,10950.27
PROD_00128,2026-February,18.0,19371.239999999998
PROD_00130,2025-March,14.0,4761.51
PROD_00220,2024-December,2.0,3903.48
PROD_00264,2025-September,8.0,12120.5
PROD_00169,2025-September,5.0,10480.89
PROD_00234,2025-August,1.0,743.93
PROD_00183,2024-April,2.0,24655.14
PROD_00253,2024-February,24.0,24696.45
PROD_00186,2024-February,5.0,2083.39
PROD_00049,2024-March,5.0,4927.52
PROD_00298,2026-January,7.0,25382.49
PROD_00027,2023-October,6.0,7948.349999999999
PROD_00068,2024-November,3.0,1278.03
PROD_00244,2024-November,12.0,9764.190000000002
PROD_00215,2023-April,19.0,44212.58
PROD_00280,2024-December,7.0,964.6300000000001
PROD_00168,2026-June,5.0,4027.25
PROD_00291,2026-June,11.0,9629.6
PROD_00239,2026-June,7.0,2278.52
PROD_00123,2023-January,13.0,5868.07
PROD_00243,2025-March,24.0,1982.17
PROD_00083,2025-November,8.0,10696.1
PROD_00295,2024-October,1.0,1365.84
PROD_00064,2024-October,23.0,50271.33
PROD_00183,2024-January,21.0,249427.36999999997
PROD_00154,2024-February,3.0,9384.39
PROD_00110,2023-November,6.0,2448.69
PROD_00267,2024-April,4.0,3029.96
PROD_00042,2023-October,21.0,39101.34
PROD_00016,2026-March,2.0,8807.52
PROD_00267,2026-February,11.0,8429.619999999999
PROD_00237,2023-March,10.0,3124.31
PROD_00043,2026-August,3.0,3987.3900000000003
PROD_00117,2024-November,11.0,2254.5
PROD_00121,2024-November,8.0,10086.8
PROD_00035,2025-January,3.0,3278.6099999999997
PROD_00173,2026-February,9.0,418.02
PROD_00256,2025-May,3.0,7186.4400000000005
PROD_00017,2025-February,18.0,33970.93
PROD_00234,2025-February,14.0,10311.730000000001
PROD_00186,2025-January,24.0,10158.02
PROD_00287,2026-March,17.0,20570.01
PROD_00230,2026-March,13.0,11274.78
PROD_00114,2023-August,13.0,10460.92
PROD_00214,2023-August,7.0,9344.98
PROD_00162,2023-August,9.0,41749.44
PROD_00294,2024-November,5.0,59683.88
PROD_00042,2024-November,7.0,12926.34
PROD_00065,2026-April,9.0,5413.639999999999
PROD_00284,2025-January,3.0,1490.59
PROD_00130,2024-December,12.0,4171.93
PROD_00190,2024-December,1.0,913.34
PROD_00048,2024-December,5.0,6900.02
PROD_00224,2024-August,12.0,21376.09
PROD_00298,2024-August,8.0,28725.399999999998
PROD_00106,2024-August,8.0,4221.55
PROD_00175,2025-September,16.0,28768.859999999997
PROD_00091,2023-February,8.0,11853.810000000001
PROD_00285,2026-July,8.0,24571.390000000003
PROD_00254,2025-October,11.0,8711.21
PROD_00150,2025-March,5.0,7632.38
PROD_00262,2023-September,10.0,7641.849999999999
PROD_00034,2023-March,7.0,3132.25
PROD_00190,2026-April,8.0,7288.52
PROD_00201,2025-May,8.0,3390.59
PROD_00156,2025-May,8.0,1216.88
PROD_00280,2026-March,9.0,1193.28
PROD_00002,2026-March,9.0,54402.22
PROD_00024,2024-July,4.0,3571.72
PROD_00281,2026-May,9.0,6840.9
PROD_00174,2025-August,12.0,5237.129999999999
PROD_00099,2025-August,13.0,6225.679999999999
PROD_00123,2023-November,23.0,10608.13
PROD_00090,2025-May,8.0,30348.49
PROD_00114,2026-April,1.0,836.5
PROD_00242,2025-April,12.0,13794.7
PROD_00188,2024-November,3.0,1001.3900000000001
PROD_00032,2024-January,10.0,12022.699999999999
PROD_00208,2024-January,10.0,5116.94
PROD_00124,2025-January,6.0,10130.0
PROD_00119,2024-July,1.0,1176.88
PROD_00127,2023-August,25.0,33741.340000000004
PROD_00006,2023-August,15.0,15101.650000000001
PROD_00127,2026-March,5.0,6835.45
PROD_00241,2025-July,9.0,8146.969999999999
PROD_00166,2024-January,17.0,8401.36
PROD_00281,2023-June,7.0,5189.55
PROD_00061,2023-June,16.0,16780.79
PROD_00252,2024-May,8.0,47324.229999999996
PROD_00087,2024-May,8.0,57841.520000000004
PROD_00229,2023-November,12.0,11848.060000000001
PROD_00193,2023-March,18.0,15673.960000000001
PROD_00048,2023-March,12.0,16834.489999999998
PROD_00097,2026-January,6.0,29532.050000000003
PROD_00067,2023-July,20.0,23440.18
PROD_00174,2024-February,2.0,849.8
PROD_00192,2025-January,14.0,18014.28
PROD_00149,2024-December,6.0,6391.800000000001
PROD_00079,2024-March,15.0,20677.73
PROD_00092,2025-August,13.0,13831.68
PROD_00295,2024-September,6.0,8105.219999999999
PROD_00080,2023-October,10.0,34024.909999999996
PROD_00300,2024-October,20.0,11247.089999999998
PROD_00156,2024-October,6.0,890.52
PROD_00109,2026-July,14.0,28617.52
PROD_00065,2023-April,9.0,5417.85
PROD_00012,2023-April,12.0,6214.949999999999
PROD_00151,2023-April,30.0,22535.030000000002
PROD_00271,2023-April,11.0,4951.969999999999
PROD_00200,2023-November,5.0,3198.75
PROD_00021,2024-May,18.0,145213.82
PROD_00272,2024-May,22.0,42472.22
PROD_00204,2026-January,6.0,46827.17
PROD_00081,2024-October,8.0,12059.279999999999
PROD_00190,2024-June,16.0,14350.440000000002
PROD_00115,2024-February,11.0,9626.890000000001
PROD_00106,2025-April,1.0,528.05
PROD_00271,2024-December,9.0,4017.97
PROD_00125,2023-August,6.0,2705.9500000000003
PROD_00286,2024-September,9.0,57713.48
PROD_00227,2024-September,9.0,18667.53
PROD_00255,2026-April,15.0,32463.98
PROD_00098,2025-May,6.0,4101.39
PROD_00255,2024-September,12.0,25965.4
PROD_00147,2023-October,11.0,10632.870000000003
PROD_00235,2025-October,11.0,1271.48
PROD_00090,2023-August,8.0,30274.55
PROD_00244,2025-October,17.0,13552.340000000002
PROD_00246,2024-September,10.0,31234.979999999996
PROD_00092,2024-September,8.0,8773.06
PROD_00100,2023-July,24.0,14174.310000000001
PROD_00034,2023-July,8.0,3455.3399999999997
PROD_00170,2023-July,13.0,11473.759999999998
PROD_00255,2024-May,8.0,17321.28
PROD_00282,2024-January,6.0,876.82
PROD_00008,2025-September,12.0,37909.58
PROD_00299,2025-April,5.0,1109.65
PROD_00027,2024-April,8.0,11151.039999999999
PROD_00287,2024-April,10.0,12400.739999999998
PROD_00265,2026-February,8.0,12028.84
PROD_00274,2026-February,2.0,516.92
PROD_00030,2025-November,8.0,17570.809999999998
PROD_00055,2025-October,14.0,8665.24
PROD_00173,2024-April,2.0,97.67
PROD_00163,2025-December,30.0,209249.13
PROD_00193,2024-February,4.0,3414.24
PROD_00254,2023-July,6.0,4851.82
PROD_00050,2026-April,23.0,24782.34
PROD_00147,2023-November,10.0,9837.29
PROD_00018,2026-August,14.0,38392.32
PROD_00155,2024-May,16.0,90977.06
PROD_00126,2025-December,4.0,3832.8199999999997
PROD_00221,2026-January,8.0,11237.100000000002
PROD_00164,2024-March,3.0,822.8
PROD_00289,2025-December,9.0,25692.879999999997
PROD_00114,2025-December,2.0,1636.1399999999999
PROD_00030,2024-June,8.0,18045.6
PROD_00008,2024-June,11.0,35177.93
PROD_00072,2024-August,13.0,7627.91
PROD_00174,2023-April,23.0,9777.96
PROD_00233,2023-November,10.0,10410.0
PROD_00019,2023-October,6.0,9081.539999999999
PROD_00061,2023-October,13.0,13309.390000000001
PROD_00002,2025-October,6.0,36623.04
PROD_00251,2025-October,11.0,13586.23
PROD_00093,2026-July,15.0,6667.450000000001
PROD_00185,2024-November,18.0,67616.93000000001
PROD_00130,2024-November,24.0,8068.59
PROD_00069,2025-February,4.0,6191.89
PROD_00132,2025-February,3.0,451.26
PROD_00245,2026-June,16.0,2108.41
PROD_00016,2023-October,6.0,25524.88
PROD_00284,2025-March,10.0,5123.0
PROD_00053,2025-March,9.0,40648.17
PROD_00277,2025-December,10.0,9587.14
PROD_00108,2023-January,10.0,393.16
PROD_00106,2024-November,8.0,4465.09
PROD_00099,2024-November,10.0,4637.78
PROD_00066,2023-May,13.0,4345.5
PROD_00226,2025-March,8.0,1817.3899999999999
PROD_00044,2023-October,8.0,8690.52
PROD_00104,2025-December,7.0,22295.98
PROD_00031,2024-September,4.0,5949.13
PROD_00238,2025-January,4.0,5298.0
PROD_00184,2025-May,13.0,68953.25
PROD_00251,2026-July,9.0,10895.17
PROD_00153,2026-July,6.0,3907.7000000000003
PROD_00265,2023-November,6.0,9254.49
PROD_00289,2023-June,18.0,50160.43
PROD_00041,2023-June,4.0,2727.98
PROD_00146,2026-July,12.0,3590.25
PROD_00025,2026-July,8.0,23289.71
PROD_00104,2023-July,1.0,3255.31
PROD_00085,2024-September,3.0,2176.23
PROD_00278,2026-March,2.0,4238.8
PROD_00005,2023-November,11.0,23291.36
PROD_00256,2025-October,18.0,43406.14
PROD_00136,2023-July,4.0,11386.84
PROD_00242,2026-January,7.0,7698.120000000001
PROD_00007,2024-July,15.0,19984.08
PROD_00133,2024-July,2.0,4996.74
PROD_00266,2025-April,5.0,2839.06
PROD_00075,2025-July,2.0,2821.68
PROD_00059,2026-August,2.0,4471.36
PROD_00091,2026-August,9.0,13457.16
PROD_00256,2026-June,13.0,30008.91
PROD_00088,2026-June,7.0,1228.44
PROD_00210,2024-July,6.0,2881.5
PROD_00086,2024-July,2.0,8783.55
PROD_00278,2024-September,6.0,12559.11
PROD_00108,2024-September,17.0,668.03
PROD_00143,2023-May,9.0,4668.31
PROD_00007,2026-July,12.0,16006.75
PROD_00274,2026-July,1.0,256.08
PROD_00223,2024-December,12.0,27823.42
PROD_00079,2024-December,8.0,11175.77
PROD_00125,2023-January,28.0,12426.64
PROD_00212,2023-January,4.0,3567.36
PROD_00001,2023-January,2.0,2565.73
PROD_00048,2023-October,10.0,13801.3
PROD_00246,2025-August,10.0,29632.1
PROD_00235,2025-May,6.0,707.85
PROD_00053,2023-May,11.0,48362.67
PROD_00101,2025-December,13.0,14892.599999999999
PROD_00224,2025-March,16.0,28277.670000000002
PROD_00144,2025-March,8.0,4355.040000000001
PROD_00140,2025-March,6.0,4861.02
PROD_00065,2025-December,6.0,3572.02
PROD_00042,2025-December,10.0,18960.56
PROD_00185,2025-October,13.0,47696.6
PROD_00172,2025-October,7.0,10397.59
PROD_00010,2025-October,9.0,8081.08
PROD_00237,2025-May,14.0,4362.3099999999995
PROD_00090,2024-August,3.0,11107.53
PROD_00080,2025-February,14.0,47739.37
PROD_00132,2024-May,14.0,2174.9599999999996
PROD_00234,2023-June,20.0,14752.16
PROD_00290,2024-January,11.0,1129.73
PROD_00017,2024-January,10.0,18093.19
PROD_00296,2024-January,8.0,10339.58
PROD_00009,2023-January,5.0,6606.55
PROD_00220,2024-September,20.0,38830.14
PROD_00184,2024-September,13.0,68754.69
PROD_00252,2024-September,11.0,65229.5
PROD_00191,2026-April,15.0,21705.39
PROD_00226,2023-November,4.0,947.4
PROD_00244,2025-March,11.0,9152.4
PROD_00139,2024-July,11.0,333.97
PROD_00109,2026-February,7.0,14322.59
PROD_00117,2026-February,6.0,1271.4
PROD_00228,2026-February,2.0,9971.7
PROD_00143,2024-September,8.0,4241.76
PROD_00202,2024-April,2.0,3324.45
PROD_00252,2023-September,14.0,80319.69
PROD_00087,2023-January,6.0,43269.56999999999
PROD_00002,2023-January,10.0,59319.509999999995
PROD_00267,2023-July,19.0,14571.3
PROD_00068,2025-August,12.0,5212.79
PROD_00105,2023-August,21.0,86261.36
PROD_00290,2025-December,9.0,866.1399999999999
PROD_00174,2025-June,15.0,6596.950000000001
PROD_00241,2025-January,20.0,18087.1
PROD_00043,2026-April,13.0,17499.1
PROD_00142,2023-November,8.0,15406.14
PROD_00087,2023-November,12.0,91486.23000000001
PROD_00005,2025-December,6.0,12511.939999999999
PROD_00199,2025-December,1.0,452.4
PROD_00260,2024-September,8.0,8764.41
PROD_00151,2025-January,19.0,13956.95
PROD_00092,2023-January,8.0,8756.6
PROD_00189,2023-May,21.0,43832.82000000001
PROD_00259,2023-May,8.0,4940.83
PROD_00292,2026-January,16.0,30920.32
PROD_00278,2026-January,28.0,59842.42999999999
PROD_00148,2024-February,3.0,2428.54
PROD_00232,2023-June,8.0,12034.140000000001
PROD_00229,2024-August,9.0,8516.33
PROD_00007,2024-August,22.0,29629.549999999996
PROD_00134,2024-November,13.0,15366.710000000001
PROD_00231,2024-November,33.0,98116.25
PROD_00022,2025-December,9.0,2014.81
PROD_00266,2025-December,16.0,8967.199999999999
PROD_00264,2025-December,12.0,18198.039999999997
PROD_00051,2024-June,12.0,4080.2200000000003
PROD_00078,2024-November,18.0,1468.5
PROD_00235,2024-November,5.0,562.3
PROD_00120,2024-December,1.0,444.9
PROD_00008,2026-January,13.0,41888.47
PROD_00219,2026-January,4.0,584.26
PROD_00094,2024-September,13.0,25697.45
PROD_00054,2025-December,13.0,74403.18
PROD_00162,2024-September,16.0,74000.91
PROD_00106,2024-September,19.0,10028.91
PROD_00015,2024-July,3.0,1472.85
PROD_00298,2024-July,5.0,18095.670000000002
PROD_00187,2024-April,3.0,8272.34
PROD_00187,2024-May,16.0,44046.520000000004
PROD_00122,2024-May,17.0,3535.84
PROD_00082,2023-February,10.0,15703.86
PROD_00221,2023-February,4.0,5606.76
PROD_00257,2025-September,4.0,9460.42
PROD_00137,2026-February,3.0,941.3299999999999
PROD_00284,2026-February,22.0,11522.660000000002
PROD_00161,2026-February,7.0,2856.7699999999995
PROD_00123,2023-April,9.0,4167.71
PROD_00011,2023-April,17.0,33866.52
PROD_00224,2024-November,9.0,16140.300000000001
PROD_00285,2024-August,8.0,24038.59
PROD_00269,2026-January,23.0,30621.4
PROD_00105,2026-February,4.0,16247.420000000002
PROD_00191,2024-December,26.0,37314.53999999999
PROD_00263,2025-July,5.0,1093.97
PROD_00138,2024-December,13.0,4703.84
PROD_00104,2024-December,17.0,53424.78
PROD_00286,2025-March,6.0,39485.73
PROD_00030,2024-September,11.0,24091.21
PROD_00219,2024-September,9.0,1279.28
PROD_00051,2025-July,5.0,1686.14
PROD_00080,2025-July,11.0,38454.96
PROD_00030,2025-September,9.0,19996.72
PROD_00237,2025-September,2.0,588.18
PROD_00273,2026-March,4.0,1831.26
PROD_00234,2026-March,17.0,12441.06
PROD_00160,2025-November,12.0,36273.1
PROD_00263,2025-November,20.0,4587.9
PROD_00293,2023-May,13.0,15877.619999999999
PROD_00272,2023-May,8.0,15925.140000000001
PROD_00131,2024-December,4.0,3882.24
PROD_00188,2024-December,4.0,1354.6
PROD_00178,2024-March,9.0,7214.48
PROD_00007,2024-January,5.0,6641.87
PROD_00150,2023-September,6.0,9367.8
PROD_00015,2025-May,19.0,9515.920000000002
PROD_00131,2025-December,14.0,13151.12
PROD_00199,2024-April,17.0,7599.140000000001
PROD_00156,2026-January,8.0,1180.72
PROD_00018,2026-January,6.0,17464.510000000002
PROD_00119,2025-March,17.0,19520.51
PROD_00092,2025-March,11.0,11611.5
PROD_00143,2023-September,3.0,1572.69
PROD_00225,2023-July,10.0,23362.420000000002
PROD_00024,2023-July,10.0,8993.14
PROD_00287,2023-July,6.0,7103.240000000001
PROD_00049,2023-July,31.0,30682.14
PROD_00031,2026-August,4.0,6099.64
PROD_00240,2026-August,10.0,4079.4800000000005
PROD_00271,2025-May,6.0,2625.4700000000003
PROD_00024,2025-May,4.0,3448.4
PROD_00144,2026-March,8.0,4349.69
PROD_00044,2025-December,4.0,4333.93
PROD_00270,2025-December,13.0,28987.0
PROD_00172,2025-September,13.0,19840.980000000003
PROD_00022,2026-January,6.0,1372.49
PROD_00278,2025-June,12.0,25405.660000000003
PROD_00110,2023-August,11.0,4507.01
PROD_00004,2025-August,7.0,15064.329999999998
PROD_00269,2025-August,8.0,10873.61
PROD_00027,2025-April,3.0,4103.83
PROD_00087,2024-December,12.0,88165.66
PROD_00239,2024-December,12.0,3843.82
PROD_00186,2025-August,12.0,5084.22
PROD_00108,2023-February,8.0,317.26
PROD_00177,2024-March,17.0,7644.450000000001
PROD_00174,2024-September,14.0,6002.210000000001
PROD_00107,2024-September,6.0,3172.34
PROD_00220,2025-November,5.0,9810.539999999999
PROD_00113,2025-November,7.0,374.62
PROD_00136,2025-June,4.0,11795.98
PROD_00163,2023-March,9.0,62812.729999999996
PROD_00107,2026-April,11.0,5826.35
PROD_00119,2024-June,20.0,23398.77
PROD_00033,2023-August,8.0,15541.4
PROD_00175,2023-August,10.0,18385.870000000003
PROD_00033,2025-November,14.0,27591.58
PROD_00088,2025-November,3.0,510.29999999999995
PROD_00098,2023-December,5.0,3494.3500000000004
PROD_00177,2026-March,5.0,2255.69
PROD_00137,2023-June,15.0,4660.0
PROD_00112,2024-November,5.0,3280.86
PROD_00205,2025-November,13.0,5348.61
PROD_00203,2025-April,12.0,10064.689999999999
PROD_00121,2023-March,10.0,12753.59
PROD_00220,2024-October,8.0,16108.100000000002
PROD_00037,2024-October,5.0,43553.74
PROD_00034,2025-February,1.0,438.17
PROD_00127,2023-December,15.0,20455.69
PROD_00092,2023-December,2.0,2208.77
PROD_00116,2023-May,10.0,12912.92
PROD_00176,2024-May,15.0,17190.239999999998
PROD_00059,2026-January,10.0,21319.85
PROD_00295,2025-June,8.0,10549.96
PROD_00128,2025-March,14.0,14771.43
PROD_00280,2025-April,8.0,1076.08
PROD_00107,2025-April,18.0,9515.07
PROD_00235,2023-September,4.0,454.96
PROD_00093,2026-May,4.0,1707.2
PROD_00056,2023-March,2.0,614.16
PROD_00170,2025-December,10.0,9087.02
PROD_00031,2025-December,15.0,23116.559999999998
PROD_00044,2023-January,6.0,6402.08
PROD_00042,2023-February,13.0,23383.18
PROD_00210,2025-January,10.0,4825.549999999999
PROD_00219,2026-February,1.0,142.71
PROD_00044,2023-February,6.0,6691.51
PROD_00142,2025-November,1.0,1860.32
PROD_00088,2023-January,19.0,3388.31
PROD_00137,2024-June,6.0,1919.52
PROD_00073,2023-April,4.0,1463.49
PROD_00248,2024-October,7.0,4778.38
PROD_00055,2024-October,6.0,3575.1
PROD_00219,2023-April,11.0,1582.75
PROD_00119,2023-April,8.0,9440.560000000001
PROD_00300,2026-April,12.0,6760.33
PROD_00082,2023-May,29.0,44866.399999999994
PROD_00175,2023-May,8.0,14598.13
PROD_00129,2023-April,16.0,164011.09000000003
PROD_00020,2025-May,21.0,18099.6
PROD_00127,2024-October,4.0,5272.700000000001
PROD_00153,2026-January,5.0,3228.2299999999996
PROD_00138,2026-January,4.0,1444.85
PROD_00056,2025-March,15.0,4700.17
PROD_00118,2024-August,16.0,9401.279999999999
PROD_00002,2024-June,12.0,70790.5
PROD_00090,2024-March,10.0,38289.93
PROD_00227,2024-March,8.0,17249.870000000003
PROD_00061,2024-March,9.0,9470.92
PROD_00153,2023-February,1.0,666.63
PROD_00201,2024-October,7.0,3023.4
PROD_00219,2023-May,3.0,428.13
PROD_00209,2023-May,15.0,86550.19
PROD_00290,2026-March,18.0,1718.79
PROD_00042,2023-September,4.0,7264.9400000000005
PROD_00108,2023-September,6.0,233.32000000000002
PROD_00118,2023-September,5.0,2907.66
PROD_00099,2023-September,18.0,8653.06
PROD_00270,2026-July,13.0,29097.29
PROD_00191,2026-July,18.0,25331.17
PROD_00217,2026-July,7.0,2284.88
PROD_00114,2024-February,10.0,8029.459999999999
PROD_00194,2026-January,11.0,4608.400000000001
PROD_00112,2024-September,9.0,5878.299999999999
PROD_00098,2024-November,13.0,9018.54
PROD_00287,2026-July,4.0,5100.450000000001
PROD_00086,2026-July,13.0,56518.810000000005
PROD_00142,2023-February,8.0,15531.480000000001
PROD_00263,2023-February,12.0,2795.42
PROD_00127,2024-May,23.0,30958.440000000006
PROD_00057,2023-February,24.0,5049.4400000000005
PROD_00050,2023-February,5.0,5462.349999999999
PROD_00121,2025-September,14.0,17222.43
PROD_00170,2023-August,9.0,8155.68
PROD_00171,2026-January,12.0,21888.52
PROD_00115,2026-January,15.0,13310.16
PROD_00236,2024-November,9.0,1077.71
PROD_00142,2023-December,6.0,11695.02
PROD_00214,2023-December,10.0,13479.6
PROD_00165,2023-December,11.0,12387.83
PROD_00120,2025-June,7.0,3073.6099999999997
PROD_00293,2025-June,6.0,7114.05
PROD_00261,2024-June,5.0,32482.649999999998
PROD_00010,2025-January,1.0,903.87
PROD_00013,2025-March,4.0,1948.96
PROD_00165,2024-July,14.0,15986.41
PROD_00199,2023-April,20.0,8933.94
PROD_00136,2025-August,9.0,26560.059999999998
PROD_00227,2025-February,10.0,20587.010000000002
PROD_00005,2024-December,13.0,27502.720000000005
PROD_00113,2026-March,3.0,165.99
PROD_00072,2024-July,4.0,2475.48
PROD_00096,2024-June,13.0,36158.28
PROD_00013,2024-June,3.0,1455.8700000000001
PROD_00046,2024-July,12.0,3899.51
PROD_00241,2024-March,6.0,5569.9400000000005
PROD_00100,2025-December,8.0,4789.749999999999
PROD_00101,2025-January,6.0,6987.209999999999
PROD_00051,2026-April,6.0,2035.7099999999998
PROD_00120,2026-April,23.0,10194.85
PROD_00064,2024-July,20.0,43951.81
PROD_00080,2024-July,4.0,13744.96
PROD_00091,2024-July,1.0,1455.55
PROD_00131,2026-April,14.0,13496.779999999999
PROD_00194,2025-October,7.0,2795.84
PROD_00299,2024-July,14.0,2972.76
PROD_00100,2026-April,3.0,1747.47
PROD_00272,2025-January,6.0,11615.18
PROD_00280,2025-January,8.0,1045.2
PROD_00164,2023-November,5.0,1342.38
PROD_00052,2023-May,7.0,20670.809999999998
PROD_00252,2023-May,8.0,46552.78
PROD_00185,2024-August,7.0,26698.469999999998
PROD_00159,2024-September,3.0,2713.4700000000003
PROD_00297,2026-July,13.0,17863.37
PROD_00108,2026-July,13.0,517.54
PROD_00192,2024-June,7.0,9143.6
PROD_00206,2024-December,6.0,9892.38
PROD_00132,2023-May,8.0,1263.6799999999998
PROD_00280,2023-January,19.0,2497.5299999999997
PROD_00173,2024-December,19.0,907.5999999999999
PROD_00287,2024-December,8.0,9930.48
PROD_00202,2026-August,8.0,13579.830000000002
PROD_00278,2024-February,11.0,23017.86
PROD_00020,2023-October,4.0,3341.5699999999997
PROD_00177,2025-May,1.0,418.86
PROD_00135,2024-November,4.0,2206.6
PROD_00208,2026-April,35.0,18263.510000000002
PROD_00174,2026-April,6.0,2510.0400000000004
PROD_00283,2025-November,9.0,4809.63
PROD_00181,2023-January,3.0,7536.52
PROD_00247,2023-November,11.0,2626.34
PROD_00174,2024-October,18.0,7498.4
PROD_00251,2024-October,9.0,10977.7
PROD_00129,2024-July,13.0,135700.6
PROD_00120,2025-September,12.0,5350.4
PROD_00066,2024-July,9.0,3031.13
PROD_00200,2025-August,4.0,2495.3199999999997
PROD_00188,2023-June,6.0,1999.92
PROD_00114,2023-December,8.0,6679.85
PROD_00081,2024-May,12.0,17294.68
PROD_00109,2024-May,10.0,20445.289999999997
PROD_00168,2025-September,3.0,2418.73
PROD_00250,2023-June,5.0,11888.6
PROD_00063,2023-June,12.0,10222.890000000001
PROD_00117,2024-May,32.0,6671.759999999999
PROD_00156,2025-July,1.0,152.65
PROD_00070,2023-January,8.0,23811.920000000002
PROD_00154,2025-February,6.0,18401.46
PROD_00139,2025-August,10.0,300.0
PROD_00279,2024-October,6.0,4184.01
PROD_00158,2024-October,8.0,7081.63
PROD_00271,2025-December,15.0,6531.42
PROD_00049,2025-December,12.0,11615.73
PROD_00047,2026-June,4.0,6752.74
PROD_00049,2024-July,8.0,7914.6
PROD_00278,2024-July,4.0,8660.41
PROD_00058,2023-November,14.0,1153.8
PROD_00088,2023-November,4.0,696.76
PROD_00121,2026-April,21.0,26764.66
PROD_00262,2025-April,9.0,6853.32
PROD_00166,2023-May,8.0,3902.93
PROD_00293,2023-September,3.0,3468.66
PROD_00272,2023-December,3.0,5829.87
PROD_00052,2026-February,21.0,65175.969999999994
PROD_00083,2023-November,8.0,10354.06
PROD_00205,2024-June,2.0,779.9
PROD_00203,2023-December,6.0,4976.95
PROD_00067,2023-December,10.0,11601.53
PROD_00017,2024-April,10.0,18348.15
PROD_00174,2026-June,3.0,1351.6200000000001
PROD_00085,2026-August,16.0,11392.380000000001
PROD_00107,2024-May,6.0,3203.6
PROD_00068,2024-May,8.0,3487.3199999999997
PROD_00091,2025-April,4.0,5996.799999999999
PROD_00127,2023-June,10.0,13537.289999999999
PROD_00247,2023-June,2.0,492.18
PROD_00275,2026-January,6.0,2332.7000000000003
PROD_00284,2026-January,27.0,13860.5
PROD_00126,2023-January,17.0,16010.06
PROD_00230,2023-January,18.0,15306.48
PROD_00049,2023-January,10.0,9845.9
PROD_00277,2023-April,7.0,6675.360000000001
PROD_00299,2023-April,4.0,871.1299999999999
PROD_00193,2023-April,5.0,4436.37
PROD_00071,2024-July,19.0,19406.42
PROD_00086,2026-June,10.0,44612.33
PROD_00135,2026-June,12.0,6821.16
PROD_00217,2023-October,13.0,4211.1
PROD_00247,2025-November,11.0,2593.17
PROD_00035,2026-February,21.0,23209.35
PROD_00224,2025-November,3.0,5413.18
PROD_00118,2023-April,12.0,7029.82
PROD_00053,2023-January,7.0,31442.03
PROD_00155,2023-November,2.0,11309.92
PROD_00230,2023-November,13.0,11324.46
PROD_00096,2024-February,8.0,22036.300000000003
PROD_00119,2025-May,12.0,14244.36
PROD_00296,2025-May,16.0,20556.43
PROD_00250,2026-March,1.0,2456.09
PROD_00089,2024-July,4.0,4026.79
PROD_00298,2023-February,8.0,29884.590000000004
PROD_00220,2023-February,8.0,15895.330000000002
PROD_00123,2025-August,10.0,4632.8
PROD_00057,2025-April,7.0,1429.07
PROD_00005,2025-April,8.0,17288.96
PROD_00251,2024-February,11.0,13120.6
PROD_00285,2025-January,4.0,12221.2
PROD_00291,2025-August,12.0,10421.94
PROD_00272,2025-August,15.0,28891.129999999997
PROD_00167,2026-May,14.0,12580.02
PROD_00119,2026-May,9.0,10541.4
PROD_00188,2023-February,9.0,2958.66
PROD_00116,2023-February,13.0,16442.81
PROD_00050,2025-July,3.0,3203.9399999999996
PROD_00275,2024-May,11.0,4245.45
PROD_00135,2023-December,8.0,4435.23
PROD_00121,2023-January,9.0,11355.029999999999
PROD_00161,2025-February,20.0,8129.169999999999
PROD_00075,2023-April,7.0,9918.189999999999
PROD_00037,2025-September,13.0,112714.23000000001
PROD_00075,2026-April,17.0,24209.02
PROD_00189,2024-February,4.0,8089.72
PROD_00028,2024-November,9.0,4201.379999999999
PROD_00248,2024-January,6.0,4016.0
PROD_00127,2025-June,2.0,2719.46
PROD_00137,2023-April,6.0,1913.09
PROD_00168,2023-April,3.0,2364.17
PROD_00295,2023-May,24.0,32829.259999999995
PROD_00184,2023-May,15.0,78775.44
PROD_00159,2024-July,6.0,5356.889999999999
PROD_00056,2023-September,3.0,915.42
PROD_00268,2023-March,9.0,14158.759999999998
PROD_00287,2025-February,8.0,9652.86
PROD_00112,2024-June,6.0,3935.4700000000003
PROD_00215,2025-February,4.0,9167.42
PROD_00012,2025-February,2.0,1063.24
PROD_00198,2025-November,13.0,11199.110000000002
PROD_00039,2023-February,11.0,52377.66
PROD_00172,2023-September,5.0,7640.21
PROD_00149,2024-October,10.0,10336.220000000001
PROD_00222,2024-October,11.0,18179.260000000002
PROD_00223,2025-July,9.0,21262.020000000004
PROD_00117,2024-June,6.0,1268.98
PROD_00251,2026-February,9.0,11026.769999999999
PROD_00280,2024-November,4.0,544.36
PROD_00112,2024-July,21.0,13985.970000000001
PROD_00137,2024-August,10.0,3047.0
PROD_00074,2023-April,12.0,18074.78
PROD_00079,2024-January,20.0,28082.5
PROD_00270,2024-May,14.0,30256.89
PROD_00014,2024-May,15.0,4913.07
PROD_00277,2023-May,14.0,13357.52
PROD_00118,2024-May,15.0,8800.09
PROD_00178,2024-May,18.0,14472.86
PROD_00186,2024-May,9.0,3739.46
PROD_00084,2024-January,17.0,17569.21
PROD_00283,2024-January,7.0,3834.3399999999997
PROD_00152,2024-October,6.0,5918.150000000001
PROD_00136,2024-October,1.0,2838.14
PROD_00253,2024-October,5.0,5299.02
PROD_00086,2025-October,7.0,31283.04
PROD_00194,2023-September,4.0,1618.58
PROD_00105,2024-March,3.0,11733.69
PROD_00161,2025-December,16.0,6501.93
PROD_00294,2025-December,10.0,121716.9
PROD_00078,2025-December,16.0,1289.67
PROD_00160,2025-December,12.0,35977.64
PROD_00241,2024-January,5.0,4336.21
PROD_00117,2023-May,5.0,1066.27
PROD_00244,2026-May,11.0,9020.75
PROD_00257,2023-October,10.0,24141.17
PROD_00190,2025-February,11.0,9819.779999999999
PROD_00059,2025-February,22.0,47732.66
PROD_00183,2023-March,7.0,82376.33
PROD_00007,2023-March,19.0,24850.43
PROD_00180,2025-August,7.0,3453.24
PROD_00001,2025-August,4.0,5232.0
PROD_00163,2023-December,20.0,136648.69
PROD_00193,2024-January,10.0,8753.95
PROD_00182,2025-August,7.0,395.29999999999995
PROD_00028,2025-August,6.0,2674.98
PROD_00023,2025-August,5.0,857.45
PROD_00065,2025-August,2.0,1225.04
PROD_00026,2025-January,14.0,35615.32
PROD_00101,2026-July,9.0,10398.170000000002
PROD_00150,2023-July,14.0,21874.33
PROD_00071,2024-February,11.0,10868.029999999999
PROD_00268,2024-February,5.0,8062.87
PROD_00273,2026-January,6.0,2789.88
PROD_00146,2026-January,22.0,6464.610000000001
PROD_00010,2023-August,8.0,7572.0
PROD_00219,2024-February,2.0,287.64
PROD_00022,2024-February,12.0,2698.69
PROD_00156,2024-February,6.0,881.61
PROD_00127,2024-February,11.0,14552.800000000001
PROD_00116,2026-March,11.0,14281.189999999999
PROD_00097,2025-July,3.0,15723.32
PROD_00045,2025-July,3.0,10463.75
PROD_00257,2025-May,10.0,23090.72
PROD_00115,2025-May,23.0,19951.239999999998
PROD_00051,2026-January,8.0,2721.66
PROD_00296,2024-May,9.0,11534.31
PROD_00294,2024-May,15.0,178566.27000000002
PROD_00265,2026-July,4.0,5781.68
PROD_00105,2026-July,13.0,52948.56
PROD_00107,2025-December,4.0,2202.85
PROD_00082,2025-December,10.0,15420.42
PROD_00255,2025-December,10.0,21337.5
PROD_00048,2025-January,8.0,11297.29
PROD_00179,2025-January,2.0,3804.2
PROD_00126,2025-January,7.0,6294.98
PROD_00027,2025-September,7.0,9790.82
PROD_00169,2024-July,12.0,23979.1
PROD_00162,2026-January,5.0,23602.9
PROD_00186,2023-February,12.0,5046.24
PROD_00215,2026-July,1.0,2294.95
PROD_00151,2024-May,11.0,7990.700000000001
PROD_00109,2026-April,6.0,12171.029999999999
PROD_00053,2023-April,5.0,21560.170000000002
PROD_00073,2023-June,9.0,3257.37
PROD_00022,2026-February,7.0,1542.4099999999999
PROD_00247,2026-February,11.0,2596.46
PROD_00097,2026-February,13.0,65860.52
PROD_00297,2024-October,2.0,2822.74
PROD_00007,2025-September,3.0,3934.29
PROD_00253,2025-November,20.0,20919.79
PROD_00030,2026-May,14.0,31042.36
PROD_00068,2026-May,12.0,5179.94
PROD_00075,2023-November,4.0,5694.5
PROD_00052,2024-March,5.0,15712.25
PROD_00171,2024-March,13.0,23565.050000000003
PROD_00089,2023-January,12.0,12471.84
PROD_00156,2023-January,12.0,1818.3799999999999
PROD_00188,2023-January,20.0,6568.9400000000005
PROD_00110,2025-December,7.0,2867.84
PROD_00060,2026-March,12.0,32129.019999999997
PROD_00096,2025-January,2.0,5583.9400000000005
PROD_00258,2023-April,13.0,12606.900000000001
PROD_00158,2026-March,8.0,7127.9800000000005
PROD_00215,2024-March,10.0,23658.36
PROD_00224,2024-October,5.0,8966.24
PROD_00044,2023-July,17.0,18590.949999999997
PROD_00060,2023-June,6.0,15717.39
PROD_00175,2026-August,12.0,21314.829999999998
PROD_00227,2026-August,6.0,12391.66
PROD_00002,2026-August,4.0,24786.34
PROD_00230,2023-July,16.0,13631.39
PROD_00215,2023-December,13.0,30925.65
PROD_00116,2024-February,7.0,8972.51
PROD_00087,2024-February,7.0,52009.46
PROD_00133,2025-May,14.0,33684.5
PROD_00233,2024-June,4.0,4263.79
PROD_00116,2025-August,10.0,13018.88
PROD_00230,2025-August,9.0,7840.2
PROD_00062,2025-September,7.0,35346.14
PROD_00225,2025-May,17.0,39746.2
PROD_00067,2023-October,22.0,25527.68
PROD_00150,2023-October,10.0,15391.48
PROD_00228,2024-October,2.0,10073.98
PROD_00209,2024-October,15.0,88956.95
PROD_00118,2025-December,14.0,8225.42
PROD_00202,2025-December,32.0,53872.89
PROD_00232,2025-December,16.0,23738.679999999997
PROD_00110,2023-December,14.0,5806.07
PROD_00088,2023-December,18.0,3161.5699999999997
PROD_00115,2025-December,7.0,6260.38
PROD_00104,2025-March,7.0,21732.949999999997
PROD_00226,2023-June,14.0,3206.6899999999996
PROD_00260,2023-June,2.0,2226.7
PROD_00043,2023-June,7.0,9432.46
PROD_00114,2023-June,13.0,10554.88
PROD_00281,2025-November,3.0,2154.54
PROD_00243,2025-November,16.0,1322.9499999999998
PROD_00102,2026-May,15.0,31780.36
PROD_00275,2024-June,5.0,1967.28
PROD_00286,2024-June,9.0,58304.76000000001
PROD_00095,2023-August,6.0,836.15
PROD_00095,2023-September,13.0,1840.3799999999997
PROD_00080,2023-September,3.0,10023.69
PROD_00236,2025-April,4.0,475.45
PROD_00243,2026-February,7.0,560.62
PROD_00244,2024-June,10.0,7970.700000000001
PROD_00138,2024-June,7.0,2488.37
PROD_00152,2023-June,2.0,2039.28
PROD_00219,2023-March,12.0,1708.3999999999999
PROD_00006,2025-November,9.0,8853.66
PROD_00280,2025-November,9.0,1204.1599999999999
PROD_00114,2024-March,1.0,868.94
PROD_00204,2025-June,24.0,192361.06999999998
PROD_00124,2025-June,5.0,8714.17
PROD_00201,2023-June,1.0,424.78
PROD_00054,2023-June,5.0,29452.6
PROD_00278,2026-February,18.0,37599.22
PROD_00190,2023-February,13.0,11848.79
PROD_00051,2025-October,3.0,983.64
PROD_00182,2025-February,6.0,327.25
PROD_00086,2024-September,3.0,13115.46
PROD_00250,2024-September,10.0,23603.0
PROD_00223,2026-January,1.0,2357.2
PROD_00259,2026-May,4.0,2405.61
PROD_00293,2025-September,2.0,2349.88
PROD_00101,2025-September,14.0,16378.439999999999
PROD_00152,2025-September,11.0,11040.66
PROD_00103,2024-August,14.0,11391.06
PROD_00057,2024-August,7.0,1460.1599999999999
PROD_00153,2024-August,10.0,6504.789999999999
PROD_00201,2023-April,11.0,4543.99
PROD_00238,2025-November,8.0,10528.65
PROD_00193,2025-November,6.0,5139.84
PROD_00174,2025-November,8.0,3465.44
PROD_00217,2025-November,10.0,3241.6499999999996
PROD_00151,2024-August,19.0,13931.57
PROD_00298,2024-December,9.0,32267.920000000002
PROD_00089,2024-December,1.0,1021.82
PROD_00087,2024-July,16.0,118483.75000000001
PROD_00012,2023-December,2.0,1098.71
PROD_00085,2023-December,7.0,4839.23
PROD_00202,2023-December,6.0,10172.25
PROD_00028,2026-February,6.0,2769.96
PROD_00107,2025-February,13.0,7024.669999999999
PROD_00224,2024-July,6.0,10888.66
PROD_00129,2025-November,15.0,153280.09000000003
PROD_00189,2025-August,7.0,14095.71
PROD_00002,2025-March,9.0,52961.99
PROD_00044,2024-December,18.0,19087.969999999998
PROD_00045,2024-December,3.0,10017.150000000001
PROD_00232,2026-March,23.0,35086.03
PROD_00214,2023-October,5.0,6791.05
PROD_00015,2023-October,10.0,4978.04
PROD_00011,2026-March,13.0,25611.129999999997
PROD_00029,2025-June,9.0,109102.31999999999
PROD_00166,2025-October,8.0,3982.45
PROD_00074,2026-March,15.0,23135.6
PROD_00202,2024-August,7.0,12116.0
PROD_00114,2024-August,7.0,5828.7
PROD_00281,2024-January,3.0,2135.0
PROD_00108,2025-October,13.0,512.3
PROD_00025,2026-January,1.0,3081.97
PROD_00173,2023-December,15.0,707.45
PROD_00019,2024-June,1.0,1494.72
PROD_00052,2024-November,6.0,18330.739999999998
PROD_00223,2024-February,14.0,33956.64
PROD_00106,2024-April,2.0,1022.74
PROD_00267,2024-March,11.0,8307.39
PROD_00138,2025-January,6.0,2168.3
PROD_00134,2025-January,5.0,5807.219999999999
PROD_00159,2024-October,8.0,6941.610000000001
PROD_00197,2024-September,10.0,8299.86
PROD_00158,2025-July,9.0,7909.3099999999995
PROD_00168,2025-April,7.0,5694.460000000001
PROD_00081,2023-June,8.0,11629.7
PROD_00020,2023-June,12.0,10350.75
PROD_00025,2024-January,6.0,17659.04
PROD_00289,2024-August,5.0,14092.6
PROD_00066,2024-August,11.0,3690.3099999999995
PROD_00060,2025-April,4.0,10398.16
PROD_00175,2023-March,1.0,1818.6
PROD_00289,2024-May,20.0,55986.12
PROD_00191,2023-June,15.0,21461.37
PROD_00120,2023-June,14.0,6351.67
PROD_00065,2023-March,8.0,4945.8099999999995
PROD_00231,2025-October,4.0,11544.6
PROD_00162,2025-May,29.0,135689.77000000002
PROD_00236,2025-May,13.0,1542.1299999999999
PROD_00259,2024-January,7.0,4187.799999999999
PROD_00053,2024-January,3.0,13440.48
PROD_00273,2025-May,16.0,7343.820000000001
PROD_00022,2025-March,11.0,2423.29
PROD_00019,2025-December,1.0,1535.95
PROD_00175,2025-October,7.0,12698.039999999999
PROD_00268,2024-December,9.0,14336.800000000001
PROD_00132,2024-December,10.0,1511.3
PROD_00040,2025-March,17.0,7882.5599999999995
PROD_00186,2025-March,10.0,4306.110000000001
PROD_00017,2026-March,5.0,9331.699999999999
PROD_00080,2026-March,17.0,57307.26
PROD_00207,2026-April,14.0,79832.1
PROD_00239,2026-April,23.0,7274.679999999999
PROD_00213,2025-April,10.0,9879.07
PROD_00025,2024-September,6.0,17828.64
PROD_00077,2024-September,3.0,2908.16
PROD_00224,2026-May,8.0,14355.54
PROD_00294,2026-May,21.0,250089.77
PROD_00227,2024-July,7.0,14362.93
PROD_00052,2024-September,13.0,39100.270000000004
PROD_00088,2024-September,6.0,1087.6
PROD_00210,2024-August,3.0,1426.77
PROD_00204,2023-August,6.0,47790.88
PROD_00019,2023-February,17.0,25619.59
PROD_00189,2025-March,18.0,37807.920000000006
PROD_00075,2025-December,18.0,25894.99
PROD_00260,2023-January,7.0,7869.070000000001
PROD_00030,2024-January,12.0,26203.16
PROD_00064,2026-February,7.0,15313.3
PROD_00047,2024-May,10.0,16595.04
PROD_00104,2024-May,9.0,28525.75
PROD_00077,2025-May,2.0,1856.65
PROD_00237,2023-October,11.0,3493.52
PROD_00083,2023-October,12.0,16028.43
PROD_00058,2026-February,13.0,1031.93
PROD_00050,2024-April,18.0,19108.8
PROD_00271,2024-April,14.0,6174.860000000001
PROD_00260,2024-April,11.0,12116.52
PROD_00093,2024-April,8.0,3528.2300000000005
PROD_00102,2024-December,8.0,17178.15
PROD_00047,2024-December,14.0,23117.760000000002
PROD_00290,2023-July,13.0,1248.28
PROD_00007,2025-August,17.0,22849.5
PROD_00157,2026-May,5.0,15818.76
PROD_00062,2026-May,7.0,35441.76
PROD_00026,2026-March,8.0,19996.75
PROD_00148,2026-March,15.0,12206.759999999998
PROD_00022,2026-July,4.0,920.8
PROD_00218,2026-July,6.0,14432.39
PROD_00209,2024-September,13.0,73464.06
PROD_00136,2025-July,13.0,37676.29
PROD_00124,2026-February,14.0,24324.320000000003
PROD_00073,2026-May,6.0,2146.07
PROD_00163,2025-November,15.0,103938.52
PROD_00213,2025-November,16.0,16043.31
PROD_00104,2025-November,16.0,48562.22
PROD_00076,2025-November,15.0,12387.949999999999
PROD_00042,2025-April,14.0,26540.65
PROD_00288,2025-April,4.0,8955.06
PROD_00031,2025-April,4.0,6056.24
PROD_00004,2026-June,11.0,23762.81
PROD_00299,2026-June,7.0,1506.23
PROD_00257,2026-February,8.0,18953.940000000002
PROD_00252,2023-June,12.0,69505.21
PROD_00149,2026-April,10.0,10824.73
PROD_00167,2025-March,18.0,16038.699999999999
PROD_00269,2023-September,7.0,9403.88
PROD_00135,2023-October,4.0,2248.1
PROD_00143,2023-October,7.0,3780.23
PROD_00190,2025-October,3.0,2753.88
PROD_00112,2025-October,1.0,630.22
PROD_00215,2025-October,7.0,16519.629999999997
PROD_00220,2024-February,12.0,23002.05
PROD_00212,2023-April,7.0,6125.62
PROD_00240,2023-April,16.0,6422.24
PROD_00002,2024-January,3.0,18212.61
PROD_00030,2026-June,16.0,34894.770000000004
PROD_00206,2026-June,8.0,12824.369999999999
PROD_00098,2026-June,12.0,8239.25
PROD_00220,2023-April,6.0,11570.25
PROD_00098,2023-April,16.0,11184.369999999999
PROD_00155,2026-March,6.0,35357.759999999995
PROD_00196,2024-July,7.0,2915.7700000000004
PROD_00081,2024-July,7.0,10190.51
PROD_00233,2024-July,10.0,10166.23
PROD_00246,2023-May,7.0,22113.21
PROD_00258,2024-September,13.0,12508.13
PROD_00273,2023-March,17.0,8030.17
PROD_00200,2025-October,13.0,8240.33
PROD_00038,2023-September,5.0,7030.639999999999
PROD_00101,2023-February,13.0,14928.12
PROD_00134,2023-February,2.0,2322.19
PROD_00245,2026-August,1.0,127.48
PROD_00064,2026-August,3.0,6490.389999999999
PROD_00035,2023-December,8.0,8838.8
PROD_00149,2023-April,7.0,7442.610000000001
PROD_00206,2023-April,11.0,17862.32
PROD_00280,2023-March,5.0,666.75
PROD_00106,2023-February,18.0,9407.34
PROD_00247,2024-March,3.0,704.4000000000001
PROD_00213,2024-March,10.0,9988.46
PROD_00220,2026-May,12.0,23159.23
PROD_00250,2023-March,10.0,23903.300000000003
PROD_00236,2026-May,5.0,583.2299999999999
PROD_00052,2025-December,15.0,46816.28
PROD_00127,2025-December,13.0,17975.22
PROD_00165,2024-November,3.0,3380.14
PROD_00171,2024-November,14.0,25298.170000000002
PROD_00166,2025-December,2.0,996.52
PROD_00167,2023-October,6.0,5469.1900000000005
PROD_00224,2023-October,12.0,21501.24
PROD_00079,2023-March,11.0,15231.259999999998
PROD_00188,2024-May,14.0,4801.85
PROD_00279,2024-May,23.0,16342.97
PROD_00199,2024-May,22.0,9797.679999999998
PROD_00084,2023-October,8.0,8331.8
PROD_00029,2023-November,5.0,56985.45
PROD_00274,2023-November,10.0,2536.05
PROD_00016,2023-November,7.0,29430.499999999996
PROD_00142,2025-February,11.0,21557.15
PROD_00015,2023-April,6.0,3082.62
PROD_00133,2023-September,9.0,21372.989999999998
PROD_00083,2023-September,7.0,9226.35
PROD_00245,2023-September,19.0,2525.7699999999995
PROD_00153,2024-February,8.0,5076.32
PROD_00054,2024-February,6.0,32893.7
PROD_00255,2024-February,23.0,50474.7
PROD_00194,2024-December,11.0,4575.96
PROD_00084,2025-December,23.0,24740.68
PROD_00013,2025-November,2.0,958.6600000000001
PROD_00237,2026-February,17.0,5367.5
PROD_00068,2026-January,6.0,2604.08
PROD_00024,2026-January,6.0,5328.06
PROD_00104,2026-January,9.0,28482.85
PROD_00107,2024-October,15.0,7903.8099999999995
PROD_00148,2023-July,4.0,3207.5
PROD_00163,2026-June,7.0,50718.22
PROD_00085,2024-June,19.0,13571.86
PROD_00185,2025-August,7.0,25463.91
PROD_00124,2026-June,1.0,1698.52
PROD_00263,2026-June,8.0,1831.47
PROD_00008,2024-May,6.0,19153.16
PROD_00054,2025-February,9.0,52206.54
PROD_00293,2025-February,5.0,5962.799999999999
PROD_00080,2024-March,6.0,20401.87
PROD_00142,2023-September,3.0,5860.14
PROD_00287,2025-May,7.0,8536.36
PROD_00017,2026-June,9.0,16367.130000000001
PROD_00108,2024-July,4.0,164.88
PROD_00259,2025-May,3.0,1859.5500000000002
PROD_00209,2026-July,15.0,87532.51
PROD_00060,2026-January,4.0,10715.720000000001
PROD_00247,2026-January,2.0,507.82
PROD_00192,2023-September,14.0,17856.81
PROD_00197,2024-July,6.0,5336.41
PROD_00123,2024-July,9.0,4188.389999999999
PROD_00116,2025-November,9.0,11404.439999999999
PROD_00169,2024-September,12.0,24740.240000000005
PROD_00235,2025-August,7.0,832.12
PROD_00248,2025-August,7.0,4620.42
PROD_00128,2024-January,3.0,3242.0200000000004
PROD_00127,2024-January,7.0,9484.95
PROD_00114,2024-January,1.0,832.04
PROD_00281,2024-July,19.0,14249.93
PROD_00212,2025-February,3.0,2634.0299999999997
PROD_00147,2023-September,10.0,10066.17
PROD_00168,2023-September,21.0,16839.340000000004
PROD_00271,2024-March,5.0,2219.29
PROD_00075,2024-November,12.0,17539.510000000002
PROD_00002,2024-November,1.0,6301.27
PROD_00234,2023-March,9.0,6694.0599999999995
PROD_00007,2024-September,9.0,11942.989999999998
PROD_00155,2024-December,7.0,39782.200000000004
PROD_00070,2024-February,15.0,44807.880000000005
PROD_00084,2025-May,7.0,7687.28
PROD_00247,2025-December,3.0,722.51
PROD_00297,2023-March,14.0,19893.07
PROD_00156,2023-March,6.0,892.4000000000001
PROD_00160,2026-July,10.0,30452.92
PROD_00238,2026-July,22.0,29547.39
PROD_00090,2026-March,1.0,3865.5
PROD_00119,2025-April,15.0,17492.530000000002
PROD_00066,2026-April,5.0,1655.2
PROD_00153,2024-June,7.0,4534.72
PROD_00252,2025-November,21.0,123301.24999999999
PROD_00229,2025-November,4.0,4023.16
PROD_00077,2023-April,4.0,3753.04
PROD_00044,2026-June,16.0,17116.72
PROD_00141,2023-August,12.0,20276.050000000003
PROD_00150,2023-August,16.0,24897.879999999997
PROD_00140,2024-February,9.0,7378.420000000001
PROD_00265,2025-August,6.0,9228.05
PROD_00213,2025-August,5.0,4906.28
PROD_00107,2026-January,4.0,2102.67
PROD_00154,2024-May,8.0,25429.5
PROD_00139,2024-May,24.0,708.3299999999999
PROD_00078,2025-June,7.0,565.5
PROD_00024,2024-October,26.0,23275.020000000004
PROD_00188,2024-October,13.0,4303.18
PROD_00132,2024-October,3.0,472.26
PROD_00026,2024-September,8.0,20245.57
PROD_00036,2024-September,8.0,29363.54
PROD_00119,2025-August,13.0,15593.84
PROD_00043,2023-October,3.0,4049.9700000000003
PROD_00173,2023-January,4.0,189.46
PROD_00262,2024-December,10.0,8050.639999999999
PROD_00130,2024-March,18.0,5942.65
PROD_00041,2024-March,8.0,5524.8099999999995
PROD_00227,2025-November,3.0,6307.9800000000005
PROD_00183,2026-July,17.0,202438.75
PROD_00017,2025-April,1.0,1772.85
PROD_00179,2023-April,12.0,22567.010000000002
PROD_00273,2025-January,10.0,4701.4400000000005
PROD_00282,2024-November,7.0,1034.1
PROD_00157,2024-November,5.0,15730.390000000001
PROD_00065,2024-September,7.0,4261.0
PROD_00136,2025-December,20.0,58277.51999999999
PROD_00268,2023-November,4.0,6412.44
PROD_00126,2025-March,11.0,10440.05
PROD_00214,2026-March,12.0,16014.330000000002
PROD_00014,2023-June,7.0,2295.54
PROD_00015,2023-May,6.0,3005.61
PROD_00288,2023-May,8.0,18669.84
PROD_00151,2025-June,21.0,15349.449999999999
PROD_00182,2023-November,1.0,59.67
PROD_00242,2024-August,3.0,3292.33
PROD_00099,2024-April,2.0,996.72
PROD_00213,2024-April,18.0,17735.16
PROD_00003,2025-November,6.0,8897.630000000001
PROD_00234,2025-November,10.0,7373.58
PROD_00108,2025-November,16.0,631.93
PROD_00177,2023-June,4.0,1733.41
PROD_00081,2023-July,5.0,7272.99
PROD_00144,2023-July,14.0,7487.360000000001
PROD_00278,2025-December,9.0,19254.12
PROD_00237,2025-December,3.0,956.65
PROD_00220,2024-August,4.0,7724.95
PROD_00237,2024-August,6.0,1933.92
PROD_00289,2025-June,6.0,16596.6
PROD_00055,2023-November,11.0,6883.74
PROD_00095,2023-April,15.0,2031.8899999999999
PROD_00052,2026-August,15.0,45454.270000000004
PROD_00205,2026-August,14.0,5858.67
PROD_00215,2026-August,14.0,32543.79
PROD_00109,2026-May,1.0,2171.55
PROD_00168,2023-August,10.0,8032.6900000000005
PROD_00166,2023-September,5.0,2437.63
PROD_00148,2024-November,7.0,5654.5
PROD_00180,2024-January,12.0,5760.0
PROD_00134,2025-April,26.0,31585.34
PROD_00040,2023-October,12.0,5640.51
PROD_00239,2023-October,5.0,1595.86
PROD_00084,2023-December,4.0,4313.76
PROD_00055,2023-December,6.0,3719.7
PROD_00034,2024-November,3.0,1299.75
PROD_00198,2024-December,19.0,16151.46
PROD_00070,2025-January,9.0,27170.489999999998
PROD_00046,2024-April,5.0,1575.5500000000002
PROD_00213,2025-July,17.0,16740.289999999997
PROD_00167,2025-April,6.0,5520.0
PROD_00175,2023-April,7.0,12601.39
PROD_00278,2023-April,21.0,43990.32000000001
PROD_00022,2023-August,10.0,2294.9
PROD_00046,2023-August,1.0,329.45
PROD_00182,2024-July,12.0,682.63
PROD_00024,2023-June,4.0,3525.68
PROD_00250,2025-May,17.0,41292.34
PROD_00046,2024-January,12.0,3813.26
PROD_00291,2025-December,20.0,17961.15
PROD_00147,2023-May,4.0,3878.34
PROD_00187,2024-December,14.0,36944.19
PROD_00073,2026-August,7.0,2530.66
PROD_00153,2026-May,11.0,7218.63
PROD_00206,2026-May,8.0,12948.77
PROD_00071,2026-May,6.0,6233.83
PROD_00097,2025-December,4.0,20104.86
PROD_00119,2025-December,13.0,15368.93
PROD_00188,2023-September,15.0,4866.85
PROD_00209,2023-September,18.0,103673.4
PROD_00277,2025-October,1.0,956.42
PROD_00028,2023-November,9.0,4260.25
PROD_00219,2023-August,14.0,2016.81
PROD_00126,2023-August,4.0,3623.6499999999996
PROD_00195,2023-September,10.0,6415.1
PROD_00293,2025-December,7.0,8452.93
PROD_00255,2026-March,7.0,14803.259999999998
PROD_00256,2025-April,5.0,11712.14
PROD_00202,2024-September,3.0,5019.54
PROD_00012,2024-October,2.0,1084.9099999999999
PROD_00279,2026-May,9.0,6253.82
PROD_00183,2025-April,3.0,34242.33
PROD_00224,2025-April,3.0,5337.72
PROD_00253,2025-September,18.0,18306.1
PROD_00076,2025-June,6.0,4889.150000000001
PROD_00101,2023-April,12.0,14228.14
PROD_00016,2023-April,13.0,56084.13
PROD_00229,2025-December,10.0,10324.95
PROD_00017,2024-February,18.0,32572.249999999996
PROD_00165,2025-March,15.0,16823.44
PROD_00242,2023-November,8.0,8911.060000000001
PROD_00001,2025-November,8.0,10641.61
PROD_00059,2026-May,1.0,2237.42
PROD_00039,2024-August,8.0,38104.35
PROD_00130,2023-November,8.0,2701.37
PROD_00039,2025-March,17.0,83103.78
PROD_00255,2025-March,4.0,8490.14
PROD_00075,2025-October,28.0,39830.65000000001
PROD_00127,2025-October,10.0,13386.77
PROD_00243,2025-October,8.0,678.84
PROD_00111,2025-April,3.0,2793.2000000000003
PROD_00217,2026-January,8.0,2581.2500000000005
PROD_00058,2026-January,17.0,1357.15
PROD_00087,2026-August,4.0,27553.92
PROD_00193,2026-August,3.0,2563.92
PROD_00183,2026-August,5.0,57803.7
PROD_00031,2024-December,12.0,18168.17
PROD_00190,2023-October,6.0,5451.48
PROD_00185,2025-September,6.0,22031.34
PROD_00254,2025-September,7.0,5481.64
PROD_00014,2025-May,6.0,1930.1100000000001
PROD_00134,2024-March,1.0,1167.13
PROD_00224,2025-May,12.0,21609.13
PROD_00062,2025-May,16.0,78943.24
PROD_00164,2025-January,12.0,3202.2
PROD_00033,2025-January,7.0,13568.49
PROD_00028,2024-May,2.0,911.28
PROD_00037,2026-April,10.0,88785.88
PROD_00109,2025-June,1.0,2098.24
PROD_00119,2026-June,7.0,8408.9
PROD_00106,2026-June,3.0,1516.6100000000001
PROD_00192,2026-February,3.0,3958.56
PROD_00151,2026-February,1.0,726.39
PROD_00036,2026-March,3.0,11067.17
PROD_00176,2026-March,9.0,10169.580000000002
PROD_00297,2026-June,22.0,31097.539999999994
PROD_00188,2024-July,5.0,1667.12
PROD_00272,2025-April,21.0,40439.01
PROD_00248,2026-January,11.0,7314.860000000001
PROD_00143,2024-January,17.0,9114.32
PROD_00049,2023-September,7.0,6931.71
PROD_00131,2024-January,5.0,4837.34
PROD_00220,2025-August,19.0,37149.97
PROD_00255,2023-March,4.0,8464.810000000001
PROD_00199,2023-March,2.0,884.5699999999999
PROD_00045,2024-August,8.0,27166.09
PROD_00033,2024-August,12.0,23575.370000000003
PROD_00262,2025-December,20.0,15539.740000000002
PROD_00084,2026-August,6.0,6235.749999999999
PROD_00262,2026-August,2.0,1586.44
PROD_00124,2025-September,23.0,39509.299999999996
PROD_00057,2023-April,15.0,3193.01
PROD_00229,2023-April,19.0,18867.73
PROD_00183,2023-May,1.0,12347.58
PROD_00100,2023-April,19.0,11282.989999999998
PROD_00045,2023-July,21.0,71443.84
PROD_00266,2024-October,10.0,5619.76
PROD_00060,2024-October,23.0,60036.3
PROD_00163,2024-October,7.0,46155.32
PROD_00287,2023-February,11.0,13810.77
PROD_00198,2025-December,15.0,13012.74
PROD_00249,2025-December,4.0,6469.879999999999
PROD_00090,2026-January,12.0,45882.89
PROD_00011,2025-December,7.0,14071.439999999999
PROD_00157,2023-October,10.0,31987.47
PROD_00208,2026-February,11.0,5821.34
PROD_00009,2025-September,4.0,5246.51
PROD_00056,2025-June,16.0,4810.06
PROD_00268,2025-July,9.0,14600.46
PROD_00006,2025-July,11.0,11543.820000000002
PROD_00291,2025-October,6.0,5269.91
PROD_00274,2025-October,6.0,1570.17
PROD_00282,2026-March,7.0,1037.96
PROD_00189,2026-January,1.0,2122.23
PROD_00237,2025-January,21.0,6764.030000000001
PROD_00131,2023-January,22.0,21035.12
PROD_00207,2023-January,7.0,41128.44
PROD_00067,2023-January,11.0,13168.690000000002
PROD_00193,2024-May,17.0,14807.0
PROD_00157,2024-May,12.0,39329.16
PROD_00143,2024-June,10.0,5471.07
PROD_00291,2024-June,15.0,12928.35
PROD_00170,2023-January,9.0,8148.46
PROD_00226,2024-November,7.0,1600.22
PROD_00049,2024-November,15.0,14875.9
PROD_00198,2026-January,6.0,5182.92
PROD_00268,2025-August,16.0,26257.690000000002
PROD_00286,2024-July,3.0,18991.41
PROD_00238,2023-July,12.0,15573.0
PROD_00059,2023-January,14.0,29770.75
PROD_00289,2023-March,24.0,66753.46
PROD_00034,2024-May,19.0,8287.929999999998
PROD_00299,2024-May,14.0,3036.21
PROD_00183,2024-May,12.0,143753.16
PROD_00286,2024-April,2.0,13066.06
PROD_00234,2024-April,4.0,3024.21
PROD_00240,2025-March,9.0,3662.26
PROD_00234,2026-August,5.0,3665.9700000000003
PROD_00119,2024-December,14.0,16684.739999999998
PROD_00143,2024-December,24.0,13069.279999999999
PROD_00183,2024-December,9.0,108794.15
PROD_00261,2025-March,5.0,32441.45
PROD_00261,2025-October,11.0,70474.66
PROD_00174,2025-October,8.0,3367.2299999999996
PROD_00024,2023-February,5.0,4438.75
PROD_00185,2023-February,1.0,3730.47
PROD_00070,2023-August,9.0,27188.760000000002
PROD_00167,2025-December,8.0,7409.910000000001
PROD_00271,2024-July,14.0,6241.74
PROD_00222,2025-February,10.0,16417.59
PROD_00214,2024-May,4.0,5262.68
PROD_00104,2023-August,9.0,28280.07
PROD_00096,2023-October,10.0,27486.18
PROD_00144,2024-August,12.0,6556.59
PROD_00083,2024-August,12.0,15394.68
PROD_00282,2023-December,17.0,2521.6000000000004
PROD_00187,2023-June,11.0,29714.62
PROD_00116,2025-October,9.0,11410.73
PROD_00091,2025-October,19.0,28026.670000000002
PROD_00270,2025-September,6.0,12933.640000000001
PROD_00150,2025-December,13.0,20234.709999999995
PROD_00003,2023-July,12.0,17818.16
PROD_00185,2024-October,14.0,52224.61
PROD_00134,2023-October,11.0,12969.36
PROD_00025,2023-October,8.0,24026.74
PROD_00013,2023-October,3.0,1475.84
PROD_00019,2024-September,9.0,13215.45
PROD_00049,2023-August,13.0,12927.259999999998
PROD_00183,2023-November,8.0,92266.08
PROD_00053,2026-May,6.0,26144.28
PROD_00214,2024-February,5.0,7163.8
PROD_00196,2023-May,12.0,4800.22
PROD_00284,2024-February,5.0,2555.62
PROD_00099,2024-February,6.0,2877.0299999999997
PROD_00171,2026-May,3.0,5616.610000000001
PROD_00151,2024-December,7.0,5088.79
PROD_00096,2026-July,4.0,10985.72
PROD_00166,2026-July,2.0,1016.48
PROD_00204,2024-April,14.0,113183.9
PROD_00142,2026-May,4.0,7824.71
PROD_00044,2025-April,6.0,6396.860000000001
PROD_00146,2026-August,2.0,584.81
PROD_00253,2026-August,6.0,6259.98
PROD_00113,2024-May,11.0,584.5899999999999
PROD_00188,2024-January,15.0,5002.82
PROD_00121,2025-May,7.0,8824.51
PROD_00006,2024-December,8.0,8213.16
PROD_00141,2024-December,13.0,21913.269999999997
PROD_00146,2025-June,6.0,1773.58
PROD_00064,2024-March,15.0,33392.03
PROD_00230,2024-March,12.0,10284.04
PROD_00005,2024-March,12.0,24810.049999999996
PROD_00246,2025-October,10.0,31549.739999999998
PROD_00154,2026-May,6.0,18470.95
PROD_00245,2024-May,3.0,389.93999999999994
PROD_00025,2024-May,10.0,29305.85
PROD_00173,2023-October,5.0,234.01
PROD_00185,2023-January,4.0,14588.279999999999
PROD_00277,2024-August,10.0,9446.740000000002
PROD_00265,2024-August,8.0,12096.64
PROD_00057,2025-July,4.0,826.88
PROD_00249,2025-July,6.0,9505.800000000001
PROD_00039,2023-August,5.0,23956.9
PROD_00193,2024-August,11.0,9366.79
PROD_00169,2025-July,14.0,28563.31
PROD_00253,2026-June,7.0,7044.9400000000005
PROD_00105,2026-June,8.0,32282.8
PROD_00018,2025-December,7.0,19557.17
PROD_00277,2025-February,5.0,4619.3
PROD_00164,2025-May,10.0,2765.51
PROD_00231,2025-May,1.0,3078.89
PROD_00066,2023-November,2.0,666.54
PROD_00202,2023-January,11.0,18827.18
PROD_00200,2023-January,1.0,639.55
PROD_00010,2025-November,20.0,18211.739999999998
PROD_00248,2026-May,11.0,7312.84
PROD_00262,2025-May,27.0,21302.440000000002
PROD_00019,2026-February,5.0,7224.88
PROD_00085,2025-April,21.0,14660.72
PROD_00218,2025-April,1.0,2249.06
PROD_00216,2023-March,6.0,3831.21
PROD_00143,2023-March,10.0,5304.11
PROD_00046,2026-June,2.0,648.77
PROD_00185,2026-June,6.0,22538.93
PROD_00200,2026-April,17.0,10603.810000000001
PROD_00242,2026-April,15.0,16796.719999999998
PROD_00045,2026-April,6.0,20091.61
PROD_00185,2024-December,6.0,22182.26
PROD_00266,2023-September,6.0,3412.27
PROD_00156,2023-September,6.0,908.4200000000001
PROD_00257,2024-June,3.0,7170.24
PROD_00283,2024-June,5.0,2687.26
PROD_00047,2024-February,29.0,46879.92
PROD_00264,2024-February,6.0,9135.68
PROD_00151,2025-September,2.0,1523.88
PROD_00170,2023-February,10.0,8791.02
PROD_00003,2024-December,10.0,14495.71
PROD_00054,2024-December,8.0,45666.56
PROD_00263,2025-June,14.0,3226.04
PROD_00170,2023-October,12.0,11089.52
PROD_00030,2026-July,1.0,2229.52
PROD_00109,2024-February,7.0,15112.98
PROD_00084,2024-February,7.0,7625.3
PROD_00093,2025-November,5.0,2195.31
PROD_00091,2025-November,12.0,17619.46
PROD_00100,2025-July,9.0,5351.32
PROD_00292,2024-July,35.0,65326.969999999994
PROD_00135,2023-June,11.0,6064.94
PROD_00280,2025-July,5.0,687.1099999999999
PROD_00012,2023-February,4.0,2072.8599999999997
PROD_00135,2025-July,34.0,18535.059999999998
PROD_00195,2025-July,11.0,7064.969999999999
PROD_00130,2025-July,12.0,4048.0200000000004
PROD_00004,2025-March,6.0,12903.579999999998
PROD_00294,2023-May,15.0,177261.91000000003
PROD_00086,2023-September,9.0,39112.95999999999
PROD_00194,2025-February,4.0,1641.36
PROD_00238,2024-August,16.0,20822.260000000002
PROD_00102,2024-August,1.0,2016.68
PROD_00210,2025-September,21.0,10104.280000000002
PROD_00287,2026-June,9.0,11096.199999999999
PROD_00049,2026-June,9.0,8741.25
PROD_00093,2025-February,3.0,1305.57
PROD_00249,2025-February,4.0,6400.66
PROD_00194,2023-October,19.0,7712.1900000000005
PROD_00193,2024-April,14.0,12264.57
PROD_00112,2026-February,11.0,7346.9
PROD_00112,2024-February,25.0,16538.510000000002
PROD_00208,2024-June,9.0,4746.7300000000005
PROD_00136,2023-October,19.0,56809.40999999999
PROD_00167,2025-July,12.0,10828.5
PROD_00002,2025-July,15.0,92221.93999999999
PROD_00287,2025-July,6.0,7404.74
PROD_00282,2025-July,8.0,1213.82
PROD_00223,2023-March,9.0,21066.210000000003
PROD_00189,2024-December,4.0,8365.76
PROD_00239,2024-March,13.0,4104.24
PROD_00072,2024-November,9.0,5257.799999999999
PROD_00288,2025-May,9.0,20519.519999999997
PROD_00026,2025-May,16.0,41041.270000000004
PROD_00280,2024-July,5.0,672.96
PROD_00285,2024-May,8.0,24158.420000000006
PROD_00143,2024-May,6.0,3186.23
PROD_00297,2024-May,4.0,5687.15
PROD_00156,2024-May,12.0,1759.75
PROD_00032,2023-March,19.0,23285.68
PROD_00075,2025-November,4.0,5622.7699999999995
PROD_00066,2025-November,9.0,2984.38
PROD_00089,2023-December,9.0,9096.779999999999
PROD_00150,2023-December,17.0,26234.53
PROD_00072,2025-February,7.0,4055.21
PROD_00159,2023-December,20.0,18058.24
PROD_00274,2024-June,6.0,1596.3899999999999
PROD_00140,2025-February,18.0,14766.179999999998
PROD_00091,2025-September,11.0,16187.65
PROD_00174,2025-April,13.0,5620.860000000001
PROD_00219,2025-April,12.0,1722.4399999999998
PROD_00132,2023-October,2.0,301.79999999999995
PROD_00080,2023-February,8.0,27457.98
PROD_00253,2024-November,8.0,8485.41
PROD_00294,2025-November,3.0,36665.259999999995
PROD_00010,2024-November,4.0,3658.1099999999997
PROD_00059,2024-September,11.0,23079.14
PROD_00273,2024-September,2.0,945.68
PROD_00088,2023-August,18.0,3206.2199999999993
PROD_00238,2026-January,1.0,1333.49
PROD_00271,2024-November,11.0,4713.94
PROD_00214,2026-January,6.0,8360.279999999999
PROD_00189,2025-February,11.0,23234.15
PROD_00008,2026-March,9.0,28377.370000000003
PROD_00278,2025-May,4.0,8472.92
PROD_00192,2025-July,3.0,3819.6099999999997
PROD_00090,2025-July,7.0,26275.65
PROD_00149,2023-July,9.0,9387.49
PROD_00109,2023-June,7.0,14377.649999999998
PROD_00230,2024-July,5.0,4179.14
PROD_00256,2023-August,9.0,21706.63
PROD_00115,2023-August,17.0,14732.28
PROD_00038,2024-September,4.0,5440.820000000001
PROD_00182,2023-August,27.0,1558.04
PROD_00271,2024-January,9.0,3874.7
PROD_00033,2023-November,6.0,11526.460000000001
PROD_00290,2026-May,2.0,195.88
PROD_00300,2025-January,1.0,580.76
PROD_00288,2025-January,4.0,9006.900000000001
PROD_00094,2025-April,10.0,20550.199999999997
PROD_00242,2024-January,8.0,8971.77
PROD_00241,2024-June,15.0,13542.86
PROD_00113,2025-December,6.0,329.26
PROD_00212,2025-September,3.0,2707.32
PROD_00029,2024-February,5.0,57096.01
PROD_00112,2023-October,2.0,1308.99
PROD_00209,2023-October,3.0,17328.199999999997
PROD_00058,2026-May,4.0,327.06
PROD_00137,2026-May,9.0,2906.3499999999995
PROD_00255,2023-August,24.0,52581.869999999995
PROD_00160,2025-September,6.0,18578.420000000002
PROD_00056,2024-February,11.0,3366.39
PROD_00003,2026-March,4.0,6086.12
PROD_00105,2025-July,7.0,29229.19
PROD_00258,2024-March,2.0,1830.27
PROD_00216,2024-March,7.0,4683.82
PROD_00031,2023-January,8.0,12266.480000000001
PROD_00048,2025-October,11.0,15082.910000000002
PROD_00267,2025-October,7.0,5323.04
PROD_00270,2025-October,3.0,6482.3099999999995
PROD_00057,2023-January,14.0,2958.28
PROD_00115,2023-January,14.0,12304.03
PROD_00287,2024-February,5.0,6143.3099999999995
PROD_00048,2024-March,6.0,8221.32
PROD_00088,2024-June,5.0,890.63
PROD_00240,2024-June,5.0,1954.85
PROD_00169,2024-October,8.0,16340.650000000001
PROD_00098,2025-September,10.0,7067.2
PROD_00137,2023-November,13.0,4093.75
PROD_00041,2023-November,4.0,2718.41
PROD_00078,2025-January,5.0,395.5
PROD_00223,2025-January,5.0,11623.25
PROD_00105,2026-May,12.0,48137.81
PROD_00182,2023-April,4.0,226.68
PROD_00049,2024-December,16.0,15374.78
PROD_00025,2024-February,17.0,50129.909999999996
PROD_00281,2023-May,14.0,10286.2
PROD_00277,2024-June,3.0,2765.5
PROD_00229,2024-February,6.0,5944.91
PROD_00177,2025-August,5.0,2137.38
PROD_00199,2024-January,16.0,7140.43
PROD_00273,2023-February,3.0,1373.04
PROD_00239,2023-September,13.0,4188.45
PROD_00184,2023-September,23.0,124286.87
PROD_00094,2023-July,2.0,4101.72
PROD_00024,2023-March,7.0,6102.82
PROD_00179,2023-December,6.0,11267.1
PROD_00197,2025-December,9.0,7896.030000000001
PROD_00005,2024-May,7.0,15093.66
PROD_00049,2026-March,19.0,18846.300000000003
PROD_00252,2026-March,17.0,95416.53
PROD_00298,2026-February,8.0,29143.83
PROD_00239,2023-January,3.0,944.3299999999999
PROD_00145,2024-June,5.0,42939.29
PROD_00093,2023-December,6.0,2650.2
PROD_00223,2023-December,26.0,60828.86
PROD_00008,2023-January,6.0,19016.64
PROD_00035,2023-July,6.0,6854.78
PROD_00279,2026-April,13.0,9268.02
PROD_00078,2023-January,3.0,241.04
PROD_00234,2023-January,14.0,10235.14
PROD_00084,2026-March,16.0,16888.5
PROD_00155,2023-September,15.0,85424.45999999999
PROD_00190,2023-September,2.0,1843.98
PROD_00062,2023-September,3.0,15504.66
PROD_00125,2024-May,15.0,6651.24
PROD_00056,2025-November,13.0,3997.87
PROD_00252,2026-April,5.0,29067.84
PROD_00174,2023-June,2.0,850.44
PROD_00187,2026-April,7.0,20254.67
PROD_00287,2023-September,8.0,9728.81
PROD_00093,2025-March,4.0,1698.64
PROD_00145,2023-March,9.0,74789.36
PROD_00084,2023-March,12.0,13063.41
PROD_00215,2023-February,3.0,7108.469999999999
PROD_00282,2023-February,6.0,880.5
PROD_00118,2024-January,17.0,9969.03
PROD_00033,2024-December,8.0,15570.82
PROD_00244,2024-December,6.0,4613.67
PROD_00217,2024-June,8.0,2665.21
PROD_00161,2024-May,9.0,3640.15
PROD_00253,2024-May,5.0,5121.11
PROD_00150,2025-August,3.0,4747.0199999999995
PROD_00204,2025-August,18.0,145814.05
PROD_00033,2025-September,10.0,19124.000000000004
PROD_00295,2025-September,11.0,14571.61
PROD_00254,2025-November,9.0,7162.7
PROD_00250,2025-April,4.0,9873.33
PROD_00051,2025-April,10.0,3287.9700000000003
PROD_00008,2025-April,9.0,28975.32
PROD_00225,2024-May,15.0,34352.369999999995
PROD_00196,2026-July,3.0,1237.8899999999999
PROD_00239,2026-March,10.0,3099.5099999999998
PROD_00228,2026-March,6.0,30271.59
PROD_00120,2025-August,5.0,2250.7200000000003
PROD_00244,2023-July,2.0,1573.04
PROD_00288,2024-July,6.0,13385.26
PROD_00262,2025-February,2.0,1561.5500000000002
PROD_00204,2025-March,7.0,54620.09
PROD_00069,2025-March,5.0,7876.110000000001
PROD_00297,2026-April,20.0,28981.64
PROD_00194,2026-April,24.0,10029.630000000001
PROD_00049,2026-January,8.0,7933.08
PROD_00167,2024-June,14.0,12731.74
PROD_00102,2025-July,3.0,6044.24
PROD_00003,2023-April,11.0,16311.310000000001
PROD_00115,2023-May,6.0,5330.35
PROD_00299,2023-May,8.0,1799.4
PROD_00119,2024-November,6.0,7223.88
PROD_00059,2025-March,7.0,15070.820000000002
PROD_00210,2025-March,12.0,5898.84
PROD_00036,2026-July,4.0,14545.66
PROD_00159,2024-February,10.0,9022.07
PROD_00290,2026-July,2.0,198.38
PROD_00266,2026-July,8.0,4607.32
PROD_00151,2023-November,9.0,6563.219999999999
PROD_00171,2025-October,12.0,21914.559999999998
PROD_00128,2025-June,9.0,9591.62
PROD_00097,2025-June,3.0,15193.58
PROD_00046,2024-December,27.0,8438.31
PROD_00281,2024-December,17.0,12549.369999999999
PROD_00008,2025-February,9.0,30090.22
PROD_00102,2023-July,4.0,8365.24
PROD_00079,2024-October,11.0,15701.34
PROD_00240,2026-January,26.0,10694.53
PROD_00101,2026-January,4.0,4702.299999999999
PROD_00244,2026-February,7.0,5796.290000000001
PROD_00029,2023-December,6.0,69246.33
PROD_00241,2024-November,18.0,15761.060000000001
PROD_00068,2026-March,13.0,5822.700000000001
PROD_00122,2023-July,27.0,5576.05
PROD_00103,2024-April,13.0,10568.21
PROD_00271,2025-February,7.0,3083.94
PROD_00076,2023-February,8.0,6666.15
PROD_00258,2023-February,1.0,937.51
PROD_00087,2025-January,12.0,89987.3
PROD_00025,2025-October,10.0,29119.32
PROD_00188,2025-January,1.0,340.18
PROD_00134,2024-August,7.0,8257.15
PROD_00294,2024-August,3.0,36872.01
PROD_00035,2026-May,9.0,9953.15
PROD_00213,2024-July,3.0,2992.38
PROD_00059,2024-May,9.0,19361.14
PROD_00186,2024-December,1.0,430.09
PROD_00091,2026-June,15.0,22001.77
PROD_00140,2026-June,8.0,6554.52
PROD_00156,2025-March,7.0,1033.48
PROD_00257,2025-March,5.0,11493.240000000002
PROD_00101,2023-December,5.0,5877.46
PROD_00244,2025-February,14.0,11281.64
PROD_00152,2025-April,13.0,13000.5
PROD_00231,2025-April,18.0,51893.16
PROD_00211,2024-June,6.0,9912.900000000001
PROD_00242,2023-June,14.0,15607.86
PROD_00010,2026-February,13.0,11778.740000000002
PROD_00258,2026-July,7.0,6831.049999999999
PROD_00016,2026-February,7.0,29571.359999999997
PROD_00264,2026-February,17.0,25955.8
PROD_00212,2024-February,5.0,4319.049999999999
PROD_00253,2026-March,4.0,4069.76
PROD_00093,2023-May,13.0,5607.05
PROD_00151,2023-May,1.0,715.39
PROD_00186,2026-February,12.0,5061.01
PROD_00267,2025-January,1.0,755.8
PROD_00028,2026-January,1.0,456.53
PROD_00242,2025-October,1.0,1102.68
PROD_00047,2025-April,8.0,13423.26
PROD_00207,2024-April,12.0,68719.11
PROD_00019,2024-April,9.0,13087.810000000001
PROD_00226,2026-May,4.0,938.0
PROD_00116,2025-May,5.0,6432.33
PROD_00222,2024-January,19.0,30815.260000000002
PROD_00253,2024-January,8.0,8179.84
PROD_00103,2023-December,18.0,15160.2
PROD_00260,2025-December,15.0,16922.82
PROD_00079,2024-August,6.0,8324.58
PROD_00091,2024-December,21.0,31176.449999999997
PROD_00214,2024-December,10.0,13285.64
PROD_00243,2023-November,3.0,244.24
PROD_00237,2023-November,2.0,620.1500000000001
PROD_00124,2023-November,6.0,10308.369999999999
PROD_00245,2025-July,4.0,497.9
PROD_00024,2025-July,1.0,889.09
PROD_00163,2023-May,9.0,62037.229999999996
PROD_00032,2023-May,16.0,19170.850000000002
PROD_00091,2026-April,8.0,11507.41
PROD_00180,2024-October,13.0,6226.4400000000005
PROD_00214,2024-October,27.0,36007.54
PROD_00131,2023-June,11.0,10394.169999999998
PROD_00147,2026-January,7.0,6980.24
PROD_00172,2026-June,12.0,18348.85
PROD_00032,2026-June,6.0,7537.869999999999
PROD_00278,2024-April,11.0,23442.979999999996
PROD_00169,2026-February,10.0,21051.960000000003
PROD_00069,2026-February,8.0,12490.619999999999
PROD_00284,2025-July,4.0,1912.72
PROD_00258,2023-July,4.0,3739.8
PROD_00197,2023-July,1.0,836.85
PROD_00151,2023-July,17.0,12056.350000000002
PROD_00025,2025-September,6.0,17952.77
PROD_00050,2025-August,3.0,3167.5699999999997
PROD_00148,2023-February,14.0,11170.54
PROD_00227,2024-November,11.0,22362.87
PROD_00116,2026-May,2.0,2606.82
PROD_00173,2026-May,8.0,399.16
PROD_00285,2026-January,16.0,48394.32
PROD_00059,2024-March,3.0,6659.43
PROD_00129,2026-July,10.0,105348.55
PROD_00204,2023-June,6.0,47996.84
PROD_00273,2023-June,5.0,2198.5699999999997
PROD_00186,2026-August,2.0,864.6800000000001
PROD_00195,2026-August,3.0,1997.1000000000001
PROD_00027,2026-June,12.0,16466.2
PROD_00204,2023-April,4.0,31470.420000000002
PROD_00181,2025-February,8.0,20207.25
PROD_00098,2025-February,8.0,5586.740000000001
PROD_00157,2023-January,6.0,18831.530000000002
PROD_00006,2025-December,2.0,1992.99
PROD_00291,2023-December,2.0,1755.75
PROD_00273,2024-December,15.0,6917.03
PROD_00234,2025-May,6.0,4545.84
PROD_00247,2025-May,14.0,3362.18
PROD_00165,2025-April,12.0,13823.71
PROD_00226,2025-April,23.0,5196.169999999999
PROD_00050,2025-April,16.0,16881.77
PROD_00119,2026-March,10.0,11571.0
PROD_00099,2024-December,2.0,941.94
PROD_00042,2024-December,6.0,10899.119999999999
PROD_00245,2024-June,13.0,1772.98
PROD_00107,2023-August,1.0,535.7
PROD_00181,2023-August,14.0,35880.83
PROD_00071,2024-December,6.0,6111.68
PROD_00172,2024-June,10.0,15296.119999999999
PROD_00161,2024-June,6.0,2365.44
PROD_00063,2026-May,7.0,5949.19
PROD_00141,2024-June,11.0,18990.48
PROD_00232,2026-May,12.0,18495.21
PROD_00266,2025-February,7.0,3958.24
PROD_00104,2025-February,9.0,29032.21
PROD_00153,2025-February,2.0,1267.02
PROD_00115,2025-September,16.0,14399.5
PROD_00109,2024-November,8.0,16205.759999999998
PROD_00238,2023-September,7.0,9191.119999999999
PROD_00203,2023-September,12.0,10291.7
PROD_00060,2026-August,7.0,18261.72
PROD_00284,2025-September,11.0,5564.34
PROD_00260,2026-February,11.0,11999.25
PROD_00125,2023-February,13.0,5897.48
PROD_00044,2025-August,8.0,8633.95
PROD_00026,2025-August,5.0,12566.560000000001
PROD_00143,2026-May,3.0,1571.3999999999999
PROD_00190,2023-November,6.0,5434.72
PROD_00182,2025-October,3.0,165.69
PROD_00151,2023-June,23.0,16682.43
PROD_00115,2023-June,3.0,2576.1000000000004
PROD_00200,2023-June,13.0,8421.25
PROD_00025,2024-March,12.0,35949.89
PROD_00166,2024-August,6.0,2966.59
PROD_00037,2025-July,10.0,87198.09999999999
PROD_00139,2025-January,12.0,352.22
PROD_00258,2023-August,9.0,8559.779999999999
PROD_00237,2023-May,10.0,3302.62
PROD_00217,2023-July,7.0,2377.76
PROD_00092,2023-July,18.0,19261.68
PROD_00285,2023-December,12.0,37047.04
PROD_00112,2025-June,6.0,3793.0999999999995
PROD_00007,2025-June,17.0,22530.79
PROD_00033,2024-September,10.0,19990.36
PROD_00198,2026-July,9.0,7616.1
PROD_00071,2023-February,7.0,7137.120000000001
PROD_00279,2023-February,16.0,11172.1
PROD_00022,2023-September,3.0,707.4000000000001
PROD_00009,2023-September,14.0,18586.940000000002
PROD_00253,2023-September,9.0,9194.73
PROD_00279,2024-November,19.0,13191.87
PROD_00176,2023-May,8.0,8996.01
PROD_00006,2023-May,1.0,957.11
PROD_00136,2025-November,8.0,23170.21
PROD_00293,2026-April,14.0,16444.2
PROD_00113,2024-February,2.0,109.0
PROD_00194,2024-February,15.0,6224.8099999999995
PROD_00298,2025-February,18.0,65244.38
PROD_00103,2023-May,6.0,5000.9400000000005
PROD_00077,2023-August,4.0,3831.79
PROD_00014,2023-August,8.0,2637.88
PROD_00255,2023-December,8.0,17134.5
PROD_00232,2023-December,9.0,13695.169999999998
PROD_00165,2024-August,5.0,5789.49
PROD_00124,2025-November,8.0,13864.240000000002
PROD_00071,2024-April,9.0,9322.16
PROD_00116,2024-April,11.0,14389.3
PROD_00229,2025-April,6.0,5931.51
PROD_00086,2025-July,17.0,73423.19
PROD_00152,2025-July,15.0,14923.060000000001
PROD_00056,2024-October,14.0,4266.67
PROD_00004,2024-November,3.0,6243.030000000001
PROD_00080,2023-May,14.0,47829.34
PROD_00104,2023-March,16.0,50770.18000000001
PROD_00298,2023-June,9.0,31747.9
PROD_00046,2023-March,4.0,1237.3400000000001
PROD_00267,2025-May,20.0,15143.270000000002
PROD_00129,2024-April,12.0,125142.8
PROD_00132,2025-June,5.0,767.14
PROD_00105,2026-April,11.0,44926.69
PROD_00256,2024-December,8.0,18957.97
PROD_00223,2024-September,20.0,46640.2
PROD_00282,2024-September,19.0,2768.35
PROD_00138,2025-November,10.0,3715.9500000000003
PROD_00129,2025-October,21.0,224344.84000000003
PROD_00287,2025-October,13.0,16041.569999999998
PROD_00056,2025-September,13.0,3988.9300000000003
PROD_00254,2026-February,9.0,7014.45
PROD_00246,2026-February,7.0,22801.21
PROD_00134,2025-February,1.0,1140.43
PROD_00285,2024-January,6.0,18707.58
PROD_00171,2024-January,9.0,16524.03
PROD_00197,2023-September,13.0,10829.69
PROD_00088,2023-September,1.0,172.33
PROD_00266,2026-January,13.0,7456.829999999999
PROD_00173,2026-January,6.0,284.52
PROD_00039,2026-January,7.0,34118.72
PROD_00087,2023-October,13.0,94862.05
PROD_00241,2023-October,12.0,10533.55
PROD_00108,2025-July,15.0,616.1700000000001
PROD_00163,2026-February,6.0,42678.450000000004
PROD_00039,2023-July,10.0,48133.4
PROD_00059,2023-October,10.0,21931.719999999998
PROD_00296,2023-October,1.0,1314.9
PROD_00115,2026-February,4.0,3572.66
PROD_00257,2024-May,4.0,9068.18
PROD_00091,2024-May,15.0,21661.940000000002
PROD_00159,2023-August,20.0,18208.82
PROD_00250,2023-February,9.0,21177.51
PROD_00172,2023-February,10.0,15254.5
PROD_00074,2025-July,2.0,3041.87
PROD_00039,2025-November,1.0,4844.48
PROD_00048,2024-October,18.0,24876.46
PROD_00030,2025-July,11.0,24321.840000000004
PROD_00189,2025-July,4.0,8069.93
PROD_00017,2023-June,2.0,3809.14
PROD_00095,2024-September,5.0,732.61
PROD_00082,2024-September,10.0,15498.66
PROD_00022,2024-August,11.0,2526.15
PROD_00270,2025-August,10.0,21774.21
PROD_00093,2025-August,7.0,3029.92
PROD_00290,2023-April,6.0,568.7
PROD_00205,2023-April,9.0,3601.4399999999996
PROD_00019,2025-June,8.0,11962.42
PROD_00211,2024-March,11.0,16465.629999999997
PROD_00064,2025-August,13.0,28695.45
PROD_00132,2025-September,6.0,925.04
PROD_00096,2023-June,5.0,13517.529999999999
PROD_00231,2024-April,12.0,36536.67
PROD_00149,2023-November,8.0,8331.06
PROD_00264,2023-January,1.0,1502.5
PROD_00195,2023-January,4.0,2629.6
PROD_00079,2023-November,13.0,18217.2
PROD_00248,2026-July,7.0,4687.26
PROD_00142,2024-November,12.0,23013.09
PROD_00015,2024-June,6.0,3039.95
PROD_00047,2024-June,4.0,6485.26
PROD_00125,2024-June,5.0,2260.25
PROD_00061,2024-July,6.0,6133.52
PROD_00191,2024-July,5.0,7177.98
PROD_00271,2025-August,15.0,6584.52
PROD_00175,2024-January,5.0,8960.74
PROD_00214,2024-January,28.0,37688.25
PROD_00262,2023-August,13.0,9749.9
PROD_00235,2026-January,3.0,352.90999999999997
PROD_00125,2026-January,8.0,3689.23
PROD_00113,2023-March,9.0,471.88
PROD_00019,2023-March,2.0,2925.48
PROD_00208,2026-June,10.0,5219.799999999999
PROD_00074,2024-August,1.0,1435.88
PROD_00177,2023-May,8.0,3387.5199999999995
PROD_00009,2023-May,8.0,10705.76
PROD_00079,2023-August,18.0,25076.9
PROD_00172,2023-July,25.0,38736.56999999999
PROD_00115,2024-August,6.0,5436.82
PROD_00220,2025-December,12.0,23742.86
PROD_00243,2026-July,13.0,1069.01
PROD_00069,2024-October,6.0,9102.06
PROD_00100,2025-April,13.0,7432.459999999999
PROD_00268,2023-May,2.0,3286.74
PROD_00161,2023-December,5.0,2045.99
PROD_00042,2024-May,10.0,18604.54
PROD_00195,2025-August,15.0,9569.41
PROD_00046,2023-October,8.0,2576.4700000000003
PROD_00054,2023-August,15.0,88056.87
PROD_00272,2023-February,2.0,3799.16
PROD_00118,2026-May,20.0,11604.51
PROD_00043,2023-August,10.0,13102.849999999999
PROD_00280,2026-April,1.0,131.22
PROD_00248,2026-April,1.0,671.41
PROD_00089,2026-April,14.0,14263.84
PROD_00255,2026-June,11.0,23040.4
PROD_00291,2025-March,6.0,5426.73
PROD_00085,2023-September,17.0,11269.63
PROD_00036,2025-February,3.0,10955.61
PROD_00175,2024-September,4.0,7403.28
PROD_00295,2026-August,8.0,10470.52
PROD_00217,2026-August,1.0,328.26
PROD_00274,2025-May,12.0,3151.0
PROD_00021,2026-May,2.0,15962.52
PROD_00094,2023-March,2.0,4022.58
PROD_00221,2025-June,11.0,15575.220000000001
PROD_00003,2025-June,11.0,16455.19
PROD_00208,2025-June,11.0,5691.84
PROD_00265,2024-July,21.0,32093.57
PROD_00067,2023-April,14.0,16678.219999999998
PROD_00010,2023-April,2.0,1817.74
PROD_00162,2026-February,5.0,22255.510000000002
PROD_00254,2025-August,1.0,831.48
PROD_00036,2025-August,5.0,18010.4
PROD_00213,2025-February,9.0,9020.64
PROD_00104,2023-December,1.0,3182.9
PROD_00015,2025-November,15.0,7222.0599999999995
PROD_00052,2025-November,13.0,39328.759999999995
PROD_00172,2026-July,3.0,4758.25
PROD_00295,2024-November,1.0,1383.6
PROD_00190,2024-November,9.0,8598.42
PROD_00108,2024-February,6.0,237.81
PROD_00181,2024-January,8.0,19914.96
PROD_00162,2025-October,4.0,18965.17
PROD_00091,2026-March,3.0,4284.41
PROD_00233,2025-October,5.0,5293.07
PROD_00138,2025-October,16.0,5659.8099999999995
PROD_00142,2025-September,3.0,5763.18
PROD_00120,2025-December,8.0,3599.91
PROD_00162,2023-February,1.0,4610.58
PROD_00228,2023-October,5.0,24134.93
PROD_00193,2023-October,13.0,11192.490000000002
PROD_00116,2024-January,12.0,15401.31
PROD_00236,2026-August,3.0,346.46999999999997
PROD_00167,2026-August,2.0,1847.82
PROD_00128,2025-April,14.0,14800.189999999999
PROD_00163,2025-April,8.0,55522.76
PROD_00016,2025-April,18.0,78095.99
PROD_00116,2024-September,17.0,21722.83
PROD_00030,2025-February,3.0,6808.4
PROD_00298,2024-February,2.0,7110.09
PROD_00039,2025-September,18.0,83149.62
PROD_00083,2023-February,4.0,5217.43
PROD_00113,2025-May,8.0,434.58000000000004
PROD_00049,2026-February,1.0,950.65
PROD_00142,2023-January,1.0,1934.12
PROD_00023,2023-January,13.0,2121.79
PROD_00048,2023-July,18.0,25185.559999999998
PROD_00211,2024-December,3.0,4543.530000000001
PROD_00140,2023-September,6.0,4896.57
PROD_00015,2024-January,8.0,3995.5
PROD_00247,2023-April,17.0,4104.43
PROD_00262,2024-August,6.0,4677.28
PROD_00201,2025-July,14.0,6096.91
PROD_00026,2025-July,16.0,41615.880000000005
PROD_00157,2026-January,10.0,32485.48
PROD_00031,2023-October,5.0,8033.25
PROD_00126,2026-January,2.0,1974.94
PROD_00092,2026-January,11.0,11530.3
PROD_00244,2026-January,6.0,4975.5
PROD_00068,2025-January,6.0,2727.98
PROD_00045,2024-July,4.0,12931.23
PROD_00176,2024-July,7.0,7683.93
PROD_00114,2024-September,3.0,2476.01
PROD_00175,2025-July,15.0,27083.49
PROD_00046,2025-July,13.0,4199.6900000000005
PROD_00073,2024-February,16.0,5911.6
PROD_00016,2025-August,2.0,8408.92
PROD_00251,2025-March,7.0,8517.07
PROD_00288,2023-December,7.0,15739.97
PROD_00061,2025-June,8.0,8157.51
PROD_00088,2025-June,19.0,3412.43
PROD_00076,2024-October,9.0,7383.59
PROD_00175,2025-March,10.0,17983.8
PROD_00231,2025-March,1.0,3018.34
PROD_00061,2025-April,5.0,5286.63
PROD_00232,2024-December,13.0,19782.53
PROD_00295,2026-March,8.0,11024.619999999999
PROD_00107,2025-September,15.0,8022.6
PROD_00227,2023-February,8.0,16029.060000000001
PROD_00267,2023-February,10.0,7686.9800000000005
PROD_00160,2023-February,6.0,18398.54
PROD_00007,2023-February,7.0,9401.71
PROD_00145,2024-January,17.0,142752.19999999998
PROD_00177,2024-September,11.0,4764.719999999999
PROD_00211,2024-October,10.0,15851.91
PROD_00276,2023-July,11.0,12233.21
PROD_00269,2024-January,13.0,17440.5
PROD_00287,2024-January,2.0,2575.7799999999997
PROD_00170,2023-December,7.0,6493.6
PROD_00120,2024-October,13.0,5771.13
PROD_00199,2025-February,13.0,5881.4
PROD_00032,2025-October,16.0,19184.84
PROD_00027,2026-July,16.0,22243.910000000003
PROD_00171,2024-June,12.0,22181.71
PROD_00115,2024-December,6.0,5217.05
PROD_00146,2024-September,7.0,2105.21
PROD_00105,2024-September,16.0,65515.759999999995
PROD_00274,2024-September,6.0,1572.2500000000002
PROD_00238,2023-December,3.0,3984.25
PROD_00142,2026-August,2.0,3815.34
PROD_00149,2026-August,14.0,14920.199999999999
PROD_00205,2025-August,3.0,1205.6999999999998
PROD_00252,2023-August,16.0,95158.35
PROD_00168,2024-September,12.0,9619.44
PROD_00096,2024-September,13.0,35683.770000000004
PROD_00269,2026-March,2.0,2675.7
PROD_00271,2026-June,5.0,2179.73
PROD_00128,2026-June,14.0,14840.34
PROD_00268,2024-July,13.0,20830.829999999998
PROD_00048,2026-August,1.0,1340.07
PROD_00018,2023-December,13.0,37126.04
PROD_00262,2025-September,8.0,6064.870000000001
PROD_00133,2024-December,2.0,5023.62
PROD_00126,2025-September,4.0,3783.98
PROD_00128,2025-November,17.0,18002.78
PROD_00167,2025-November,10.0,9371.82
PROD_00074,2023-November,16.0,23015.399999999998
PROD_00270,2023-November,18.0,38894.76
PROD_00022,2024-July,5.0,1107.56
PROD_00049,2026-July,14.0,13952.210000000001
PROD_00139,2024-March,1.0,29.48
PROD_00083,2024-September,3.0,3811.2300000000005
PROD_00045,2025-October,2.0,6654.96
PROD_00242,2023-February,18.0,20659.75
PROD_00111,2026-August,4.0,3844.04
PROD_00176,2024-February,16.0,17807.79
PROD_00179,2026-March,27.0,49251.22
PROD_00024,2025-August,9.0,7968.12
PROD_00075,2025-August,4.0,5652.04
PROD_00127,2023-July,6.0,8241.689999999999
PROD_00082,2026-May,3.0,4617.54
PROD_00016,2024-February,1.0,4333.34
PROD_00104,2023-January,11.0,34643.47
PROD_00121,2024-July,3.0,3744.24
PROD_00291,2024-July,15.0,13031.170000000002
PROD_00246,2023-September,12.0,38298.03
PROD_00213,2026-February,2.0,2001.4099999999999
PROD_00240,2026-April,5.0,2053.97
PROD_00234,2026-February,23.0,16929.5
PROD_00060,2024-November,8.0,20890.82
PROD_00168,2024-November,8.0,6314.99
PROD_00274,2026-August,5.0,1318.5800000000002
PROD_00041,2023-September,5.0,3468.75
PROD_00224,2026-April,12.0,21145.62
PROD_00093,2025-June,27.0,11967.780000000002
PROD_00187,2023-April,10.0,27690.370000000003
PROD_00046,2026-July,9.0,2832.95
PROD_00176,2023-February,6.0,6757.41
PROD_00016,2026-June,8.0,33015.93
PROD_00240,2024-August,12.0,4884.52
PROD_00134,2026-July,7.0,8422.03
PROD_00211,2024-November,6.0,9267.92
PROD_00110,2023-March,7.0,2890.16
PROD_00201,2023-March,1.0,406.42
PROD_00052,2026-January,6.0,18092.579999999998
PROD_00110,2026-January,13.0,5389.58
PROD_00062,2025-April,6.0,29092.26
PROD_00080,2025-April,2.0,6884.950000000001
PROD_00085,2023-July,6.0,4253.06
PROD_00288,2024-August,15.0,33584.66
PROD_00123,2024-February,13.0,5894.78
PROD_00102,2025-August,7.0,14574.279999999999
PROD_00190,2025-August,6.0,5575.0199999999995
PROD_00209,2026-June,2.0,11774.66
PROD_00040,2024-January,4.0,1896.5800000000002
PROD_00056,2024-November,15.0,4546.49
PROD_00171,2024-August,10.0,18182.94
PROD_00224,2023-September,2.0,3397.31
PROD_00179,2026-January,12.0,21942.87
PROD_00261,2026-July,21.0,133259.77
PROD_00172,2023-April,11.0,16773.39
PROD_00126,2024-November,1.0,946.96
PROD_00181,2023-April,1.0,2491.75
PROD_00110,2023-April,1.0,411.26
PROD_00045,2023-February,17.0,57325.729999999996
PROD_00005,2023-February,11.0,22838.42
PROD_00167,2025-October,6.0,5440.32
PROD_00297,2025-February,4.0,5736.5599999999995
PROD_00175,2024-December,2.0,3659.02
PROD_00251,2024-December,5.0,6018.2300000000005
PROD_00170,2025-September,28.0,25593.98
PROD_00279,2025-September,14.0,10182.73
PROD_00165,2025-May,6.0,6796.860000000001
PROD_00285,2024-April,1.0,2999.45
PROD_00191,2025-January,3.0,4350.34
PROD_00265,2025-January,5.0,7445.950000000001
PROD_00289,2023-February,14.0,39555.96
PROD_00137,2025-May,9.0,2788.7
PROD_00150,2025-May,1.0,1500.11
PROD_00152,2023-August,9.0,8811.26
PROD_00293,2026-January,6.0,7017.490000000001
PROD_00278,2023-June,8.0,16474.46
PROD_00262,2023-June,6.0,4607.0599999999995
PROD_00056,2023-June,2.0,630.46
PROD_00176,2026-February,4.0,4457.139999999999
PROD_00143,2025-January,6.0,3290.7200000000003
PROD_00119,2025-January,16.0,19178.28
PROD_00243,2025-January,16.0,1358.07
PROD_00026,2024-July,17.0,43350.03999999999
PROD_00140,2024-July,4.0,3113.0699999999997
PROD_00234,2023-April,5.0,3645.7700000000004
PROD_00072,2023-April,22.0,12472.09
PROD_00250,2023-November,5.0,12202.31
PROD_00212,2026-May,8.0,7077.4400000000005
PROD_00151,2025-April,13.0,9609.07
PROD_00011,2024-October,15.0,30217.13
PROD_00296,2024-July,7.0,9076.17
PROD_00144,2025-October,14.0,7449.32
PROD_00085,2026-April,11.0,7726.029999999999
PROD_00267,2026-April,5.0,3760.12
PROD_00101,2023-May,5.0,5537.37
PROD_00044,2024-May,16.0,17356.29
PROD_00050,2024-January,12.0,12924.34
PROD_00033,2024-April,13.0,25475.6
PROD_00115,2024-April,29.0,25291.230000000003
PROD_00199,2026-April,10.0,4383.79
PROD_00236,2025-September,4.0,476.78999999999996
PROD_00005,2025-September,12.0,25502.08
PROD_00195,2025-March,5.0,3239.9
PROD_00171,2026-July,6.0,10874.74
PROD_00113,2026-July,9.0,478.52000000000004
PROD_00247,2025-June,8.0,1940.72
PROD_00009,2025-June,6.0,7956.299999999999
PROD_00230,2025-February,1.0,868.24
PROD_00296,2023-February,2.0,2648.2799999999997
PROD_00040,2025-October,4.0,1826.04
PROD_00063,2026-February,10.0,8410.35
PROD_00020,2023-May,10.0,8433.42
PROD_00138,2023-July,5.0,1848.31
PROD_00239,2025-March,4.0,1246.8
PROD_00142,2025-April,13.0,25433.660000000003
PROD_00110,2025-April,3.0,1227.72
PROD_00129,2025-February,21.0,211627.00000000003
PROD_00187,2023-July,2.0,5536.06
PROD_00059,2026-April,2.0,4283.13
PROD_00087,2026-April,19.0,141158.09
PROD_00041,2024-September,12.0,8263.7
PROD_00259,2026-April,5.0,3001.3999999999996
PROD_00122,2024-December,3.0,621.03
PROD_00263,2024-May,15.0,3435.85
PROD_00292,2025-April,23.0,43224.66999999999
PROD_00034,2024-August,16.0,7025.2699999999995
PROD_00217,2023-November,7.0,2205.6299999999997
PROD_00076,2025-May,16.0,12984.03
PROD_00226,2024-December,5.0,1151.6599999999999
PROD_00081,2025-May,27.0,38673.94
PROD_00101,2025-May,16.0,18955.62
PROD_00048,2023-January,3.0,4057.8900000000003
PROD_00108,2023-October,13.0,517.75
PROD_00022,2024-May,7.0,1588.58
PROD_00031,2023-September,11.0,16991.260000000002
PROD_00005,2025-May,5.0,10447.51
PROD_00168,2025-May,2.0,1657.98
PROD_00222,2023-February,1.0,1573.42
PROD_00129,2026-March,3.0,32096.67
PROD_00191,2025-February,4.0,5681.379999999999
PROD_00184,2025-November,6.0,32659.52
PROD_00109,2025-November,6.0,12658.880000000001
PROD_00005,2025-January,2.0,4388.2
PROD_00038,2026-April,11.0,15219.15
PROD_00158,2023-November,14.0,11953.23
PROD_00226,2024-August,5.0,1156.24
PROD_00069,2026-January,17.0,26846.760000000002
PROD_00051,2025-December,8.0,2576.09
PROD_00072,2026-May,7.0,4203.67
PROD_00024,2023-October,5.0,4520.65
PROD_00033,2023-December,10.0,19912.23
PROD_00068,2024-December,1.0,432.97
PROD_00061,2024-December,6.0,6283.860000000001
PROD_00234,2024-June,25.0,18007.45
PROD_00239,2024-February,6.0,1892.35
PROD_00258,2024-February,13.0,12288.91
PROD_00178,2024-February,12.0,9736.58
PROD_00229,2023-March,8.0,8157.08
PROD_00053,2025-April,4.0,16709.35
PROD_00052,2023-June,8.0,25048.130000000005
PROD_00043,2024-March,2.0,2627.74
PROD_00297,2024-August,12.0,16890.29
PROD_00295,2024-August,9.0,12338.16
PROD_00276,2023-June,12.0,13290.14
PROD_00228,2023-June,9.0,44179.14000000001
PROD_00094,2025-November,3.0,6018.21
PROD_00008,2025-January,7.0,22710.08
PROD_00106,2025-May,2.0,1115.98
PROD_00109,2026-June,19.0,38934.94
PROD_00166,2026-June,12.0,6148.28
PROD_00261,2026-April,11.0,73123.20999999999
PROD_00062,2025-February,6.0,28643.16
PROD_00221,2025-February,1.0,1433.38
PROD_00135,2023-May,12.0,6675.17
PROD_00275,2024-October,14.0,5469.87
PROD_00038,2026-July,3.0,4213.53
PROD_00169,2026-July,7.0,15006.18
PROD_00237,2024-October,5.0,1567.79
PROD_00197,2023-June,16.0,13810.92
PROD_00101,2024-November,3.0,3500.16
PROD_00022,2023-December,15.0,3324.7700000000004
PROD_00180,2023-February,10.0,5009.77
PROD_00072,2023-February,9.0,5316.57
PROD_00238,2025-February,5.0,6504.370000000001
PROD_00057,2026-August,13.0,2808.5699999999997
PROD_00281,2026-August,6.0,4305.6
PROD_00217,2024-October,6.0,1960.7600000000002
PROD_00098,2024-October,6.0,4199.08
PROD_00198,2023-December,17.0,14569.29
PROD_00276,2024-January,11.0,12495.72
PROD_00211,2023-January,5.0,8003.51
PROD_00092,2025-November,24.0,25407.16
PROD_00240,2023-March,1.0,422.31
PROD_00111,2024-August,11.0,10379.57
PROD_00153,2024-December,5.0,3240.12
PROD_00114,2024-April,4.0,3145.74
PROD_00201,2024-March,4.0,1648.0
PROD_00095,2024-March,8.0,1124.22
PROD_00145,2025-March,11.0,92297.94
PROD_00031,2025-March,6.0,9126.02
PROD_00212,2025-March,7.0,6234.200000000001
PROD_00197,2025-March,6.0,5139.08
PROD_00224,2024-April,8.0,14025.31
PROD_00265,2024-February,21.0,31472.24
PROD_00119,2024-January,6.0,7143.4400000000005
PROD_00250,2024-January,3.0,7301.199999999999
PROD_00148,2023-August,13.0,10421.539999999999
PROD_00160,2025-March,8.0,24293.6
PROD_00111,2023-May,6.0,5725.18
PROD_00102,2024-September,23.0,49221.93000000001
PROD_00203,2024-September,8.0,7010.06
PROD_00043,2024-May,5.0,6715.539999999999
PROD_00106,2024-May,15.0,8140.880000000001
PROD_00270,2024-April,5.0,10721.77
PROD_00200,2025-December,11.0,7130.23
PROD_00230,2023-October,14.0,12224.41
PROD_00234,2023-October,13.0,9540.92
PROD_00039,2023-October,16.0,77219.66
PROD_00294,2026-July,12.0,143717.87
PROD_00140,2023-April,9.0,7137.4400000000005
PROD_00200,2025-November,2.0,1233.3400000000001
PROD_00161,2025-November,6.0,2441.58
PROD_00032,2026-August,5.0,6112.38
PROD_00267,2026-August,4.0,3062.88
PROD_00052,2026-May,11.0,33821.05
PROD_00298,2024-June,11.0,39523.549999999996
PROD_00270,2025-July,17.0,37169.75
PROD_00144,2025-July,13.0,7188.92
PROD_00042,2024-September,13.0,24049.87
PROD_00049,2026-August,2.0,1935.78
PROD_00097,2026-August,3.0,15386.400000000001
PROD_00238,2024-November,12.0,15510.380000000001
PROD_00122,2023-October,9.0,1861.5500000000002
PROD_00096,2026-March,5.0,13745.029999999999
PROD_00092,2026-March,10.0,11088.07
PROD_00052,2023-November,17.0,52428.729999999996
PROD_00109,2023-August,7.0,14384.400000000001
PROD_00028,2023-January,3.0,1374.56
PROD_00040,2023-December,2.0,918.6700000000001
PROD_00230,2023-December,7.0,6096.82
PROD_00242,2023-August,5.0,5782.5
PROD_00206,2024-May,13.0,20781.91
PROD_00247,2025-October,13.0,3173.85
PROD_00157,2025-November,9.0,29547.57
PROD_00209,2025-July,6.0,34534.56
PROD_00265,2025-September,8.0,12638.829999999998
PROD_00011,2024-January,6.0,11814.2
PROD_00171,2025-January,3.0,5589.4800000000005
PROD_00229,2026-March,8.0,8126.32
PROD_00240,2023-November,5.0,2033.48
PROD_00218,2025-August,11.0,25728.399999999998
PROD_00205,2025-April,13.0,5424.68
PROD_00073,2023-August,6.0,2133.0
PROD_00063,2026-January,12.0,10078.5
PROD_00012,2025-August,5.0,2645.5
PROD_00163,2023-September,13.0,86196.01
PROD_00015,2023-September,10.0,5184.32
PROD_00131,2024-May,20.0,18538.27
PROD_00104,2024-March,5.0,16003.05
PROD_00195,2024-March,17.0,10920.92
PROD_00186,2024-August,1.0,398.5
PROD_00120,2024-March,13.0,5750.64
PROD_00152,2024-March,8.0,8210.36
PROD_00176,2023-December,7.0,7545.7300000000005
PROD_00036,2023-December,4.0,14664.76
PROD_00279,2024-March,11.0,7582.27
PROD_00147,2025-December,4.0,3743.0
PROD_00073,2026-April,17.0,6064.58
PROD_00067,2024-January,8.0,9410.970000000001
PROD_00167,2023-December,2.0,1869.74
PROD_00039,2026-June,6.0,28799.120000000003
PROD_00053,2024-October,3.0,13162.29
PROD_00037,2024-September,5.0,42392.090000000004
PROD_00061,2024-September,4.0,4103.24
PROD_00122,2024-July,3.0,594.33
PROD_00284,2024-July,1.0,494.94
PROD_00201,2025-September,3.0,1266.18
PROD_00137,2023-January,5.0,1523.8
PROD_00253,2026-May,6.0,6578.16
PROD_00130,2024-June,13.0,4336.849999999999
PROD_00229,2024-April,19.0,19186.96
PROD_00107,2023-March,4.0,2206.8
PROD_00289,2025-February,4.0,11340.6
PROD_00045,2026-August,3.0,10184.34
PROD_00004,2023-December,7.0,15535.130000000001
PROD_00229,2023-December,5.0,5065.400000000001
PROD_00290,2023-March,16.0,1559.27
PROD_00249,2023-July,10.0,16451.3
PROD_00288,2023-August,8.0,17552.33
PROD_00255,2023-May,14.0,30040.019999999997
PROD_00164,2023-January,4.0,1094.2
PROD_00152,2025-January,8.0,8120.08
PROD_00018,2025-January,17.0,47872.46000000001
PROD_00196,2025-January,19.0,7650.79
PROD_00185,2023-October,14.0,52119.77
PROD_00211,2023-October,19.0,30279.84
PROD_00023,2025-January,8.0,1291.36
PROD_00097,2024-November,4.0,20094.24
PROD_00239,2023-February,1.0,322.61
PROD_00224,2023-March,4.0,6986.28
PROD_00184,2026-January,5.0,27131.09
PROD_00131,2024-February,10.0,9769.539999999999
PROD_00274,2024-February,7.0,1795.45
PROD_00002,2023-September,13.0,77732.83
PROD_00223,2024-July,13.0,31356.76
PROD_00252,2025-January,17.0,98671.23000000001
PROD_00009,2026-March,8.0,10554.16
PROD_00010,2026-March,1.0,920.83
PROD_00163,2026-August,4.0,26825.44
PROD_00003,2026-August,4.0,6016.52
PROD_00003,2025-October,3.0,4599.66
PROD_00023,2023-August,6.0,980.96
PROD_00098,2024-September,4.0,2829.13
PROD_00272,2024-September,10.0,19030.72
PROD_00116,2025-July,6.0,7597.15
PROD_00219,2025-July,10.0,1414.97
PROD_00202,2023-May,13.0,22154.41
PROD_00109,2025-February,2.0,4167.84
PROD_00143,2025-February,5.0,2625.3500000000004
PROD_00291,2024-April,16.0,14407.050000000001
PROD_00136,2024-April,3.0,8737.43
PROD_00102,2024-March,14.0,29743.57
PROD_00058,2023-June,10.0,824.3100000000001
PROD_00048,2025-February,4.0,5398.74
PROD_00078,2025-February,3.0,237.62
PROD_00227,2025-January,13.0,26735.63
PROD_00193,2025-January,1.0,836.95
PROD_00118,2023-March,4.0,2303.5499999999997
PROD_00135,2026-August,3.0,1699.8600000000001
PROD_00020,2023-November,6.0,5219.57
PROD_00053,2025-July,13.0,57681.96000000001
PROD_00081,2023-December,6.0,8439.83
PROD_00273,2023-December,9.0,4132.719999999999
PROD_00158,2023-December,18.0,15588.72
PROD_00090,2026-February,5.0,19529.829999999998
PROD_00268,2023-June,3.0,4846.360000000001
PROD_00093,2023-June,3.0,1408.98
PROD_00002,2025-August,13.0,79424.01000000001
PROD_00118,2024-November,7.0,4117.19
PROD_00094,2024-November,10.0,20714.01
PROD_00138,2025-December,14.0,5002.17
PROD_00084,2023-July,16.0,17192.07
PROD_00196,2023-July,15.0,5992.5199999999995
PROD_00111,2025-May,5.0,4838.38
PROD_00291,2025-November,4.0,3574.56
PROD_00118,2025-January,15.0,8796.16
PROD_00025,2023-June,1.0,3006.83
PROD_00277,2024-April,12.0,11188.02
PROD_00096,2024-April,5.0,13586.900000000001
PROD_00263,2024-January,7.0,1622.83
PROD_00196,2024-March,5.0,1997.5300000000002
PROD_00270,2024-November,11.0,23617.92
PROD_00096,2024-December,8.0,22014.75
PROD_00261,2023-April,13.0,81949.08
PROD_00250,2023-April,2.0,4544.6
PROD_00209,2025-February,21.0,121978.43000000001
PROD_00233,2025-April,8.0,8504.0
PROD_00084,2024-December,11.0,11415.84
PROD_00004,2026-July,25.0,54350.450000000004
PROD_00024,2024-February,9.0,7839.47
PROD_00180,2024-February,11.0,5291.21
PROD_00178,2023-January,12.0,9790.14
PROD_00144,2026-February,14.0,7443.339999999999
PROD_00229,2026-February,13.0,12752.880000000001
PROD_00202,2023-October,4.0,6719.2699999999995
PROD_00183,2023-October,6.0,71484.28
PROD_00143,2025-March,2.0,1007.58
PROD_00089,2025-March,15.0,15518.369999999999
PROD_00073,2023-September,5.0,1859.05
PROD_00094,2025-September,10.0,20210.74
PROD_00259,2023-July,6.0,3560.78
PROD_00082,2024-October,12.0,18493.309999999998
PROD_00258,2025-December,6.0,5787.43
PROD_00237,2025-February,1.0,308.29
PROD_00124,2023-May,3.0,5070.49
PROD_00054,2023-May,1.0,5819.3
PROD_00294,2025-January,5.0,59755.8
PROD_00281,2024-November,4.0,2980.7900000000004
PROD_00127,2023-October,3.0,4145.07
PROD_00105,2023-October,13.0,51403.67
PROD_00037,2024-March,13.0,116256.21999999999
PROD_00001,2023-May,14.0,18077.24
PROD_00163,2024-September,9.0,61021.26000000001
PROD_00108,2025-April,3.0,116.42
PROD_00172,2025-November,7.0,10662.73
PROD_00226,2025-November,6.0,1356.18
PROD_00290,2025-May,1.0,94.77
PROD_00051,2025-September,13.0,4384.51
PROD_00127,2025-September,11.0,14852.579999999998
PROD_00091,2023-May,4.0,5967.280000000001
PROD_00035,2026-June,6.0,6587.860000000001
PROD_00085,2025-September,3.0,2124.2400000000002
PROD_00273,2025-September,14.0,6515.09
PROD_00288,2025-February,1.0,2206.92
PROD_00082,2024-February,6.0,9414.539999999999
PROD_00234,2024-February,10.0,7442.18
PROD_00074,2024-February,21.0,31387.02
PROD_00050,2023-November,4.0,4271.26
PROD_00030,2024-April,11.0,23557.75
PROD_00043,2026-January,4.0,5254.22
PROD_00020,2024-October,6.0,5045.969999999999
PROD_00237,2024-June,15.0,4763.360000000001
PROD_00254,2026-June,18.0,15128.7
PROD_00265,2026-January,1.0,1545.46
PROD_00225,2025-September,7.0,16195.759999999998
PROD_00184,2025-September,1.0,5125.18
PROD_00186,2025-July,2.0,835.19
PROD_00022,2023-March,4.0,901.24
PROD_00026,2025-April,5.0,12507.27
PROD_00237,2025-July,5.0,1616.29
PROD_00216,2025-July,14.0,8892.480000000001
PROD_00018,2024-August,8.0,21969.61
PROD_00122,2024-February,5.0,1027.8
PROD_00165,2025-October,7.0,7748.55
PROD_00231,2023-July,13.0,40040.170000000006
PROD_00169,2023-May,10.0,21220.77
PROD_00135,2026-April,1.0,551.94
PROD_00132,2026-April,9.0,1398.0700000000002
PROD_00260,2026-January,7.0,7767.04
PROD_00281,2025-April,10.0,7320.29
PROD_00298,2025-April,8.0,27954.07
PROD_00277,2026-July,5.0,4731.099999999999
PROD_00062,2025-December,2.0,9851.52
PROD_00037,2025-December,9.0,80134.22
PROD_00091,2023-August,9.0,12668.609999999999
PROD_00253,2025-May,5.0,5184.79
PROD_00146,2024-July,9.0,2682.3599999999997
PROD_00089,2023-November,12.0,12370.89
PROD_00297,2023-November,16.0,22617.23
PROD_00277,2023-March,6.0,5672.549999999999
PROD_00123,2025-October,8.0,3764.9700000000003
PROD_00266,2024-January,6.0,3435.83
PROD_00226,2023-August,6.0,1361.76
PROD_00193,2025-September,10.0,8720.15
PROD_00116,2026-February,9.0,11725.259999999998
PROD_00257,2026-August,3.0,6943.14
PROD_00132,2026-August,1.0,156.61
PROD_00070,2024-March,12.0,35469.3
PROD_00142,2026-June,4.0,7473.82
PROD_00135,2025-December,6.0,3312.24
PROD_00136,2023-March,2.0,5561.5
PROD_00204,2023-March,3.0,23977.53
PROD_00160,2026-March,9.0,27788.7
PROD_00207,2023-July,5.0,28627.14
PROD_00257,2024-July,5.0,11948.85
PROD_00079,2023-June,10.0,13709.2
PROD_00133,2026-August,2.0,4851.04
PROD_00259,2026-August,3.0,1926.21
PROD_00074,2026-June,24.0,35996.969999999994
PROD_00293,2023-August,2.0,2409.62
PROD_00035,2024-January,13.0,14330.79
PROD_00009,2026-January,5.0,6821.75
PROD_00232,2025-January,5.0,7566.35
PROD_00032,2025-January,16.0,19520.36
PROD_00114,2023-July,8.0,6573.030000000001
PROD_00121,2023-April,12.0,15212.880000000001
PROD_00149,2025-October,10.0,10499.24
PROD_00297,2024-September,15.0,21227.37
PROD_00255,2024-July,5.0,10853.02
PROD_00221,2024-July,1.0,1367.63
PROD_00192,2025-March,19.0,24765.499999999996
PROD_00195,2025-April,11.0,7147.58
PROD_00296,2025-June,14.0,18167.82
PROD_00004,2025-December,8.0,17230.92
PROD_00165,2025-December,2.0,2216.06
PROD_00202,2024-January,6.0,9987.449999999999
PROD_00103,2025-November,16.0,12969.120000000003
PROD_00075,2026-February,4.0,5499.88
PROD_00290,2024-February,2.0,200.66
PROD_00121,2024-February,11.0,13803.730000000001
PROD_00028,2024-February,13.0,5974.12
PROD_00177,2025-July,16.0,6989.499999999999
PROD_00192,2026-January,17.0,22107.420000000002
PROD_00036,2026-June,10.0,36393.23
PROD_00066,2025-January,20.0,6636.84
PROD_00216,2025-June,9.0,5838.97
PROD_00245,2023-July,9.0,1189.97
PROD_00019,2024-October,7.0,10299.0
PROD_00101,2026-April,8.0,8927.95
PROD_00133,2026-April,7.0,16795.75
PROD_00066,2025-July,30.0,10025.109999999999
PROD_00202,2024-December,11.0,18137.89
PROD_00013,2025-April,3.0,1457.25
PROD_00282,2023-March,1.0,148.08
PROD_00031,2026-June,11.0,17057.739999999998
PROD_00192,2023-May,4.0,5109.1
PROD_00072,2023-May,3.0,1762.76
PROD_00236,2023-May,3.0,357.15999999999997
PROD_00249,2025-May,14.0,23268.84
PROD_00252,2024-January,10.0,57505.83
PROD_00071,2023-January,10.0,10221.630000000001
PROD_00258,2026-June,3.0,2884.7599999999998
PROD_00185,2026-February,7.0,26783.629999999997
PROD_00094,2024-December,13.0,26019.68
PROD_00027,2023-August,8.0,10880.88
PROD_00211,2024-February,7.0,11045.72
PROD_00090,2025-September,3.0,11780.400000000001
PROD_00011,2023-January,3.0,6169.13
PROD_00066,2026-February,3.0,1000.51
PROD_00055,2024-March,4.0,2491.5
PROD_00269,2024-July,5.0,7094.95
PROD_00191,2025-October,1.0,1372.75
PROD_00118,2026-January,10.0,5879.76
PROD_00141,2023-September,10.0,16549.6
PROD_00050,2026-June,4.0,4469.92
PROD_00134,2026-February,2.0,2229.2
PROD_00127,2026-February,3.0,3991.84
PROD_00049,2025-July,3.0,2993.88
PROD_00003,2025-July,5.0,7342.120000000001
PROD_00234,2025-July,9.0,6705.179999999999
PROD_00105,2025-December,13.0,52134.8
PROD_00116,2026-August,8.0,10373.44
PROD_00081,2026-August,4.0,5797.52
PROD_00039,2026-August,4.0,19174.34
PROD_00111,2025-November,1.0,926.28
PROD_00217,2023-September,2.0,659.82
PROD_00288,2023-September,2.0,4520.74
PROD_00222,2024-November,12.0,19708.64
PROD_00089,2026-August,4.0,4149.71
PROD_00265,2026-August,4.0,6182.2
PROD_00034,2025-April,15.0,6416.49
PROD_00032,2024-May,22.0,26663.79
PROD_00112,2024-January,14.0,9229.16
PROD_00056,2024-December,5.0,1573.1
PROD_00122,2025-August,15.0,3088.9799999999996
PROD_00217,2026-April,1.0,330.46
PROD_00057,2023-March,11.0,2366.5
PROD_00094,2024-January,4.0,8129.92
PROD_00197,2025-August,16.0,13773.98
PROD_00153,2025-August,10.0,6528.37
PROD_00280,2024-January,4.0,529.22
PROD_00246,2023-February,15.0,47643.79
PROD_00031,2026-March,1.0,1492.14
PROD_00226,2026-March,5.0,1162.28
PROD_00007,2024-December,3.0,4232.3099999999995
PROD_00290,2023-January,5.0,483.18
PROD_00018,2026-May,9.0,25683.86
PROD_00056,2023-October,3.0,954.57
PROD_00197,2023-October,17.0,14507.390000000001
PROD_00194,2024-March,14.0,5756.17
PROD_00193,2026-January,15.0,13009.430000000002
PROD_00123,2025-February,4.0,1828.35
PROD_00145,2023-October,24.0,203474.76
PROD_00177,2026-June,12.0,5334.860000000001
PROD_00194,2026-August,10.0,4156.9
PROD_00016,2026-April,6.0,25758.119999999995
PROD_00070,2024-August,21.0,63988.119999999995
PROD_00278,2024-August,5.0,10638.150000000001
PROD_00166,2025-January,8.0,4202.56
PROD_00297,2025-January,11.0,15680.61
PROD_00055,2023-June,9.0,5573.5199999999995
PROD_00084,2026-April,9.0,9162.42
PROD_00046,2025-November,2.0,620.18
PROD_00219,2025-November,8.0,1162.33
PROD_00268,2025-November,6.0,9939.57
PROD_00174,2024-June,7.0,2987.0299999999997
PROD_00270,2024-June,9.0,19156.25
PROD_00188,2024-June,3.0,1004.3800000000001
PROD_00268,2024-October,16.0,26095.420000000006
PROD_00148,2024-October,6.0,4911.92
PROD_00094,2025-July,15.0,30338.659999999996
PROD_00128,2023-April,9.0,9793.779999999999
PROD_00105,2023-September,23.0,92613.48999999998
PROD_00203,2024-March,1.0,806.02
PROD_00240,2025-February,8.0,3146.15
PROD_00185,2025-February,4.0,14982.74
PROD_00296,2026-March,11.0,14409.34
PROD_00051,2025-January,5.0,1681.1000000000001
PROD_00136,2026-April,6.0,17545.75
PROD_00126,2025-October,9.0,8401.98
PROD_00167,2025-February,2.0,1862.76
PROD_00122,2025-February,16.0,3304.49
PROD_00225,2024-October,6.0,13991.82
PROD_00240,2024-October,7.0,2833.48
PROD_00238,2023-November,12.0,15769.599999999999
PROD_00065,2025-September,2.0,1176.3600000000001
PROD_00007,2025-October,20.0,26389.96
PROD_00114,2023-January,7.0,5594.7
PROD_00055,2024-November,6.0,3525.0600000000004
PROD_00104,2025-January,7.0,22349.43
PROD_00060,2025-August,1.0,2685.9
PROD_00083,2025-October,3.0,3890.39
PROD_00273,2025-October,4.0,1878.1399999999999
PROD_00060,2025-September,9.0,24152.16
PROD_00044,2025-September,8.0,8737.669999999998
PROD_00170,2025-March,7.0,6151.0599999999995
PROD_00069,2024-September,6.0,9589.01
PROD_00040,2026-June,5.0,2273.05
PROD_00084,2023-February,8.0,8496.73
PROD_00096,2025-July,2.0,5584.87
PROD_00054,2026-May,3.0,16905.93
PROD_00020,2026-May,11.0,9530.259999999998
PROD_00140,2024-December,5.0,4006.45
PROD_00011,2026-June,16.0,32478.08
PROD_00114,2025-July,6.0,4830.14
PROD_00221,2025-May,1.0,1395.93
PROD_00278,2023-January,3.0,6358.89
PROD_00172,2025-January,9.0,13605.57
PROD_00077,2023-June,9.0,8653.32
PROD_00132,2024-June,2.0,298.09000000000003
PROD_00057,2026-July,6.0,1271.9099999999999
PROD_00152,2023-October,13.0,13023.74
PROD_00114,2026-June,6.0,4873.9400000000005
PROD_00167,2024-December,16.0,14316.37
PROD_00144,2025-August,14.0,7457.07
PROD_00297,2024-November,12.0,17082.27
PROD_00041,2024-November,22.0,14975.6
PROD_00283,2025-June,21.0,11175.99
PROD_00246,2025-June,15.0,48081.88
PROD_00135,2025-August,6.0,3374.5200000000004
PROD_00269,2025-June,11.0,14463.970000000001
PROD_00068,2025-March,7.0,3024.1500000000005
PROD_00046,2025-March,12.0,3823.54
PROD_00234,2023-August,11.0,8129.339999999999
PROD_00282,2023-May,18.0,2684.41
PROD_00183,2026-March,12.0,142467.49
PROD_00064,2024-November,16.0,34150.67
PROD_00162,2024-November,18.0,83352.04000000001
PROD_00091,2024-November,12.0,17498.940000000002
PROD_00257,2023-September,6.0,14009.39
PROD_00138,2023-November,10.0,3625.69
PROD_00103,2024-January,11.0,9130.660000000002
PROD_00273,2023-November,9.0,4168.45
PROD_00158,2026-June,7.0,6388.68
PROD_00108,2024-December,12.0,483.5
PROD_00272,2026-January,3.0,5792.44
PROD_00173,2025-August,14.0,679.6600000000001
PROD_00284,2025-August,6.0,2977.83
PROD_00219,2024-August,10.0,1420.24
PROD_00258,2024-August,15.0,14564.7
PROD_00210,2024-September,11.0,5314.7699999999995
PROD_00071,2025-May,7.0,7157.6
PROD_00256,2026-July,14.0,32460.879999999997
PROD_00203,2025-March,4.0,3396.95
PROD_00201,2025-March,14.0,6076.9800000000005
PROD_00077,2026-June,7.0,6683.67
PROD_00070,2025-August,6.0,18294.920000000002
PROD_00231,2023-February,5.0,15060.810000000001
PROD_00163,2024-January,10.0,70829.52
PROD_00062,2025-June,7.0,35730.94
PROD_00270,2025-June,8.0,17100.9
PROD_00034,2026-July,15.0,6496.110000000001
PROD_00206,2024-April,12.0,18862.74
PROD_00151,2023-August,8.0,5896.24
PROD_00003,2025-March,3.0,4423.0599999999995
PROD_00032,2023-August,16.0,19388.559999999998
PROD_00170,2025-April,1.0,887.27
PROD_00124,2023-February,10.0,17344.4
PROD_00233,2023-February,10.0,10505.390000000001
PROD_00162,2025-December,24.0,112716.38
PROD_00203,2025-December,9.0,7706.490000000001
PROD_00266,2024-August,14.0,7722.61
PROD_00206,2023-March,18.0,28791.340000000004
PROD_00253,2023-March,7.0,6980.5
PROD_00114,2024-June,2.0,1689.98
PROD_00282,2024-June,20.0,3019.3999999999996
PROD_00194,2024-August,4.0,1620.4699999999998
PROD_00102,2024-May,4.0,8286.22
PROD_00145,2023-May,13.0,111790.98
PROD_00223,2025-April,11.0,26166.61
PROD_00104,2026-March,4.0,12629.210000000001
PROD_00147,2024-April,8.0,8144.82
PROD_00131,2025-May,16.0,14971.9
PROD_00050,2025-December,19.0,20305.55
PROD_00066,2023-August,10.0,3321.0099999999998
PROD_00045,2024-October,4.0,13229.68
PROD_00060,2024-December,6.0,16076.2
PROD_00045,2023-April,4.0,13531.9
PROD_00250,2025-January,8.0,19025.34
PROD_00051,2026-May,6.0,2044.1600000000003
PROD_00297,2025-June,5.0,7016.929999999999
PROD_00250,2025-June,11.0,26538.62
PROD_00044,2023-March,3.0,3237.09
PROD_00144,2025-December,8.0,4289.27
PROD_00225,2023-September,26.0,59313.72000000001
PROD_00097,2023-June,23.0,117134.24999999999
PROD_00232,2023-August,1.0,1569.96
PROD_00196,2023-August,14.0,5624.58
PROD_00243,2023-August,3.0,251.57999999999998
PROD_00261,2023-June,4.0,25814.44
PROD_00294,2023-June,3.0,36421.17
PROD_00210,2023-June,9.0,4234.5
PROD_00220,2023-October,3.0,6108.75
PROD_00037,2025-February,3.0,26133.42
PROD_00113,2026-August,6.0,320.28000000000003
PROD_00123,2025-December,11.0,5164.1
PROD_00209,2023-December,17.0,99731.26000000001
PROD_00234,2024-September,11.0,7671.530000000001
PROD_00013,2026-August,7.0,3428.8799999999997
PROD_00038,2025-June,4.0,5367.3
PROD_00002,2025-April,9.0,55175.13
PROD_00182,2024-February,9.0,504.43
PROD_00124,2024-December,13.0,22431.300000000003
PROD_00020,2026-August,2.0,1714.92
PROD_00025,2024-April,14.0,42065.49
PROD_00076,2024-September,12.0,9690.630000000001
PROD_00296,2024-April,2.0,2598.28
PROD_00118,2023-November,7.0,4057.73
PROD_00276,2026-February,10.0,11065.64
PROD_00065,2026-June,10.0,6022.07
PROD_00098,2025-March,7.0,4726.49
PROD_00128,2023-March,7.0,7611.48
PROD_00200,2026-June,3.0,1985.13
PROD_00053,2024-March,10.0,43967.54
PROD_00206,2023-May,14.0,22109.520000000004
PROD_00134,2026-April,8.0,9568.22
PROD_00247,2026-June,12.0,2899.36
PROD_00072,2026-June,9.0,5210.26
PROD_00072,2026-February,3.0,1774.92
PROD_00152,2026-April,8.0,8067.1900000000005
PROD_00150,2026-April,8.0,12233.509999999998
PROD_00070,2024-July,14.0,42535.82000000001
PROD_00261,2023-December,4.0,26491.8
PROD_00198,2024-April,12.0,10353.77
PROD_00161,2024-January,3.0,1206.79
PROD_00040,2024-August,20.0,9383.04
PROD_00076,2024-November,8.0,6733.12
PROD_00267,2026-January,8.0,6073.540000000001
PROD_00144,2023-February,3.0,1644.9299999999998
PROD_00174,2023-August,6.0,2602.93
PROD_00221,2025-March,11.0,15162.58
PROD_00023,2025-May,1.0,165.02
PROD_00098,2023-July,1.0,693.99
PROD_00211,2025-June,20.0,31668.379999999997
PROD_00261,2023-July,7.0,44641.67
PROD_00120,2025-November,4.0,1802.32
PROD_00038,2025-April,7.0,9801.91
PROD_00228,2023-November,12.0,55330.85
PROD_00194,2023-December,4.0,1642.85
PROD_00145,2025-February,8.0,67394.66
PROD_00023,2024-March,14.0,2250.14
PROD_00223,2024-March,17.0,39688.44
PROD_00162,2024-August,3.0,14010.39
PROD_00132,2024-January,5.0,750.85
PROD_00252,2023-January,12.0,71204.3
PROD_00019,2025-March,11.0,16568.77
PROD_00206,2026-February,6.0,9306.58
PROD_00115,2023-March,15.0,13299.95
PROD_00113,2024-March,5.0,272.64
PROD_00285,2023-January,7.0,21201.980000000003
PROD_00038,2026-March,14.0,19537.24
PROD_00013,2026-March,10.0,4929.29
PROD_00110,2026-July,1.0,427.08
PROD_00149,2026-March,12.0,12610.829999999998
PROD_00072,2026-March,5.0,2979.2000000000003
PROD_00259,2026-July,4.0,2479.44
PROD_00204,2023-January,5.0,40931.17
PROD_00194,2024-May,9.0,3709.55
PROD_00029,2024-March,4.0,46466.28
PROD_00280,2026-July,6.0,785.49
PROD_00158,2023-April,4.0,3526.24
PROD_00123,2025-March,1.0,485.17
PROD_00261,2025-November,4.0,25485.78
PROD_00192,2025-November,2.0,2547.42
PROD_00182,2026-March,4.0,224.73000000000002
PROD_00192,2024-November,2.0,2581.16
PROD_00251,2024-July,6.0,7090.18
PROD_00245,2025-January,9.0,1176.59
PROD_00264,2025-January,3.0,4502.4400000000005
PROD_00278,2026-June,10.0,21538.010000000002
PROD_00157,2024-December,7.0,21625.949999999997
PROD_00221,2024-February,14.0,19273.74
PROD_00260,2024-February,21.0,23315.71
PROD_00095,2023-December,6.0,844.47
PROD_00023,2023-February,6.0,1011.88
PROD_00211,2023-June,2.0,3202.34
PROD_00104,2026-June,4.0,12691.8
PROD_00126,2026-June,17.0,15968.640000000001
PROD_00215,2023-September,9.0,21075.739999999998
PROD_00010,2023-September,12.0,10910.34
PROD_00098,2023-May,5.0,3432.9
PROD_00099,2023-May,7.0,3194.59
PROD_00290,2023-December,7.0,666.96
PROD_00247,2026-May,2.0,497.08
PROD_00082,2025-February,12.0,17999.739999999998
PROD_00231,2023-March,2.0,5857.04
PROD_00220,2023-June,5.0,9651.3
PROD_00292,2024-May,12.0,22606.72
PROD_00053,2025-December,7.0,31018.68
PROD_00205,2026-February,8.0,3201.1499999999996
PROD_00264,2023-February,5.0,7666.15
PROD_00104,2025-May,11.0,34922.98
PROD_00170,2025-August,17.0,15209.429999999998
PROD_00137,2025-August,3.0,948.24
PROD_00279,2025-December,11.0,7632.76
PROD_00275,2025-December,3.0,1169.52
PROD_00072,2026-January,10.0,5768.87
PROD_00001,2023-July,3.0,3829.2300000000005
PROD_00205,2024-September,6.0,2330.36
PROD_00258,2023-March,6.0,5721.84
PROD_00122,2026-January,3.0,629.79
PROD_00034,2024-October,3.0,1247.43
PROD_00292,2024-April,4.0,7481.32
PROD_00149,2024-April,10.0,10682.43
PROD_00180,2025-November,11.0,5437.4
PROD_00101,2025-November,8.0,9385.2
PROD_00276,2023-October,6.0,6614.34
PROD_00239,2023-April,9.0,2795.79
PROD_00040,2023-April,10.0,4800.05
PROD_00183,2025-September,9.0,105731.92
PROD_00046,2025-September,10.0,3273.84
PROD_00140,2026-April,13.0,10496.779999999999
PROD_00151,2026-April,12.0,8675.390000000001
PROD_00184,2024-January,13.0,68058.38
PROD_00294,2025-February,3.0,35931.72
PROD_00215,2024-May,4.0,9419.27
PROD_00191,2024-May,17.0,24310.18
PROD_00012,2025-April,3.0,1591.27
PROD_00270,2025-April,1.0,2175.82
PROD_00195,2023-June,9.0,5699.71
PROD_00051,2025-May,12.0,3969.7400000000002
PROD_00122,2025-September,8.0,1668.16
PROD_00113,2023-November,7.0,371.16999999999996
PROD_00106,2026-March,1.0,506.78
PROD_00218,2025-June,5.0,12352.710000000001
PROD_00186,2026-March,4.0,1728.8400000000001
PROD_00033,2026-April,9.0,17489.7
PROD_00214,2024-July,3.0,4053.09
PROD_00086,2024-April,3.0,12991.26
PROD_00144,2023-April,7.0,3627.4000000000005
PROD_00088,2023-April,9.0,1635.6
PROD_00256,2023-October,16.0,37698.89
PROD_00128,2024-September,13.0,13917.7
PROD_00135,2025-February,3.0,1653.37
PROD_00201,2023-May,5.0,2101.39
PROD_00072,2025-April,11.0,6529.6900000000005
PROD_00122,2023-June,13.0,2681.58
PROD_00212,2026-June,5.0,4416.110000000001
PROD_00112,2026-May,7.0,4623.0599999999995
PROD_00100,2026-January,10.0,5998.03
PROD_00085,2024-May,5.0,3443.69
PROD_00044,2025-June,4.0,4236.04
PROD_00144,2026-May,6.0,3250.7300000000005
PROD_00036,2023-September,20.0,74607.36
PROD_00273,2023-September,6.0,2752.3900000000003
PROD_00086,2025-June,5.0,21940.989999999998
PROD_00150,2026-June,3.0,4594.219999999999
PROD_00186,2023-January,7.0,2898.3700000000003
PROD_00190,2026-May,9.0,8232.78
PROD_00212,2025-April,4.0,3621.01
PROD_00191,2023-July,7.0,9631.27
PROD_00119,2024-February,3.0,3755.49
PROD_00138,2024-March,9.0,3247.34
PROD_00132,2025-August,13.0,2038.12
PROD_00190,2026-March,18.0,16023.28
PROD_00193,2023-December,8.0,7057.68
PROD_00113,2023-February,17.0,875.51
PROD_00076,2024-May,8.0,6612.78
PROD_00233,2025-February,4.0,4168.3099999999995
PROD_00097,2024-December,11.0,55446.31
PROD_00255,2024-December,11.0,24005.93
PROD_00249,2024-July,6.0,9879.5
PROD_00290,2024-July,10.0,985.29
PROD_00064,2025-May,9.0,19882.64
PROD_00082,2024-November,7.0,11040.050000000001
PROD_00174,2023-May,16.0,6801.56
PROD_00006,2026-June,2.0,2061.48
PROD_00178,2023-July,5.0,4254.82
PROD_00180,2024-November,12.0,5998.91
PROD_00113,2024-November,7.0,374.5
PROD_00185,2023-December,5.0,18695.23
PROD_00171,2023-December,6.0,11081.06
PROD_00147,2025-January,9.0,8856.41
PROD_00271,2023-February,6.0,2613.34
PROD_00230,2024-January,9.0,7858.139999999999
PROD_00211,2026-February,10.0,15781.76
PROD_00001,2024-August,3.0,3743.31
PROD_00285,2025-March,16.0,49124.399999999994
PROD_00084,2024-June,8.0,8621.17
PROD_00083,2025-February,4.0,4994.28
PROD_00171,2023-June,2.0,3583.56
PROD_00156,2023-June,6.0,914.31
PROD_00208,2025-November,1.0,539.38
PROD_00092,2024-November,12.0,12830.380000000001
PROD_00242,2024-May,2.0,2199.5600000000004
PROD_00268,2023-December,7.0,11295.560000000001
PROD_00240,2023-December,6.0,2407.4900000000002
PROD_00102,2026-August,4.0,8456.84
PROD_00077,2024-June,4.0,3777.1600000000003
PROD_00012,2023-October,16.0,8318.02
PROD_00163,2023-October,5.0,33224.299999999996
PROD_00084,2025-April,14.0,14654.879999999997
PROD_00058,2024-September,11.0,885.29
PROD_00141,2025-September,19.0,32293.039999999997
PROD_00113,2024-July,12.0,665.8399999999999
PROD_00273,2023-January,1.0,434.62
PROD_00189,2026-June,3.0,6150.450000000001
PROD_00198,2026-June,3.0,2624.88
PROD_00163,2024-April,10.0,67483.57
PROD_00142,2025-August,16.0,31022.7
PROD_00287,2026-February,3.0,3643.07
PROD_00101,2023-September,6.0,6989.17
PROD_00136,2023-November,13.0,36906.090000000004
PROD_00044,2023-November,6.0,6495.169999999999
PROD_00257,2024-March,10.0,23506.01
PROD_00064,2023-January,13.0,28152.93
PROD_00098,2023-June,5.0,3456.78
PROD_00098,2024-June,3.0,2126.88
PROD_00247,2024-July,13.0,3118.1
PROD_00243,2024-July,6.0,498.92
PROD_00083,2024-June,9.0,11760.8
PROD_00268,2025-June,11.0,17807.120000000003
PROD_00214,2025-June,5.0,6950.799999999999
PROD_00096,2023-January,12.0,32794.05
PROD_00133,2025-July,6.0,14409.96
PROD_00122,2026-April,4.0,842.56
PROD_00090,2026-April,2.0,7202.18
PROD_00223,2023-May,3.0,7224.09
PROD_00270,2026-March,4.0,8569.68
PROD_00251,2026-January,2.0,2562.06
PROD_00004,2023-July,9.0,20006.489999999998
PROD_00070,2023-July,11.0,32659.28
PROD_00092,2023-March,12.0,12733.060000000001
PROD_00248,2024-April,5.0,3341.37
PROD_00145,2023-December,3.0,25507.86
PROD_00085,2026-March,12.0,8403.45
PROD_00075,2023-July,3.0,4292.37
PROD_00118,2023-July,9.0,5225.52
PROD_00180,2023-November,15.0,7453.550000000001
PROD_00103,2024-July,6.0,5048.69
PROD_00295,2025-February,16.0,21540.72
PROD_00109,2025-September,12.0,25044.409999999996
PROD_00147,2023-July,2.0,2009.42
PROD_00065,2023-July,1.0,579.54
PROD_00080,2024-August,9.0,31289.89
PROD_00249,2026-May,21.0,33980.08
PROD_00246,2026-May,11.0,34402.57
PROD_00239,2024-May,2.0,651.38
PROD_00038,2023-December,17.0,23663.25
PROD_00241,2025-May,7.0,6242.099999999999
PROD_00176,2024-January,2.0,2254.83
PROD_00112,2024-May,10.0,6439.0
PROD_00029,2023-September,2.0,23620.72
PROD_00202,2025-March,6.0,9947.33
PROD_00131,2025-January,4.0,3807.56
PROD_00281,2025-June,11.0,8034.05
PROD_00238,2023-March,7.0,9526.91
PROD_00085,2025-May,4.0,2788.76
PROD_00264,2024-November,7.0,10309.6
PROD_00223,2025-May,6.0,14141.32
PROD_00234,2025-December,11.0,8005.05
PROD_00190,2023-January,13.0,11915.52
PROD_00033,2025-July,7.0,12998.95
PROD_00244,2024-September,11.0,8796.17
PROD_00072,2024-September,1.0,574.71
PROD_00173,2023-April,7.0,338.94
PROD_00062,2026-June,6.0,30166.7
PROD_00031,2024-August,16.0,23808.87
PROD_00239,2024-August,3.0,953.01
PROD_00156,2024-August,10.0,1468.94
PROD_00041,2023-May,9.0,6292.650000000001
PROD_00243,2023-January,8.0,648.72
PROD_00162,2023-January,5.0,22895.690000000002
PROD_00169,2026-March,3.0,6143.73
PROD_00117,2023-December,12.0,2512.68
PROD_00027,2024-October,9.0,12498.3
PROD_00157,2023-July,4.0,12817.19
PROD_00025,2025-May,3.0,8521.380000000001
PROD_00248,2023-August,13.0,8690.39
PROD_00003,2023-August,7.0,10358.6
PROD_00270,2026-April,6.0,13230.779999999999
PROD_00090,2025-August,17.0,61462.85999999999
PROD_00266,2023-August,5.0,2807.0
PROD_00125,2026-May,8.0,3469.1300000000006
PROD_00088,2026-May,11.0,1904.1399999999999
PROD_00188,2025-March,13.0,4305.74
PROD_00191,2025-July,12.0,17301.48
PROD_00198,2025-July,6.0,5024.32
PROD_00148,2025-July,3.0,2420.46
PROD_00171,2025-December,15.0,28120.47
PROD_00182,2023-June,2.0,114.09
PROD_00085,2023-March,17.0,11575.760000000002
PROD_00169,2023-October,2.0,4229.14
PROD_00289,2023-January,15.0,41725.58
PROD_00116,2023-January,10.0,12858.82
PROD_00277,2023-January,13.0,12330.17
PROD_00245,2024-April,22.0,2888.38
PROD_00001,2025-April,2.0,2665.72
PROD_00159,2024-May,2.0,1829.6999999999998
PROD_00201,2024-November,3.0,1311.48
PROD_00179,2023-November,2.0,3518.16
PROD_00048,2024-November,5.0,6965.349999999999
PROD_00170,2025-November,7.0,6307.43
PROD_00061,2025-October,7.0,7218.4
PROD_00276,2024-April,8.0,8355.76
PROD_00143,2024-April,22.0,11767.649999999998
PROD_00256,2024-September,13.0,30187.390000000003
PROD_00093,2025-October,4.0,1762.16
PROD_00259,2026-January,4.0,2405.92
PROD_00132,2025-July,7.0,1063.1100000000001
PROD_00297,2025-July,4.0,5735.4
PROD_00102,2025-September,9.0,19057.809999999998
PROD_00149,2025-February,3.0,3130.71
PROD_00280,2024-March,4.0,530.22
PROD_00016,2024-January,6.0,25837.29
PROD_00264,2025-June,1.0,1535.9
PROD_00088,2023-March,10.0,1802.98
PROD_00111,2025-August,7.0,6835.31
PROD_00155,2025-November,3.0,17051.18
PROD_00142,2023-October,2.0,3883.6499999999996
PROD_00042,2025-July,12.0,22055.03
PROD_00064,2024-January,9.0,19642.13
PROD_00147,2025-February,14.0,13448.810000000001
PROD_00154,2025-November,8.0,25419.36
PROD_00027,2024-December,15.0,20502.999999999996
PROD_00161,2024-July,5.0,2026.3
PROD_00032,2025-April,4.0,4727.75
PROD_00102,2026-March,4.0,8515.56
PROD_00102,2023-March,2.0,4220.99
PROD_00118,2025-September,18.0,10547.9
PROD_00263,2023-November,1.0,225.36
PROD_00137,2025-November,7.0,2098.74
PROD_00248,2023-October,4.0,2659.7999999999997
PROD_00032,2025-July,18.0,21285.65
PROD_00123,2025-July,9.0,4253.23
PROD_00293,2024-July,10.0,11816.75
PROD_00100,2025-November,19.0,11284.240000000002
PROD_00269,2025-November,8.0,10487.2
PROD_00195,2024-August,1.0,663.08
PROD_00190,2025-January,13.0,11492.81
PROD_00129,2025-December,12.0,124640.66
PROD_00032,2024-June,2.0,2385.24
PROD_00262,2024-April,6.0,4534.36
PROD_00256,2024-January,18.0,42891.05
PROD_00208,2023-February,5.0,2504.9
PROD_00244,2025-April,23.0,17953.52
PROD_00099,2024-January,21.0,10098.65
PROD_00081,2023-January,4.0,5990.04
PROD_00226,2024-September,9.0,2030.0299999999997
PROD_00029,2024-November,3.0,36227.94
PROD_00277,2023-November,10.0,9326.18
PROD_00035,2025-April,7.0,7711.79
PROD_00153,2023-October,13.0,8589.19
PROD_00067,2026-February,8.0,9202.91
PROD_00137,2024-July,8.0,2545.55
PROD_00246,2023-July,8.0,24714.89
PROD_00162,2025-November,8.0,37576.159999999996
PROD_00191,2024-August,3.0,4318.74
PROD_00146,2024-August,17.0,4728.219999999999
PROD_00295,2025-November,3.0,3950.01
PROD_00075,2026-July,2.0,2806.1
PROD_00119,2023-September,11.0,13241.46
PROD_00045,2025-March,3.0,10191.0
PROD_00245,2026-July,3.0,406.29999999999995
PROD_00029,2025-April,2.0,22605.76
PROD_00099,2025-October,7.0,3381.44
PROD_00001,2025-March,6.0,7909.98
PROD_00173,2025-September,15.0,731.94
PROD_00296,2024-June,3.0,3975.63
PROD_00275,2026-June,11.0,4341.860000000001
PROD_00071,2025-October,11.0,11643.990000000002
PROD_00034,2023-April,17.0,7405.66
PROD_00044,2024-June,12.0,12807.689999999999
PROD_00252,2024-June,6.0,35238.54
PROD_00189,2024-October,6.0,12683.199999999999
PROD_00014,2024-October,11.0,3580.88
PROD_00177,2025-June,6.0,2647.9900000000002
PROD_00107,2026-June,1.0,543.86
PROD_00168,2026-February,4.0,3145.06
PROD_00110,2026-June,10.0,4273.52
PROD_00289,2026-June,4.0,11341.550000000001
PROD_00088,2026-January,13.0,2308.08
PROD_00254,2023-August,3.0,2387.88
PROD_00079,2024-April,2.0,2869.5
PROD_00109,2024-January,7.0,14325.210000000001
PROD_00179,2025-March,10.0,18476.11
PROD_00073,2025-March,7.0,2568.16
PROD_00070,2025-April,6.0,18235.54
PROD_00210,2026-April,9.0,4294.27
PROD_00102,2025-March,4.0,8545.8
PROD_00300,2023-November,8.0,4676.09
PROD_00288,2024-November,7.0,15630.6
PROD_00232,2024-June,6.0,9089.06
PROD_00222,2024-April,5.0,7787.01
PROD_00245,2024-January,5.0,666.71
PROD_00135,2024-July,3.0,1631.29
PROD_00201,2023-February,3.0,1224.48
PROD_00158,2024-September,6.0,5182.16
PROD_00294,2025-June,16.0,192381.18
PROD_00273,2025-August,18.0,8507.73
PROD_00170,2024-October,17.0,14531.01
PROD_00178,2025-May,3.0,2533.06
PROD_00198,2023-August,2.0,1736.91
PROD_00060,2025-May,13.0,33394.71
PROD_00203,2023-May,1.0,853.58
PROD_00043,2024-June,8.0,10573.4
PROD_00216,2023-April,3.0,2009.8600000000001
PROD_00145,2025-April,1.0,8486.79
PROD_00150,2026-May,1.0,1544.14
PROD_00071,2025-March,21.0,21399.109999999997
PROD_00084,2026-January,3.0,3240.9700000000003
PROD_00146,2023-July,14.0,4109.629999999999
PROD_00034,2024-July,12.0,5079.45
PROD_00298,2025-January,4.0,14730.84
PROD_00245,2023-February,14.0,1812.54
PROD_00095,2023-October,6.0,851.79
PROD_00033,2025-March,9.0,17367.260000000002
PROD_00112,2025-March,12.0,8003.679999999999
PROD_00107,2026-August,6.0,3210.5600000000004
PROD_00065,2026-August,1.0,562.14
PROD_00173,2023-March,17.0,814.8100000000001
PROD_00033,2023-July,8.0,15564.81
PROD_00153,2023-July,7.0,4501.78
PROD_00274,2025-March,17.0,4478.889999999999
PROD_00280,2025-June,9.0,1206.5
PROD_00076,2026-January,1.0,800.92
PROD_00248,2024-September,2.0,1371.06
PROD_00078,2023-July,7.0,562.6899999999999
PROD_00068,2023-October,13.0,5660.379999999999
PROD_00236,2024-December,6.0,699.54
PROD_00075,2024-December,6.0,8392.2
PROD_00154,2024-December,10.0,31749.260000000002
PROD_00221,2026-August,2.0,2774.86
PROD_00248,2023-January,8.0,5463.21
PROD_00293,2023-January,2.0,2421.72
PROD_00127,2023-January,19.0,25329.69
PROD_00120,2024-June,11.0,4884.59
PROD_00148,2025-April,14.0,11346.900000000001
PROD_00086,2025-April,11.0,48836.95
PROD_00055,2023-July,9.0,5433.93
PROD_00108,2023-November,2.0,79.18
PROD_00033,2026-January,11.0,21541.91
PROD_00242,2023-May,3.0,3281.1000000000004
PROD_00214,2023-March,6.0,8279.64
PROD_00042,2026-June,11.0,20486.76
PROD_00251,2024-September,7.0,8497.72
PROD_00295,2023-February,3.0,4108.79
PROD_00019,2024-December,10.0,14452.919999999998
PROD_00243,2024-December,9.0,735.23
PROD_00244,2026-August,15.0,11892.51
PROD_00062,2026-August,9.0,45316.0
PROD_00014,2026-August,6.0,1921.8899999999999
PROD_00067,2026-August,15.0,17398.97
PROD_00018,2024-February,11.0,31507.29
PROD_00219,2023-December,6.0,887.68
PROD_00247,2024-January,12.0,2866.14
PROD_00182,2024-January,15.0,868.4100000000001
PROD_00207,2024-August,10.0,57445.100000000006
PROD_00229,2025-September,7.0,7120.75
PROD_00118,2025-March,6.0,3443.42
PROD_00121,2025-March,1.0,1267.59
PROD_00262,2026-June,14.0,11024.55
PROD_00298,2024-January,7.0,25107.19
PROD_00006,2026-April,4.0,4111.62
PROD_00055,2026-January,7.0,4268.42
PROD_00167,2023-January,9.0,7766.6
PROD_00270,2026-August,8.0,17445.519999999997
PROD_00154,2025-June,1.0,3236.32
PROD_00238,2026-February,11.0,14251.220000000001
PROD_00241,2026-January,9.0,8143.869999999999
PROD_00164,2026-January,10.0,2714.0
PROD_00105,2025-May,9.0,35039.280000000006
PROD_00086,2025-May,4.0,17915.04
PROD_00143,2023-December,15.0,8028.93
PROD_00020,2024-July,11.0,9523.98
PROD_00153,2023-April,2.0,1331.98
PROD_00164,2026-February,5.0,1365.4
PROD_00295,2026-February,4.0,5328.68
PROD_00049,2024-September,4.0,3776.47
PROD_00027,2024-July,21.0,29439.309999999998
PROD_00221,2023-July,8.0,11403.95
PROD_00100,2024-November,2.0,1191.2
PROD_00218,2025-March,12.0,27941.19
PROD_00237,2025-March,10.0,3148.06
PROD_00213,2025-June,11.0,10885.5
PROD_00063,2025-June,12.0,10164.8
PROD_00214,2026-August,10.0,13706.280000000002
PROD_00220,2026-August,5.0,9761.95
PROD_00172,2026-August,12.0,18980.82
PROD_00114,2026-August,7.0,5832.58
PROD_00043,2025-March,8.0,10293.04
PROD_00063,2025-September,12.0,10152.04
PROD_00201,2025-June,3.0,1232.67
PROD_00044,2025-July,6.0,6357.64
PROD_00095,2025-July,8.0,1152.3799999999999
PROD_00159,2025-July,14.0,12344.970000000001
PROD_00258,2025-April,4.0,3741.72
PROD_00297,2024-July,9.0,12590.060000000001
PROD_00281,2025-August,11.0,7949.78
PROD_00054,2025-August,3.0,16868.550000000003
PROD_00086,2026-January,10.0,43094.08
PROD_00112,2026-January,3.0,2004.96
PROD_00034,2025-August,15.0,6685.030000000001
PROD_00228,2024-December,5.0,25160.149999999998
PROD_00101,2024-January,5.0,5880.66
PROD_00198,2026-May,5.0,4177.53
PROD_00011,2023-March,5.0,9995.34
PROD_00105,2023-March,16.0,64860.98
PROD_00229,2024-June,2.0,2053.26
PROD_00188,2024-April,24.0,8060.41
PROD_00197,2024-June,7.0,6071.62
PROD_00147,2023-January,1.0,991.36
PROD_00229,2025-May,2.0,1970.7
PROD_00003,2025-January,9.0,13471.75
PROD_00242,2024-October,13.0,14326.880000000001
PROD_00044,2024-January,6.0,6465.92
PROD_00294,2026-April,1.0,12326.58
PROD_00076,2024-April,7.0,5617.74
PROD_00023,2023-June,4.0,640.3
PROD_00181,2026-April,9.0,22813.5
PROD_00110,2026-February,5.0,2093.19
PROD_00076,2024-January,6.0,5035.32
PROD_00254,2025-June,10.0,8001.509999999999
PROD_00296,2024-September,8.0,10464.85
PROD_00023,2026-March,15.0,2381.0699999999997
PROD_00101,2023-October,3.0,3409.1400000000003
PROD_00068,2026-June,2.0,880.5699999999999
PROD_00218,2023-November,4.0,9508.779999999999
PROD_00086,2023-October,2.0,9066.36
PROD_00078,2026-April,5.0,398.1
PROD_00203,2026-March,4.0,3428.52
PROD_00041,2026-July,3.0,2085.92
PROD_00177,2024-November,9.0,3919.16
PROD_00156,2023-May,3.0,450.88
PROD_00026,2026-July,15.0,38506.68
PROD_00149,2025-April,1.0,1050.92
PROD_00297,2025-April,4.0,5976.2
PROD_00046,2023-May,6.0,1935.9299999999998
PROD_00029,2025-December,13.0,154721.38
PROD_00186,2023-November,5.0,2134.55
PROD_00120,2024-January,8.0,3466.5299999999997
PROD_00071,2026-February,4.0,3893.04
PROD_00074,2026-February,7.0,10340.33
PROD_00219,2025-May,20.0,2878.3100000000004
PROD_00135,2025-May,7.0,3778.1499999999996
PROD_00279,2024-September,7.0,4986.02
PROD_00001,2023-December,15.0,19923.260000000002
PROD_00168,2025-July,3.0,2405.3999999999996
PROD_00171,2025-July,3.0,5524.24
PROD_00173,2026-July,4.0,199.56
PROD_00230,2025-October,6.0,5138.34
PROD_00282,2025-January,11.0,1649.76
PROD_00292,2026-May,6.0,11340.960000000001
PROD_00090,2024-June,7.0,26592.73
PROD_00186,2025-December,1.0,427.7
PROD_00186,2023-July,6.0,2620.66
PROD_00206,2023-October,5.0,8031.490000000001
PROD_00091,2024-October,17.0,24991.710000000006
PROD_00260,2025-September,3.0,3313.4800000000005
PROD_00151,2026-August,8.0,5810.7
PROD_00027,2024-November,3.0,4113.54
PROD_00254,2024-July,10.0,7904.76
PROD_00129,2025-May,11.0,111046.02
PROD_00207,2024-December,6.0,34806.94
PROD_00080,2023-January,5.0,17040.010000000002
PROD_00249,2024-September,7.0,11264.92
PROD_00274,2025-April,3.0,761.24
PROD_00252,2025-April,4.0,23564.61
PROD_00090,2025-April,2.0,7624.4
PROD_00125,2026-June,3.0,1356.81
PROD_00194,2023-March,4.0,1652.92
PROD_00192,2023-April,16.0,20644.5
PROD_00285,2023-April,9.0,28367.65
PROD_00047,2023-December,12.0,19841.44
PROD_00148,2024-December,11.0,9040.199999999999
PROD_00267,2025-February,19.0,14365.72
PROD_00233,2023-December,10.0,10055.02
PROD_00004,2025-July,6.0,13249.74
PROD_00056,2024-September,3.0,912.01
PROD_00094,2026-April,3.0,5863.96
PROD_00067,2025-October,19.0,21994.979999999996
PROD_00140,2024-October,2.0,1603.86
PROD_00111,2024-October,8.0,7842.9400000000005
PROD_00070,2023-November,9.0,26575.56
PROD_00220,2023-December,4.0,7762.82
PROD_00237,2023-April,8.0,2487.8900000000003
PROD_00190,2025-December,1.0,924.44
PROD_00071,2025-December,6.0,6136.35
PROD_00067,2025-June,14.0,16755.34
PROD_00284,2026-June,3.0,1542.2600000000002
PROD_00225,2024-April,11.0,25275.41
PROD_00124,2024-February,5.0,8914.75
PROD_00296,2023-May,6.0,7601.6
PROD_00137,2025-March,9.0,2898.3500000000004
PROD_00017,2023-March,11.0,20180.07
PROD_00126,2024-June,3.0,2793.45
PROD_00200,2025-May,6.0,3755.1000000000004
PROD_00294,2023-August,6.0,70974.32
PROD_00182,2023-February,3.0,165.45
PROD_00277,2024-March,10.0,9110.84
PROD_00249,2024-March,6.0,9429.35
PROD_00246,2024-January,1.0,3123.54
PROD_00034,2025-November,11.0,4815.929999999999
PROD_00037,2026-May,3.0,26175.75
PROD_00155,2024-October,4.0,24200.07
PROD_00280,2024-October,10.0,1362.58
PROD_00190,2025-May,14.0,12775.93
PROD_00170,2023-November,6.0,5251.96
PROD_00136,2023-April,10.0,29195.01
PROD_00283,2023-April,7.0,3789.0699999999997
PROD_00250,2023-July,5.0,12094.17
PROD_00124,2023-October,6.0,10283.22
PROD_00021,2023-October,12.0,94386.48
PROD_00055,2024-June,4.0,2523.46
PROD_00058,2026-April,9.0,719.54
PROD_00175,2026-April,11.0,20203.8
PROD_00099,2025-September,6.0,2933.8199999999997
PROD_00166,2025-March,4.0,1990.9
PROD_00070,2025-May,3.0,9085.59
PROD_00125,2025-November,4.0,1811.64
PROD_00262,2023-July,14.0,11305.26
PROD_00142,2023-July,14.0,26035.64
PROD_00166,2024-February,8.0,3947.6000000000004
PROD_00183,2023-January,9.0,104678.7
PROD_00030,2023-January,3.0,6806.37
PROD_00112,2025-August,11.0,7000.18
PROD_00264,2025-August,14.0,20973.31
PROD_00282,2026-February,2.0,288.27
PROD_00240,2025-November,7.0,2822.48
PROD_00017,2025-September,6.0,10726.09
PROD_00005,2024-October,13.0,27135.73
PROD_00256,2023-May,4.0,9580.16
PROD_00107,2024-January,8.0,4239.14
PROD_00169,2026-January,15.0,30796.78
PROD_00109,2026-January,4.0,8293.080000000002
PROD_00294,2026-June,2.0,23903.550000000003
PROD_00139,2024-August,9.0,257.69
PROD_00058,2024-April,8.0,629.24
PROD_00139,2024-December,10.0,293.78999999999996
PROD_00003,2023-December,25.0,37554.81
PROD_00037,2025-March,3.0,27288.120000000003
PROD_00139,2025-July,6.0,179.46
PROD_00062,2024-June,9.0,45607.59
PROD_00226,2023-February,6.0,1364.63
PROD_00220,2025-October,11.0,21680.5
PROD_00290,2026-February,19.0,1850.0099999999998
PROD_00259,2026-February,5.0,3110.0299999999997
PROD_00110,2024-November,7.0,2897.21
PROD_00071,2024-November,4.0,4137.17
PROD_00127,2026-August,6.0,8200.5
PROD_00218,2026-April,13.0,30484.299999999996
PROD_00088,2024-March,1.0,175.86
PROD_00122,2024-November,3.0,635.78
PROD_00292,2026-July,13.0,24280.9
PROD_00069,2024-March,10.0,15656.099999999999
PROD_00005,2025-February,4.0,8210.279999999999
PROD_00152,2024-August,2.0,2012.36
PROD_00255,2023-April,2.0,4399.4
PROD_00185,2024-January,5.0,17913.9
PROD_00185,2024-April,3.0,10871.1
PROD_00117,2024-April,8.0,1659.2400000000002
PROD_00093,2026-March,4.0,1825.56
PROD_00157,2025-October,14.0,45546.61
PROD_00237,2023-September,1.0,315.54
PROD_00008,2023-September,6.0,19761.6
PROD_00248,2023-November,6.0,3940.24
PROD_00276,2023-November,16.0,17740.73
PROD_00137,2025-September,6.0,1920.2399999999998
PROD_00010,2025-September,1.0,912.8
PROD_00268,2026-April,4.0,6470.19
PROD_00002,2025-November,1.0,6172.33
PROD_00044,2026-March,10.0,10838.01
PROD_00048,2025-May,9.0,12826.32
PROD_00020,2023-January,3.0,2497.6499999999996
PROD_00035,2026-March,13.0,14328.5
PROD_00036,2026-August,2.0,7773.98
PROD_00165,2026-August,5.0,5663.85
PROD_00133,2024-May,8.0,19405.14
PROD_00064,2023-July,9.0,20260.07
PROD_00160,2023-July,12.0,36187.509999999995
PROD_00067,2025-January,13.0,15167.14
PROD_00269,2025-January,5.0,6674.83
PROD_00205,2026-January,9.0,3557.01
PROD_00095,2025-October,11.0,1557.1600000000003
PROD_00127,2025-May,6.0,8195.6
PROD_00172,2026-January,5.0,7396.629999999999
PROD_00248,2026-February,7.0,4608.74
PROD_00124,2024-May,3.0,5259.95
PROD_00145,2025-November,1.0,8539.87
PROD_00134,2023-May,10.0,11809.97
PROD_00101,2025-March,6.0,7010.92
PROD_00291,2025-September,17.0,15206.83
PROD_00169,2023-July,13.0,26856.34
PROD_00083,2025-December,10.0,12913.84
PROD_00103,2026-July,2.0,1638.34
PROD_00187,2024-August,14.0,38668.38
PROD_00209,2024-August,13.0,74609.70999999999
PROD_00299,2023-March,8.0,1707.46
PROD_00175,2026-May,10.0,18246.420000000002
PROD_00141,2023-February,13.0,22195.09
PROD_00005,2024-July,13.0,27443.65
PROD_00261,2026-January,10.0,63717.350000000006
PROD_00288,2024-March,4.0,9083.12
PROD_00294,2026-August,2.0,23731.12
PROD_00149,2025-November,8.0,8609.92
PROD_00070,2023-October,1.0,2915.68
PROD_00152,2023-December,8.0,8009.12
PROD_00042,2025-June,2.0,3696.75
PROD_00123,2024-January,7.0,3292.73
PROD_00299,2023-February,2.0,449.14
PROD_00248,2023-February,3.0,2024.6200000000001
PROD_00062,2024-February,15.0,73930.84999999999
PROD_00145,2023-August,3.0,25174.29
PROD_00188,2024-March,5.0,1695.28
PROD_00229,2025-October,3.0,3041.82
PROD_00122,2025-April,7.0,1470.1599999999999
PROD_00276,2023-December,7.0,7526.049999999999
PROD_00107,2023-December,6.0,3148.72
PROD_00296,2023-July,7.0,9204.800000000001
PROD_00260,2025-February,5.0,5529.93
PROD_00252,2023-October,4.0,22963.48
PROD_00213,2023-November,10.0,9657.85
PROD_00199,2023-November,3.0,1369.8
PROD_00082,2025-January,4.0,5864.28
PROD_00180,2026-May,11.0,5455.610000000001
PROD_00189,2026-May,17.0,35521.310000000005
PROD_00243,2024-April,9.0,756.78
PROD_00059,2024-April,7.0,15684.619999999999
PROD_00251,2026-April,1.0,1226.95
PROD_00275,2025-January,3.0,1177.53
PROD_00196,2024-November,6.0,2399.84
PROD_00218,2025-November,9.0,22033.18
PROD_00237,2026-August,4.0,1284.56
PROD_00144,2026-August,4.0,2218.0
PROD_00079,2025-October,11.0,15108.94
PROD_00143,2024-February,9.0,4797.29
PROD_00145,2025-October,9.0,78734.20999999999
PROD_00219,2025-October,10.0,1419.3899999999999
PROD_00031,2023-November,5.0,7700.84
PROD_00019,2023-December,1.0,1479.94
PROD_00070,2023-March,5.0,15674.300000000001
PROD_00036,2023-October,5.0,18383.71
PROD_00296,2025-July,13.0,17051.57
PROD_00183,2025-July,5.0,59744.7
PROD_00207,2025-July,6.0,35221.84
PROD_00026,2025-February,9.0,22507.620000000003
PROD_00231,2025-February,1.0,2826.8
PROD_00050,2023-October,5.0,5325.95
PROD_00113,2023-January,4.0,217.88
PROD_00087,2023-August,6.0,43625.729999999996
PROD_00289,2024-January,7.0,19477.04
PROD_00212,2023-March,10.0,9092.34
PROD_00283,2023-October,8.0,4293.280000000001
PROD_00180,2025-February,5.0,2555.25
PROD_00210,2024-February,4.0,1933.0400000000002
PROD_00094,2024-August,4.0,8125.76
PROD_00181,2025-January,16.0,40472.48
PROD_00069,2025-September,11.0,17240.7
PROD_00146,2026-May,14.0,4157.02
PROD_00027,2026-May,1.0,1250.87
PROD_00135,2025-October,11.0,6243.65
PROD_00224,2023-April,4.0,7521.4
PROD_00051,2023-November,8.0,2654.24
PROD_00189,2023-November,11.0,22750.85
PROD_00257,2025-December,4.0,9457.0
PROD_00292,2026-March,4.0,7512.68
PROD_00240,2026-March,3.0,1204.76
PROD_00165,2023-October,8.0,9138.82
PROD_00006,2025-September,9.0,9140.49
PROD_00039,2026-March,6.0,28582.589999999997
PROD_00274,2026-March,1.0,261.12
PROD_00005,2026-March,10.0,21154.05
PROD_00292,2024-January,9.0,16490.16
PROD_00170,2026-May,3.0,2701.59
PROD_00055,2023-April,12.0,7258.0599999999995
PROD_00161,2023-January,6.0,2510.64
PROD_00100,2023-January,9.0,5148.030000000001
PROD_00068,2024-January,6.0,2670.7799999999997
PROD_00158,2024-January,6.0,5494.93
PROD_00134,2023-March,14.0,16532.08
PROD_00149,2023-December,1.0,1045.54
PROD_00095,2024-December,12.0,1734.06
PROD_00167,2026-February,5.0,4494.650000000001
PROD_00201,2026-May,5.0,2091.7
PROD_00064,2024-September,3.0,6551.76
PROD_00061,2023-August,7.0,7194.259999999999
PROD_00277,2024-January,7.0,6396.95
PROD_00205,2024-January,2.0,821.16
PROD_00046,2025-February,4.0,1250.5
PROD_00269,2026-August,13.0,17144.37
PROD_00163,2023-November,7.0,47739.020000000004
PROD_00021,2023-November,10.0,83983.41999999998
PROD_00249,2023-April,9.0,14614.65
PROD_00206,2025-June,9.0,14223.880000000001
PROD_00104,2026-August,10.0,31015.100000000002
PROD_00107,2026-May,7.0,3760.4399999999996
PROD_00212,2023-November,20.0,17647.18
PROD_00137,2023-September,5.0,1549.46
PROD_00271,2024-June,7.0,3059.8199999999997
PROD_00287,2025-January,2.0,2497.28
PROD_00235,2023-April,17.0,1995.18
PROD_00098,2024-July,11.0,7511.66
PROD_00275,2024-February,6.0,2364.59
PROD_00177,2025-December,4.0,1659.37
PROD_00245,2026-March,4.0,525.48
PROD_00002,2026-July,1.0,6109.93
PROD_00054,2023-July,4.0,23980.32
PROD_00195,2023-November,12.0,7719.76
PROD_00287,2025-September,1.0,1216.48
PROD_00110,2024-December,5.0,2052.8399999999997
PROD_00249,2025-August,13.0,21324.87
PROD_00067,2023-September,6.0,7038.42
PROD_00124,2024-November,7.0,11681.550000000001
PROD_00043,2024-November,4.0,5396.67
PROD_00003,2024-September,3.0,4508.97
PROD_00016,2025-December,9.0,38208.74
PROD_00033,2024-June,5.0,9800.57
PROD_00199,2023-June,7.0,3184.8199999999997
PROD_00216,2023-October,3.0,2048.53
PROD_00146,2024-November,9.0,2675.6400000000003
PROD_00013,2025-May,5.0,2516.15
PROD_00040,2025-July,9.0,4215.9
PROD_00002,2023-February,5.0,30302.199999999997
PROD_00001,2023-February,2.0,2533.52
PROD_00276,2023-January,2.0,2211.88
PROD_00232,2026-July,11.0,16634.27
PROD_00117,2025-April,3.0,612.87
PROD_00099,2024-October,6.0,2826.31
PROD_00274,2024-December,1.0,264.65
PROD_00257,2025-July,14.0,33309.090000000004
PROD_00296,2026-January,17.0,20843.42
PROD_00069,2025-December,6.0,9253.86
PROD_00120,2026-February,5.0,2186.65
PROD_00131,2025-October,12.0,11172.09
PROD_00183,2023-December,10.0,121787.86
PROD_00066,2023-December,4.0,1359.96
PROD_00133,2025-December,1.0,2440.84
PROD_00111,2025-December,1.0,990.99
PROD_00093,2024-February,7.0,3141.26
PROD_00116,2023-August,6.0,7523.49
PROD_00202,2024-June,5.0,8463.75
PROD_00203,2025-February,3.0,2449.96
PROD_00015,2024-December,6.0,3059.52
PROD_00180,2025-April,4.0,1922.89
PROD_00158,2025-April,8.0,6932.41
PROD_00135,2024-January,2.0,1089.52
PROD_00009,2024-January,15.0,19539.16
PROD_00061,2026-May,10.0,10307.4
PROD_00217,2025-May,3.0,1004.67
PROD_00182,2025-July,4.0,235.24
PROD_00197,2023-August,9.0,7709.74
PROD_00168,2025-November,5.0,3994.7300000000005
PROD_00246,2025-November,20.0,63657.89
PROD_00134,2024-April,14.0,16485.260000000002
PROD_00283,2026-January,7.0,3837.35
PROD_00237,2024-April,4.0,1268.73
PROD_00239,2024-January,4.0,1312.38
PROD_00019,2023-April,1.0,1453.23
PROD_00133,2023-April,5.0,12637.039999999999
PROD_00212,2025-August,3.0,2627.01
PROD_00265,2023-January,2.0,2967.1
PROD_00003,2023-January,17.0,25286.019999999997
PROD_00033,2025-May,14.0,27336.96
PROD_00168,2024-June,4.0,3134.86
PROD_00215,2023-March,6.0,14123.14
PROD_00181,2023-October,2.0,5027.32
PROD_00130,2023-October,7.0,2346.63
PROD_00032,2024-February,6.0,7239.75
PROD_00204,2024-July,1.0,7943.94
PROD_00149,2025-August,9.0,9280.23
PROD_00168,2024-December,4.0,3290.06
PROD_00116,2024-December,6.0,7637.879999999999
PROD_00086,2024-December,5.0,22460.230000000003
PROD_00002,2023-August,11.0,65027.86
PROD_00274,2023-August,2.0,516.38
PROD_00203,2025-May,13.0,11138.470000000001
PROD_00071,2023-May,15.0,15278.199999999999
PROD_00171,2025-May,9.0,16355.46
PROD_00174,2024-May,12.0,5079.52
PROD_00287,2023-May,5.0,6356.77
PROD_00028,2023-July,12.0,5509.530000000001
PROD_00126,2023-July,13.0,12071.130000000001
PROD_00051,2024-February,12.0,4112.360000000001
PROD_00205,2023-August,10.0,4010.5999999999995
PROD_00212,2023-August,19.0,16989.32
PROD_00201,2023-November,5.0,2175.33
PROD_00099,2025-November,12.0,5644.24
PROD_00238,2024-December,6.0,7886.9
PROD_00066,2026-January,6.0,2037.66
PROD_00203,2026-July,11.0,9061.92
PROD_00006,2026-March,7.0,7081.160000000001
PROD_00181,2025-August,8.0,20009.46
PROD_00058,2025-August,6.0,496.08
PROD_00048,2024-April,8.0,10867.9
PROD_00284,2024-August,4.0,1962.96
PROD_00186,2025-February,19.0,8042.75
PROD_00096,2023-August,6.0,16614.2
PROD_00125,2026-February,2.0,907.44
PROD_00266,2026-February,6.0,3339.78
PROD_00277,2024-October,9.0,8555.24
PROD_00276,2024-February,6.0,6486.32
PROD_00275,2023-August,6.0,2328.2
PROD_00230,2024-April,9.0,7476.950000000001
PROD_00264,2025-October,13.0,19788.57
PROD_00052,2025-May,4.0,12230.48
PROD_00119,2023-July,5.0,5963.450000000001
PROD_00300,2023-March,21.0,11890.77
PROD_00240,2026-July,5.0,1992.33
PROD_00252,2024-August,3.0,17772.01
PROD_00214,2026-June,2.0,2678.66
PROD_00234,2023-November,10.0,7220.4
PROD_00236,2026-March,3.0,347.15
PROD_00224,2023-June,5.0,8513.75
PROD_00039,2023-April,3.0,13619.34
PROD_00011,2025-March,12.0,24103.25
PROD_00082,2025-November,6.0,9346.46
PROD_00051,2023-May,14.0,4721.25
PROD_00037,2023-May,7.0,62454.5
PROD_00080,2023-April,1.0,3350.7
PROD_00006,2024-April,5.0,5101.42
PROD_00032,2024-April,1.0,1173.49
PROD_00152,2026-July,11.0,10717.550000000001
PROD_00077,2025-April,6.0,5712.1900000000005
PROD_00021,2025-April,3.0,24787.71
PROD_00237,2026-June,2.0,638.66
PROD_00233,2026-June,3.0,3104.76
PROD_00198,2024-June,17.0,14581.659999999998
PROD_00260,2025-April,7.0,7436.219999999999
PROD_00147,2026-February,8.0,7981.929999999999
PROD_00170,2025-January,5.0,4560.950000000001
PROD_00202,2024-November,7.0,12028.85
PROD_00083,2024-March,4.0,5036.0599999999995
PROD_00295,2024-February,12.0,16657.25
PROD_00267,2023-August,6.0,4547.25
PROD_00252,2024-February,5.0,28818.12
PROD_00095,2024-April,6.0,867.06
PROD_00055,2024-April,3.0,1778.91
PROD_00022,2026-March,9.0,2031.82
PROD_00227,2023-September,17.0,35149.880000000005
PROD_00025,2026-February,11.0,32847.369999999995
PROD_00187,2026-February,9.0,24708.76
PROD_00215,2025-December,8.0,19348.46
PROD_00300,2024-April,4.0,2290.5099999999998
PROD_00092,2024-February,10.0,10825.19
PROD_00127,2024-August,18.0,23600.460000000003
PROD_00173,2024-June,6.0,285.61
PROD_00221,2024-June,8.0,11319.76
PROD_00222,2025-March,7.0,11364.19
PROD_00285,2023-September,11.0,33084.57
PROD_00172,2023-August,16.0,24276.82
PROD_00168,2025-June,10.0,7807.779999999999
PROD_00161,2025-June,9.0,3716.66
PROD_00288,2026-March,11.0,23903.43
PROD_00236,2026-February,2.0,240.58
PROD_00261,2026-February,10.0,64130.86
PROD_00120,2024-September,4.0,1698.88
PROD_00215,2024-September,5.0,11811.26
PROD_00154,2025-August,9.0,27910.839999999997
PROD_00241,2025-August,7.0,6235.64
PROD_00191,2024-April,4.0,5787.6
PROD_00095,2024-August,20.0,2930.4300000000003
PROD_00213,2024-August,10.0,10168.800000000001
PROD_00019,2023-January,9.0,13352.189999999999
PROD_00265,2024-October,6.0,9442.83
PROD_00096,2024-October,11.0,31147.05
PROD_00227,2025-April,6.0,12173.619999999999
PROD_00032,2025-February,5.0,6261.68
PROD_00218,2024-May,3.0,7312.9400000000005
PROD_00169,2026-August,13.0,26980.36
PROD_00164,2024-November,2.0,548.52
PROD_00247,2024-November,12.0,2820.4399999999996
PROD_00222,2024-July,11.0,18317.559999999998
PROD_00195,2024-February,5.0,3145.99
PROD_00163,2024-November,2.0,14296.64
PROD_00142,2023-May,6.0,11390.58
PROD_00254,2023-May,13.0,10027.58
PROD_00022,2024-March,7.0,1580.36
PROD_00173,2023-February,4.0,189.12
PROD_00037,2023-October,9.0,79772.07
PROD_00177,2023-August,2.0,911.3
PROD_00168,2023-May,4.0,3181.1400000000003
PROD_00071,2023-April,1.0,1021.58
PROD_00294,2026-January,13.0,154528.81
PROD_00159,2024-January,7.0,6397.4
PROD_00170,2025-October,8.0,7426.299999999999
PROD_00031,2023-July,7.0,10434.62
PROD_00092,2025-July,3.0,3245.17
PROD_00088,2025-August,6.0,1094.62
PROD_00106,2025-September,13.0,6913.139999999999
PROD_00141,2025-December,14.0,23358.18
PROD_00197,2024-April,1.0,871.8
PROD_00007,2025-December,8.0,10535.439999999999
PROD_00066,2024-June,7.0,2300.0600000000004
PROD_00037,2023-January,12.0,106420.56999999999
PROD_00117,2023-January,8.0,1691.9
PROD_00227,2025-June,1.0,2158.06
PROD_00058,2024-November,5.0,411.61
PROD_00251,2026-June,7.0,8504.34
PROD_00214,2024-August,5.0,6600.009999999999
PROD_00143,2025-June,4.0,2254.68
PROD_00021,2024-April,5.0,39919.26
PROD_00176,2024-March,18.0,19604.08
PROD_00123,2026-April,8.0,3626.1200000000003
PROD_00034,2023-November,9.0,3894.22
PROD_00197,2023-November,17.0,14926.93
PROD_00034,2025-December,6.0,2698.81
PROD_00076,2023-June,8.0,6419.959999999999
PROD_00183,2023-June,12.0,146854.19999999998
PROD_00181,2025-July,7.0,17633.1
PROD_00023,2024-October,10.0,1579.82
PROD_00144,2024-October,3.0,1628.94
PROD_00042,2024-October,9.0,16472.28
PROD_00134,2024-October,11.0,13330.810000000001
PROD_00291,2023-June,3.0,2594.55
PROD_00095,2024-May,4.0,564.27
PROD_00068,2023-November,1.0,436.37
PROD_00078,2023-February,1.0,80.93
PROD_00272,2026-March,14.0,26978.59
PROD_00149,2025-March,5.0,5192.49
PROD_00141,2026-July,3.0,4962.17
PROD_00208,2025-March,15.0,7900.619999999999
PROD_00125,2023-September,10.0,4649.97
PROD_00226,2025-October,8.0,1867.71
PROD_00050,2023-July,8.0,8637.66
PROD_00200,2023-July,10.0,6441.86
PROD_00284,2024-March,21.0,10608.830000000002
PROD_00178,2023-November,6.0,5050.32
PROD_00092,2023-August,3.0,3291.54
PROD_00296,2025-October,13.0,16458.829999999998
PROD_00005,2025-August,2.0,4307.78
PROD_00163,2024-May,7.0,47746.340000000004
PROD_00263,2025-September,11.0,2615.44
PROD_00256,2026-August,4.0,9802.64
PROD_00175,2023-February,3.0,5406.54
PROD_00182,2023-May,21.0,1191.22
PROD_00230,2023-May,6.0,5136.84
PROD_00290,2026-August,2.0,191.04
PROD_00024,2026-August,4.0,3593.1099999999997
PROD_00133,2025-October,2.0,4935.8
PROD_00227,2025-August,1.0,2075.85
PROD_00256,2026-May,1.0,2344.43
PROD_00233,2024-August,10.0,10536.640000000001
PROD_00107,2024-August,8.0,4349.16
PROD_00030,2024-October,9.0,19562.57
PROD_00061,2024-November,9.0,9525.54
PROD_00041,2024-January,2.0,1396.75
PROD_00054,2023-October,5.0,29313.33
PROD_00144,2026-June,10.0,5517.68
PROD_00064,2023-November,8.0,17571.17
PROD_00182,2025-November,3.0,171.17
PROD_00017,2023-February,2.0,3782.54
PROD_00078,2025-October,9.0,729.9
PROD_00233,2026-January,5.0,5404.77
PROD_00034,2025-October,1.0,459.22
PROD_00017,2025-October,7.0,12882.66
PROD_00079,2024-September,6.0,8598.84
PROD_00280,2024-September,11.0,1450.23
PROD_00144,2023-August,5.0,2755.5099999999998
PROD_00253,2025-December,5.0,5092.18
PROD_00049,2026-May,2.0,2045.88
PROD_00225,2023-August,2.0,4701.1
PROD_00171,2023-January,5.0,8910.64
PROD_00111,2023-November,10.0,9632.14
PROD_00296,2024-December,11.0,14112.82
PROD_00026,2025-June,6.0,15192.32
PROD_00232,2024-May,13.0,19718.879999999997
PROD_00201,2023-September,4.0,1678.84
PROD_00068,2025-July,6.0,2602.88
PROD_00217,2023-May,5.0,1615.64
PROD_00240,2026-February,4.0,1682.22
PROD_00294,2026-March,18.0,213143.09999999998
PROD_00025,2024-December,1.0,2882.04
PROD_00245,2024-December,1.0,128.6
PROD_00055,2024-September,2.0,1216.76
PROD_00140,2023-October,2.0,1618.48
PROD_00175,2025-January,4.0,7273.62
PROD_00039,2023-September,5.0,25166.65
PROD_00283,2023-November,26.0,14146.18
PROD_00121,2024-December,3.0,3702.71
PROD_00242,2024-September,11.0,12142.869999999999
PROD_00222,2024-September,9.0,14362.310000000001
PROD_00092,2026-May,15.0,16914.489999999998
PROD_00296,2026-May,11.0,14173.970000000001
PROD_00151,2025-May,1.0,728.67
PROD_00260,2023-November,1.0,1108.41
PROD_00021,2024-February,4.0,32434.64
PROD_00243,2025-August,3.0,244.35000000000002
PROD_00206,2024-January,7.0,11320.67
PROD_00041,2025-May,11.0,7457.75
PROD_00233,2023-March,8.0,8064.58
PROD_00060,2023-March,8.0,20992.86
PROD_00083,2025-August,7.0,9020.24
PROD_00270,2023-February,3.0,6582.1
PROD_00006,2023-December,7.0,6892.299999999999
PROD_00087,2025-April,13.0,96234.57
PROD_00104,2025-April,11.0,34048.62
PROD_00189,2025-January,1.0,2082.61
PROD_00140,2025-January,14.0,11374.85
PROD_00266,2024-June,11.0,6487.38
PROD_00198,2024-July,10.0,8890.78
PROD_00047,2024-July,9.0,14832.779999999999
PROD_00192,2025-April,1.0,1322.28
PROD_00296,2025-April,3.0,3969.57
PROD_00099,2023-June,9.0,4165.8099999999995
PROD_00082,2025-October,11.0,17244.83
PROD_00158,2025-October,1.0,818.17
PROD_00110,2023-July,2.0,834.11
PROD_00078,2025-November,2.0,167.26
PROD_00259,2023-March,8.0,4774.219999999999
PROD_00052,2024-January,8.0,22987.28
PROD_00108,2024-January,5.0,195.96
PROD_00266,2025-March,1.0,578.4
PROD_00139,2025-March,7.0,207.3
PROD_00001,2024-January,3.0,3834.54
PROD_00027,2023-September,6.0,8371.56
PROD_00274,2023-May,12.0,3168.13
PROD_00097,2024-September,4.0,21002.51
PROD_00210,2024-November,3.0,1384.56
PROD_00234,2023-February,6.0,4388.04
PROD_00157,2023-June,13.0,41662.55
PROD_00070,2025-September,5.0,15502.73
PROD_00124,2025-August,2.0,3643.1
PROD_00132,2025-March,7.0,1075.09
PROD_00113,2025-August,14.0,761.29
PROD_00268,2024-May,7.0,11387.73
PROD_00292,2025-December,6.0,11371.26
PROD_00031,2023-December,18.0,26868.9
PROD_00042,2023-December,23.0,41535.63
PROD_00231,2024-August,4.0,11949.939999999999
PROD_00160,2025-April,3.0,9118.59
PROD_00088,2024-July,1.0,170.75
PROD_00034,2025-June,10.0,4313.75
PROD_00258,2025-June,6.0,5738.68
PROD_00256,2026-April,11.0,25788.54
PROD_00178,2024-August,6.0,5005.55
PROD_00101,2024-August,18.0,21089.690000000002
PROD_00291,2026-May,1.0,834.68
PROD_00188,2026-August,1.0,323.43
PROD_00074,2024-September,4.0,5998.18
PROD_00207,2025-December,14.0,82590.2
PROD_00063,2024-March,13.0,11003.53
PROD_00211,2023-November,6.0,9646.92
PROD_00189,2026-February,3.0,6253.92
PROD_00198,2025-October,8.0,6895.66
PROD_00073,2024-April,2.0,718.3399999999999
PROD_00257,2026-March,2.0,4663.6
PROD_00181,2023-March,5.0,12900.85
PROD_00227,2023-March,5.0,10092.55
PROD_00072,2023-March,9.0,5366.91
PROD_00041,2025-February,5.0,3393.83
PROD_00192,2025-February,21.0,26624.379999999997
PROD_00009,2025-August,1.0,1351.56
PROD_00148,2023-May,9.0,7333.039999999999
PROD_00210,2024-May,15.0,7361.0
PROD_00233,2024-May,3.0,3129.75
PROD_00280,2024-April,1.0,133.82
PROD_00279,2024-December,10.0,7100.4
PROD_00237,2023-February,9.0,2742.6099999999997
PROD_00064,2026-June,5.0,11318.8
PROD_00152,2023-January,6.0,5879.25
PROD_00228,2023-March,24.0,115805.31000000001
PROD_00140,2023-August,4.0,3294.07
PROD_00242,2026-June,7.0,7897.05
PROD_00165,2024-April,9.0,10557.16
PROD_00147,2024-September,2.0,1979.81
PROD_00048,2024-January,11.0,14777.7
PROD_00124,2024-August,2.0,3499.18
PROD_00085,2026-February,11.0,7738.950000000001
PROD_00140,2025-July,7.0,5517.6900000000005
PROD_00174,2024-November,15.0,6385.94
PROD_00239,2024-April,6.0,1874.16
PROD_00097,2023-August,7.0,35292.39
PROD_00298,2023-May,9.0,32064.43
PROD_00022,2025-June,1.0,222.07
PROD_00040,2025-June,13.0,6126.33
PROD_00153,2026-April,5.0,3167.1099999999997
PROD_00183,2026-February,2.0,22916.06
PROD_00165,2025-June,3.0,3311.46
PROD_00083,2024-May,10.0,12739.34
PROD_00131,2023-November,4.0,3728.6
PROD_00177,2025-February,5.0,2223.29
PROD_00126,2025-February,5.0,4664.3
PROD_00028,2024-January,5.0,2361.0
PROD_00202,2025-January,13.0,22281.879999999997
PROD_00242,2025-January,1.0,1084.12
PROD_00158,2026-February,11.0,9912.06
PROD_00210,2026-January,4.0,1902.6000000000001
PROD_00256,2023-March,26.0,60565.600000000006
PROD_00170,2024-May,5.0,4493.28
PROD_00093,2024-October,3.0,1352.04
PROD_00238,2025-May,8.0,10430.909999999998
PROD_00014,2024-April,15.0,4654.13
PROD_00218,2024-April,1.0,2413.09
PROD_00048,2025-March,2.0,2785.31
PROD_00176,2026-May,5.0,5660.2699999999995
PROD_00129,2024-August,5.0,50380.42
PROD_00037,2024-August,18.0,155764.8
PROD_00276,2025-August,15.0,16478.28
PROD_00268,2024-September,7.0,11225.009999999998
PROD_00152,2025-June,20.0,19764.04
PROD_00198,2026-March,15.0,12905.540000000003
PROD_00294,2025-September,12.0,140964.21
PROD_00222,2026-May,1.0,1608.69
PROD_00101,2024-June,5.0,6092.25
PROD_00109,2024-August,3.0,6123.8099999999995
PROD_00296,2025-January,13.0,16999.16
PROD_00146,2024-December,4.0,1175.8
PROD_00051,2023-October,4.0,1304.56
PROD_00232,2025-September,3.0,4507.01
PROD_00215,2026-May,9.0,21061.53
PROD_00279,2026-March,20.0,14123.57
PROD_00075,2025-June,15.0,21391.54
PROD_00220,2025-September,7.0,14100.400000000001
PROD_00159,2024-April,12.0,10753.14
PROD_00125,2025-February,10.0,4359.23
PROD_00101,2026-May,4.0,4656.860000000001
PROD_00219,2023-June,10.0,1415.16
PROD_00285,2025-December,6.0,18274.989999999998
PROD_00026,2026-June,12.0,30628.589999999997
PROD_00133,2026-June,9.0,21755.32
PROD_00180,2025-July,3.0,1562.19
PROD_00084,2024-July,1.0,1115.87
PROD_00278,2026-April,9.0,19057.780000000002
PROD_00179,2026-April,12.0,22356.53
PROD_00109,2023-May,4.0,8250.96
PROD_00284,2025-May,6.0,3023.46
PROD_00158,2023-June,9.0,7884.02
PROD_00215,2026-February,1.0,2494.72
PROD_00287,2024-November,22.0,27825.100000000002
PROD_00067,2024-March,3.0,3485.6800000000003
PROD_00109,2024-March,14.0,28671.69
PROD_00128,2023-January,2.0,2043.94
PROD_00213,2023-December,3.0,2918.69
PROD_00230,2025-July,3.0,2652.7200000000003
PROD_00134,2024-January,2.0,2298.1
PROD_00266,2025-June,17.0,9826.11
PROD_00246,2025-September,3.0,9449.5
PROD_00031,2025-February,2.0,3056.6
PROD_00192,2024-March,5.0,6463.92
PROD_00243,2024-January,8.0,646.5799999999999
PROD_00274,2025-September,8.0,2109.1499999999996
PROD_00260,2025-July,8.0,9192.460000000001
PROD_00053,2025-February,4.0,17191.88
PROD_00133,2025-February,13.0,31589.149999999998
PROD_00082,2023-January,7.0,10243.17
PROD_00026,2025-September,4.0,9842.24
PROD_00216,2023-July,5.0,3391.06
PROD_00223,2024-August,7.0,16347.21
PROD_00037,2024-February,8.0,71757.76
PROD_00237,2024-February,9.0,2829.57
PROD_00174,2024-August,3.0,1314.78
PROD_00148,2023-June,9.0,7247.64
PROD_00034,2024-February,11.0,4776.51
PROD_00143,2026-June,1.0,525.85
PROD_00163,2023-April,2.0,13984.17
PROD_00078,2023-October,7.0,549.71
PROD_00160,2024-October,6.0,18799.01
PROD_00160,2024-November,11.0,34325.99
PROD_00196,2025-May,15.0,5914.64
PROD_00140,2025-May,4.0,3387.71
PROD_00179,2024-January,6.0,11372.16
PROD_00061,2023-November,1.0,1037.82
PROD_00258,2025-September,4.0,3900.8
PROD_00119,2026-April,10.0,11679.86
PROD_00006,2026-January,13.0,13136.26
PROD_00193,2023-June,5.0,4459.58
PROD_00184,2023-June,6.0,30879.809999999998
PROD_00191,2024-February,3.0,4269.62
PROD_00155,2024-June,2.0,11191.0
PROD_00001,2024-June,5.0,6324.620000000001
PROD_00074,2023-February,14.0,20266.46
PROD_00254,2026-March,1.0,783.99
PROD_00296,2025-February,7.0,9336.39
PROD_00127,2025-February,2.0,2680.29
PROD_00128,2024-April,14.0,14387.82
PROD_00065,2025-April,5.0,2895.85
PROD_00193,2025-October,30.0,26169.84
PROD_00257,2023-August,15.0,34535.66
PROD_00077,2025-August,6.0,5585.43
PROD_00210,2026-June,8.0,3703.8
PROD_00223,2024-April,7.0,15904.56
PROD_00215,2024-July,6.0,14434.44
PROD_00072,2025-September,6.0,3319.7999999999997
PROD_00100,2023-December,5.0,3065.87
PROD_00126,2024-February,2.0,1916.14
PROD_00092,2023-May,6.0,6380.3
PROD_00180,2023-May,6.0,2991.04
PROD_00159,2024-November,11.0,9945.130000000001
PROD_00155,2023-July,5.0,29074.01
PROD_00065,2026-January,2.0,1183.56
PROD_00012,2024-March,5.0,2665.07
PROD_00134,2026-March,3.0,3459.6400000000003
PROD_00147,2023-December,7.0,6897.16
PROD_00042,2023-April,6.0,11159.94
PROD_00173,2025-October,7.0,340.02
PROD_00217,2025-October,7.0,2288.2
PROD_00190,2025-March,4.0,3769.64
PROD_00274,2023-January,1.0,263.9
PROD_00201,2026-January,11.0,4742.61
PROD_00196,2026-March,6.0,2442.84
PROD_00200,2024-October,8.0,5113.52
PROD_00207,2024-October,11.0,62791.09999999999
PROD_00234,2025-January,9.0,6541.99
PROD_00113,2024-September,1.0,54.17
PROD_00131,2024-September,3.0,2739.08
PROD_00217,2024-February,8.0,2595.96
PROD_00126,2023-April,5.0,4621.9
PROD_00113,2026-January,5.0,269.75
PROD_00147,2024-March,12.0,11691.349999999999
PROD_00001,2024-December,2.0,2462.72
PROD_00105,2026-March,3.0,12158.65
PROD_00036,2024-November,6.0,22462.8
PROD_00256,2023-September,17.0,39537.95
PROD_00178,2025-February,6.0,5099.16
PROD_00199,2023-January,13.0,5897.240000000001
PROD_00021,2025-March,5.0,40614.42
PROD_00151,2024-April,12.0,8722.8
PROD_00145,2023-November,7.0,59109.32
PROD_00299,2026-January,4.0,898.04
PROD_00149,2025-July,9.0,9276.22
PROD_00053,2024-May,17.0,74896.73
PROD_00256,2025-August,13.0,31274.83
PROD_00008,2023-May,13.0,42645.38
PROD_00144,2024-February,6.0,3187.6800000000003
PROD_00021,2025-July,15.0,126153.72
PROD_00144,2024-December,4.0,2179.4
PROD_00099,2025-June,3.0,1388.6399999999999
PROD_00147,2026-August,7.0,7007.93
PROD_00128,2025-October,11.0,11570.79
PROD_00146,2026-March,13.0,3790.34
PROD_00035,2025-July,4.0,4350.48
PROD_00033,2023-October,12.0,23135.93
PROD_00190,2025-November,7.0,6261.62
PROD_00169,2024-December,11.0,22530.05
PROD_00103,2023-November,8.0,6623.38
PROD_00243,2025-June,20.0,1681.79
PROD_00036,2024-July,3.0,10888.380000000001
PROD_00266,2024-December,5.0,2769.45
PROD_00012,2026-February,16.0,8591.42
PROD_00078,2023-June,13.0,1071.45
PROD_00272,2023-June,3.0,5697.450000000001
PROD_00066,2023-July,9.0,3104.96
PROD_00195,2026-January,7.0,4455.1900000000005
PROD_00121,2026-March,9.0,11434.76
PROD_00009,2024-December,5.0,6672.55
PROD_00210,2023-March,12.0,5732.610000000001
PROD_00114,2026-February,1.0,852.92
PROD_00224,2026-February,10.0,17798.04
PROD_00004,2023-March,8.0,17413.559999999998
PROD_00241,2023-April,14.0,12705.05
PROD_00289,2024-September,8.0,22029.78
PROD_00187,2024-September,10.0,27035.83
PROD_00035,2025-December,6.0,6569.74
PROD_00161,2026-May,6.0,2520.0
PROD_00262,2023-May,19.0,14779.51
PROD_00108,2023-July,12.0,472.35
PROD_00284,2025-October,10.0,5192.73
PROD_00296,2025-March,1.0,1321.95
PROD_00247,2025-March,3.0,696.51
PROD_00220,2025-January,16.0,31222.059999999998
PROD_00178,2025-January,15.0,12464.119999999999
PROD_00002,2023-April,2.0,12002.16
PROD_00192,2025-June,2.0,2548.74
PROD_00127,2023-September,1.0,1318.95
PROD_00066,2023-September,1.0,332.21
PROD_00198,2024-October,1.0,804.28
PROD_00161,2024-October,4.0,1571.87
PROD_00041,2025-March,13.0,8829.28
PROD_00049,2025-March,5.0,4926.58
PROD_00235,2025-March,3.0,347.75
PROD_00156,2024-September,5.0,742.74
PROD_00035,2024-August,10.0,10821.14
PROD_00288,2026-February,8.0,18721.08
PROD_00253,2023-November,5.0,5114.65
PROD_00122,2025-June,1.0,211.23
PROD_00111,2025-June,10.0,9617.48
PROD_00210,2025-June,9.0,4384.86
PROD_00084,2026-June,4.0,4264.47
PROD_00253,2023-January,13.0,13668.880000000001
PROD_00112,2023-August,20.0,13161.049999999997
PROD_00128,2024-May,8.0,8512.75
PROD_00222,2025-October,6.0,9657.84
PROD_00140,2025-September,15.0,11800.919999999998
PROD_00144,2023-September,8.0,4247.66
PROD_00128,2025-May,4.0,4142.57
PROD_00155,2023-December,3.0,17425.67
PROD_00131,2025-February,5.0,4627.099999999999
PROD_00101,2025-August,19.0,22048.07
PROD_00261,2025-August,8.0,51196.65
PROD_00243,2023-May,7.0,565.8299999999999
PROD_00140,2023-March,4.0,3233.5
PROD_00162,2023-March,16.0,74868.87
PROD_00061,2024-February,3.0,3053.51
PROD_00300,2024-January,3.0,1690.08
PROD_00129,2024-May,4.0,40115.96
PROD_00129,2023-November,3.0,31414.32
PROD_00150,2023-November,9.0,13694.86
PROD_00081,2025-June,16.0,23049.489999999998
PROD_00100,2023-September,2.0,1140.73
PROD_00208,2026-March,4.0,2138.52
PROD_00223,2026-March,6.0,13804.289999999999
PROD_00131,2026-June,2.0,1910.82
PROD_00249,2024-February,3.0,4856.22
PROD_00295,2024-March,4.0,5604.08
PROD_00005,2024-April,4.0,8203.72
PROD_00022,2024-September,12.0,2702.49
PROD_00223,2026-May,18.0,42328.020000000004
PROD_00248,2023-May,13.0,8657.64
PROD_00095,2025-November,6.0,839.93
PROD_00256,2025-November,4.0,8931.44
PROD_00233,2024-December,2.0,2091.4
PROD_00210,2024-December,2.0,947.72
PROD_00225,2024-November,5.0,11679.13
PROD_00179,2024-November,5.0,9257.93
PROD_00155,2023-August,3.0,16817.1
PROD_00180,2026-January,5.0,2464.38
PROD_00245,2026-January,7.0,914.5500000000001
PROD_00041,2025-November,2.0,1441.36
PROD_00208,2025-May,8.0,4098.32
PROD_00291,2023-March,1.0,894.54
PROD_00136,2024-September,6.0,17224.24
PROD_00015,2026-August,9.0,4664.49
PROD_00272,2026-August,7.0,13219.51
PROD_00079,2026-August,5.0,7131.599999999999
PROD_00037,2025-November,11.0,96638.79
PROD_00269,2025-March,12.0,16135.930000000002
PROD_00035,2025-October,12.0,12876.34
PROD_00143,2026-February,1.0,522.05
PROD_00255,2023-July,1.0,2170.71
PROD_00029,2023-April,5.0,59278.4
PROD_00112,2023-April,5.0,3259.2
PROD_00297,2025-November,5.0,6947.34
PROD_00037,2025-August,9.0,77554.98000000001
PROD_00097,2025-August,7.0,35922.94
PROD_00006,2024-January,1.0,1001.76
PROD_00178,2024-January,1.0,839.4
PROD_00143,2026-January,8.0,4158.889999999999
PROD_00294,2023-July,10.0,121227.37
PROD_00164,2025-September,14.0,3730.5299999999997
PROD_00009,2025-April,6.0,7930.22
PROD_00074,2025-April,7.0,10322.23
PROD_00244,2023-September,3.0,2404.56
PROD_00139,2025-September,9.0,272.72
PROD_00234,2024-August,11.0,8009.84
PROD_00172,2023-December,5.0,7508.400000000001
PROD_00027,2023-March,6.0,8276.3
PROD_00111,2023-July,2.0,1881.07
PROD_00064,2023-May,2.0,4412.94
PROD_00040,2023-May,5.0,2470.4
PROD_00029,2023-May,11.0,129938.47
PROD_00109,2026-August,1.0,2002.03
PROD_00054,2026-January,3.0,17490.72
PROD_00020,2026-January,4.0,3487.04
PROD_00105,2026-January,4.0,15692.12
PROD_00217,2023-June,1.0,330.2
PROD_00161,2025-August,1.0,412.28
PROD_00141,2026-August,2.0,3364.62
PROD_00272,2025-May,5.0,9871.65
PROD_00112,2024-April,9.0,5870.14
PROD_00097,2026-June,7.0,36115.880000000005
PROD_00112,2025-May,3.0,1841.88
PROD_00003,2024-May,13.0,19335.77
PROD_00014,2023-February,8.0,2557.98
PROD_00247,2024-October,2.0,473.18
PROD_00239,2024-October,5.0,1558.53
PROD_00087,2024-June,3.0,22294.72
PROD_00179,2025-August,10.0,18640.989999999998
PROD_00081,2025-July,9.0,13296.99
PROD_00235,2026-February,7.0,815.31
PROD_00217,2026-February,17.0,5677.98
PROD_00136,2025-September,9.0,25752.329999999998
PROD_00059,2025-January,7.0,15186.4
PROD_00257,2025-January,16.0,37798.51
PROD_00231,2025-September,2.0,5843.2
PROD_00078,2026-May,10.0,818.86
PROD_00046,2026-February,3.0,964.44
PROD_00034,2025-March,4.0,1825.92
PROD_00136,2024-May,15.0,44325.56
PROD_00072,2023-September,4.0,2369.24
PROD_00263,2025-January,12.0,2713.9800000000005
PROD_00276,2025-May,1.0,1084.5
PROD_00296,2023-December,18.0,23752.86
PROD_00135,2026-January,7.0,3846.58
PROD_00240,2025-August,8.0,3313.8700000000003
PROD_00114,2025-August,4.0,3385.6
PROD_00068,2024-March,5.0,2217.98
PROD_00239,2024-July,3.0,951.96
PROD_00109,2024-July,8.0,16158.999999999998
PROD_00207,2025-October,12.0,69190.8
PROD_00272,2026-July,5.0,9439.58
PROD_00073,2026-July,5.0,1845.41
PROD_00291,2024-December,6.0,5305.88
PROD_00151,2024-June,6.0,4377.98
PROD_00058,2023-July,7.0,565.9300000000001
PROD_00069,2025-October,9.0,13771.680000000002
PROD_00299,2024-February,3.0,658.17
PROD_00198,2024-September,6.0,5300.78
PROD_00262,2026-March,1.0,765.51
PROD_00156,2026-May,7.0,1036.59
PROD_00142,2024-July,3.0,5822.58
PROD_00108,2025-February,11.0,441.68999999999994
PROD_00284,2026-July,3.0,1522.71
PROD_00139,2025-April,12.0,355.69
PROD_00019,2024-July,10.0,14414.680000000002
PROD_00027,2025-July,5.0,6578.25
PROD_00035,2026-April,10.0,10574.69
PROD_00067,2024-August,8.0,9285.2
PROD_00209,2025-April,6.0,33963.0
PROD_00068,2023-May,7.0,3160.73
PROD_00224,2026-June,10.0,17773.63
PROD_00134,2025-December,6.0,7139.499999999999
PROD_00282,2025-November,5.0,747.9200000000001
PROD_00149,2026-June,8.0,8245.1
PROD_00097,2023-July,8.0,40667.08
PROD_00194,2026-June,7.0,2768.91
PROD_00107,2025-November,11.0,5892.1900000000005
PROD_00200,2025-February,5.0,3220.9500000000003
PROD_00173,2025-March,14.0,666.83
PROD_00170,2024-February,1.0,884.52
PROD_00259,2024-February,6.0,3792.9900000000002
PROD_00158,2025-June,4.0,3431.28
PROD_00239,2026-July,7.0,2226.7200000000003
PROD_00244,2026-July,8.0,6505.38
PROD_00119,2026-July,7.0,8101.08
PROD_00277,2023-August,8.0,7539.62
PROD_00029,2026-March,2.0,23436.8
PROD_00139,2026-March,9.0,271.59000000000003
PROD_00231,2025-June,6.0,17779.64
PROD_00146,2024-January,2.0,575.0799999999999
PROD_00245,2025-October,2.0,263.39
PROD_00047,2023-May,9.0,14947.89
PROD_00021,2025-November,4.0,33911.03
PROD_00299,2023-June,11.0,2425.22
PROD_00226,2026-June,7.0,1577.0900000000001
PROD_00226,2025-January,4.0,890.72
PROD_00260,2026-May,13.0,14372.21
PROD_00270,2026-February,7.0,14879.199999999999
PROD_00094,2024-March,8.0,15750.78
PROD_00134,2024-December,1.0,1189.03
PROD_00079,2023-May,1.0,1416.6
PROD_00084,2023-September,7.0,7392.0
PROD_00017,2025-May,7.0,12605.330000000002
PROD_00279,2023-September,7.0,4851.48
PROD_00064,2025-January,2.0,4276.08
PROD_00110,2026-March,14.0,5746.36
PROD_00067,2024-July,1.0,1169.82
PROD_00172,2025-May,6.0,9379.61
PROD_00137,2024-May,4.0,1198.12
PROD_00265,2025-February,8.0,12308.2
PROD_00097,2023-January,10.0,52919.72
PROD_00136,2023-September,1.0,2939.92
PROD_00190,2026-February,5.0,4721.19
PROD_00010,2025-July,1.0,896.11
PROD_00073,2025-September,9.0,3268.32
PROD_00004,2023-April,4.0,8637.6
PROD_00215,2025-June,2.0,4750.98
PROD_00125,2023-October,8.0,3467.48
PROD_00281,2024-March,10.0,7381.42
PROD_00058,2024-January,6.0,483.21999999999997
PROD_00130,2023-August,7.0,2362.19
PROD_00012,2023-August,4.0,2174.04
PROD_00160,2023-October,7.0,21761.07
PROD_00086,2024-January,2.0,8834.14
PROD_00071,2024-January,8.0,8520.88
PROD_00159,2024-December,12.0,10607.06
PROD_00169,2025-March,3.0,5998.9800000000005
PROD_00009,2025-November,3.0,3944.1000000000004
PROD_00230,2025-November,17.0,14336.199999999999
PROD_00273,2025-February,4.0,1894.76
PROD_00151,2025-February,2.0,1516.48
PROD_00016,2023-March,6.0,25854.999999999996
PROD_00041,2023-April,8.0,5802.9
PROD_00058,2025-June,10.0,820.7
PROD_00233,2023-May,6.0,6590.06
PROD_00185,2023-November,3.0,10926.91
PROD_00124,2023-January,4.0,7137.12
PROD_00141,2024-July,8.0,13763.300000000001
PROD_00037,2024-December,3.0,25888.92
PROD_00118,2025-February,11.0,6309.66
PROD_00002,2024-October,5.0,30712.85
PROD_00293,2023-December,1.0,1246.59
PROD_00193,2023-May,1.0,809.27
PROD_00083,2023-April,1.0,1265.96
PROD_00083,2023-January,2.0,2576.98
PROD_00162,2026-May,1.0,4479.29
PROD_00165,2024-October,15.0,16967.58
PROD_00056,2024-June,4.0,1233.28
PROD_00166,2026-March,10.0,4869.3
PROD_00154,2024-March,11.0,34884.71
PROD_00223,2025-March,14.0,32691.039999999997
PROD_00136,2024-March,9.0,26187.0
PROD_00090,2024-May,10.0,37644.39
PROD_00043,2025-October,10.0,13427.480000000001
PROD_00221,2026-March,1.0,1400.38
PROD_00253,2024-September,1.0,1039.94
PROD_00218,2023-December,4.0,9570.48
PROD_00230,2023-June,10.0,8781.69
PROD_00160,2023-June,2.0,6166.13
PROD_00090,2025-June,11.0,41257.55
PROD_00120,2023-February,3.0,1320.42
PROD_00289,2025-July,2.0,5760.6
PROD_00192,2025-August,6.0,7632.16
PROD_00162,2025-August,7.0,32349.58
PROD_00086,2026-April,3.0,13320.99
PROD_00207,2026-August,4.0,22914.48
PROD_00285,2026-August,4.0,11686.44
PROD_00058,2025-September,10.0,826.8
PROD_00298,2023-March,12.0,42639.51
PROD_00040,2024-May,8.0,3837.92
PROD_00234,2024-July,4.0,2953.77
PROD_00183,2024-September,11.0,130432.72
PROD_00081,2023-February,2.0,3053.73
PROD_00269,2023-November,4.0,5415.68
PROD_00009,2026-August,10.0,13421.900000000001
PROD_00131,2026-August,9.0,8828.91
PROD_00222,2026-August,2.0,3327.44
PROD_00149,2024-March,5.0,5211.38
PROD_00086,2025-December,1.0,4272.51
PROD_00137,2024-March,2.0,656.46
PROD_00217,2024-November,3.0,1013.1299999999999
PROD_00209,2025-December,8.0,47126.59
PROD_00136,2026-June,1.0,2870.35
PROD_00146,2026-June,6.0,1814.97
PROD_00023,2026-June,1.0,164.85
PROD_00183,2025-January,8.0,96522.11
PROD_00108,2025-January,4.0,162.23000000000002
PROD_00105,2023-July,13.0,55030.63
PROD_00018,2024-May,3.0,8205.400000000001
PROD_00243,2025-February,1.0,84.98
PROD_00231,2025-November,7.0,20904.48
PROD_00146,2025-November,6.0,1782.36
PROD_00148,2024-March,5.0,4162.85
PROD_00144,2023-January,3.0,1656.35
PROD_00018,2023-February,12.0,33918.11
PROD_00062,2026-April,1.0,4919.35
PROD_00132,2023-April,2.0,308.94
PROD_00267,2024-November,6.0,4465.71
PROD_00148,2025-November,16.0,12833.3
PROD_00194,2023-February,4.0,1673.08
PROD_00141,2025-March,6.0,10129.220000000001
PROD_00279,2025-June,3.0,2036.8500000000001
PROD_00032,2023-December,10.0,12403.56
PROD_00125,2026-August,3.0,1346.31
PROD_00120,2026-January,7.0,3144.46
PROD_00202,2025-July,5.0,8177.9
PROD_00208,2025-July,4.0,2059.72
PROD_00096,2025-February,6.0,16014.279999999999
PROD_00114,2025-October,2.0,1717.96
PROD_00135,2023-February,4.0,2276.68
PROD_00199,2026-August,5.0,2254.46
PROD_00193,2024-June,6.0,5255.9400000000005
PROD_00030,2023-September,4.0,9312.76
PROD_00115,2023-February,4.0,3461.32
PROD_00041,2024-July,5.0,3399.0
PROD_00176,2025-November,3.0,3296.13
PROD_00273,2025-April,8.0,3726.8500000000004
PROD_00233,2024-April,4.0,4263.6
PROD_00033,2023-April,6.0,12257.5
PROD_00135,2023-April,2.0,1083.86
PROD_00001,2026-June,7.0,9195.16
PROD_00075,2025-September,11.0,15790.289999999999
PROD_00218,2024-September,7.0,17222.54
PROD_00161,2024-August,3.0,1203.6
PROD_00063,2025-July,6.0,5112.299999999999
PROD_00174,2025-July,7.0,3131.0299999999997
PROD_00021,2023-February,3.0,24325.63
PROD_00079,2023-February,2.0,2786.3199999999997
PROD_00155,2025-March,12.0,69477.69
PROD_00017,2023-May,6.0,10823.039999999999
PROD_00042,2024-February,7.0,12985.48
PROD_00160,2026-February,4.0,12571.4
PROD_00163,2025-March,7.0,50723.75
PROD_00117,2023-September,9.0,1921.23
PROD_00151,2025-December,9.0,6675.94
PROD_00118,2025-April,15.0,8670.28
PROD_00177,2023-March,4.0,1782.84
PROD_00167,2026-June,5.0,4493.65
PROD_00035,2025-November,16.0,17721.850000000002
PROD_00115,2026-July,3.0,2549.46
PROD_00060,2023-October,11.0,28182.78
PROD_00085,2023-February,5.0,3535.09
PROD_00195,2026-February,5.0,3266.35
PROD_00188,2026-February,11.0,3695.08
PROD_00016,2025-June,4.0,17711.41
PROD_00066,2025-June,9.0,3044.48
PROD_00147,2025-August,2.0,2026.36
PROD_00064,2023-August,4.0,8718.61
PROD_00246,2023-June,5.0,15862.25
PROD_00087,2025-July,6.0,43975.24
PROD_00019,2025-February,3.0,4448.5199999999995
PROD_00285,2023-July,16.0,47680.88
PROD_00224,2025-February,7.0,12290.25
PROD_00120,2025-February,5.0,2209.42
PROD_00235,2025-February,6.0,710.67
PROD_00253,2025-March,8.0,8194.27
PROD_00294,2023-September,16.0,183361.86
PROD_00260,2025-June,2.0,2304.48
PROD_00021,2026-July,14.0,113112.93
PROD_00290,2023-August,3.0,295.13
PROD_00170,2025-June,12.0,10874.0
PROD_00242,2026-August,3.0,3382.74
PROD_00196,2023-January,7.0,2787.7200000000003
PROD_00222,2025-November,4.0,6521.04
PROD_00227,2026-January,8.0,16671.59
PROD_00099,2024-August,13.0,6314.71
PROD_00212,2026-January,12.0,10255.44
PROD_00077,2025-November,4.0,3780.32
PROD_00259,2026-March,7.0,4307.530000000001
PROD_00069,2026-March,7.0,11177.529999999999
PROD_00136,2024-January,12.0,35541.12
PROD_00288,2026-June,1.0,2258.28
PROD_00244,2026-June,12.0,9687.38
PROD_00216,2023-December,5.0,3236.2
PROD_00275,2023-June,6.0,2372.83
PROD_00070,2024-June,3.0,8847.69
PROD_00011,2025-October,10.0,20328.36
PROD_00199,2025-May,5.0,2279.45
PROD_00283,2026-July,11.0,5950.52
PROD_00156,2025-November,10.0,1500.8999999999999
PROD_00006,2026-May,7.0,6630.96
PROD_00036,2025-November,16.0,58817.44
PROD_00222,2024-March,1.0,1710.51
PROD_00202,2023-July,9.0,15581.15
PROD_00147,2024-January,4.0,3914.2799999999997
PROD_00300,2025-February,8.0,4643.01
PROD_00264,2025-February,4.0,6011.16
PROD_00226,2025-August,8.0,1804.3400000000001
PROD_00208,2025-August,7.0,3556.1800000000003
PROD_00300,2025-March,9.0,5106.57
PROD_00262,2024-July,3.0,2377.92
PROD_00124,2024-July,5.0,8718.45
PROD_00209,2024-July,7.0,40567.630000000005
PROD_00300,2024-June,6.0,3265.7999999999997
PROD_00207,2024-March,8.0,46578.02
PROD_00096,2025-December,11.0,28857.16
PROD_00256,2026-March,4.0,9207.380000000001
PROD_00269,2026-June,2.0,2661.92
PROD_00094,2024-February,2.0,3880.58
PROD_00189,2024-September,9.0,18329.89
PROD_00082,2026-June,14.0,21335.02
PROD_00016,2024-October,12.0,52837.62
PROD_00093,2023-February,1.0,438.61
PROD_00077,2024-May,3.0,2784.7
PROD_00133,2023-October,2.0,4892.74
PROD_00104,2026-July,7.0,22458.49
PROD_00219,2024-April,10.0,1411.24
PROD_00017,2025-August,5.0,9232.1
PROD_00130,2025-May,4.0,1369.24
PROD_00269,2024-November,12.0,16838.52
PROD_00144,2024-November,10.0,5441.74
PROD_00157,2024-October,12.0,39492.85
PROD_00210,2024-October,8.0,3919.44
PROD_00291,2024-November,13.0,11302.529999999999
PROD_00095,2026-August,15.0,2037.54
PROD_00170,2026-August,1.0,901.84
PROD_00230,2024-December,12.0,10396.79
PROD_00090,2025-February,7.0,26979.1
PROD_00072,2023-June,15.0,8419.19
PROD_00129,2026-June,11.0,111488.68
PROD_00105,2024-June,4.0,15792.72
PROD_00151,2026-March,14.0,10469.69
PROD_00282,2023-January,7.0,1026.42
PROD_00264,2026-August,1.0,1482.3
PROD_00187,2024-January,2.0,5718.14
PROD_00241,2025-April,10.0,8972.33
PROD_00164,2025-October,12.0,3323.5699999999997
PROD_00185,2023-April,7.0,25820.749999999996
PROD_00024,2026-June,14.0,12323.599999999999
PROD_00184,2025-July,16.0,85417.75
PROD_00124,2025-February,7.0,12297.73
PROD_00206,2025-December,4.0,6599.18
PROD_00179,2024-September,4.0,7253.08
PROD_00144,2024-September,3.0,1575.3899999999999
PROD_00262,2024-March,6.0,4742.62
PROD_00182,2024-October,17.0,960.91
PROD_00037,2024-April,18.0,160571.18
PROD_00192,2024-April,1.0,1366.82
PROD_00234,2025-September,7.0,4977.23
PROD_00104,2026-April,1.0,3103.32
PROD_00281,2026-January,8.0,5892.32
PROD_00206,2024-November,20.0,31422.739999999998
PROD_00196,2025-July,3.0,1140.27
PROD_00262,2025-June,6.0,4620.599999999999
PROD_00004,2024-April,6.0,12863.76
PROD_00165,2023-January,3.0,3457.79
PROD_00275,2023-January,7.0,2651.09
PROD_00225,2026-July,2.0,4787.88
PROD_00202,2024-October,5.0,8335.75
PROD_00069,2024-February,4.0,6461.04
PROD_00240,2025-December,7.0,2906.8599999999997
PROD_00193,2025-December,14.0,12192.42
PROD_00049,2026-April,7.0,6847.95
PROD_00233,2024-February,6.0,6301.12
PROD_00259,2025-August,9.0,5388.67
PROD_00205,2024-October,7.0,2904.44
PROD_00175,2026-January,1.0,1859.29
PROD_00266,2023-February,1.0,570.39
PROD_00027,2023-April,6.0,8388.78
PROD_00222,2026-April,7.0,11574.88
PROD_00043,2025-November,7.0,9582.960000000001
PROD_00092,2026-August,8.0,8591.82
PROD_00268,2026-August,6.0,9554.48
PROD_00164,2026-August,8.0,2193.12
PROD_00122,2024-October,8.0,1630.8300000000002
PROD_00221,2023-May,1.0,1423.44
PROD_00257,2026-June,6.0,14470.18
PROD_00131,2023-March,14.0,13364.710000000001
PROD_00232,2023-July,6.0,8987.96
PROD_00007,2023-July,9.0,12096.2
PROD_00138,2023-March,26.0,9270.93
PROD_00115,2025-July,7.0,6094.72
PROD_00257,2025-April,2.0,4617.14
PROD_00165,2026-March,2.0,2411.86
PROD_00040,2025-May,1.0,461.53
PROD_00156,2024-November,6.0,892.48
PROD_00278,2023-May,7.0,14620.52
PROD_00215,2024-November,1.0,2437.77
PROD_00111,2023-March,1.0,935.7
PROD_00281,2024-September,10.0,7369.379999999999
PROD_00192,2024-September,5.0,6502.95
PROD_00121,2024-October,13.0,16493.68
PROD_00259,2023-April,2.0,1247.44
PROD_00245,2025-February,1.0,130.71
PROD_00079,2025-February,3.0,4152.63
PROD_00202,2025-February,4.0,6741.18
PROD_00232,2024-July,4.0,6343.84
PROD_00152,2026-May,3.0,2933.16
PROD_00131,2025-November,3.0,2895.12
PROD_00264,2023-October,8.0,11980.31
PROD_00040,2025-January,5.0,2312.7000000000003
PROD_00096,2024-May,6.0,16301.94
PROD_00194,2023-November,11.0,4505.759999999999
PROD_00300,2024-December,3.0,1670.67
PROD_00039,2023-January,6.0,28053.24
PROD_00195,2023-August,5.0,3113.6000000000004
PROD_00029,2024-August,4.0,46560.7
PROD_00250,2026-July,5.0,12466.949999999999
PROD_00168,2024-August,7.0,5623.48
PROD_00192,2024-December,7.0,9062.45
PROD_00173,2025-February,6.0,283.86
PROD_00086,2024-October,8.0,34005.259999999995
PROD_00161,2024-April,8.0,3153.28
PROD_00204,2025-September,8.0,64428.26
PROD_00173,2025-January,2.0,93.98
PROD_00003,2025-February,6.0,9093.72
PROD_00235,2024-March,3.0,349.5
PROD_00028,2023-September,10.0,4671.6
PROD_00138,2023-April,3.0,1113.68
PROD_00147,2023-February,14.0,13811.560000000001
PROD_00106,2024-December,5.0,2606.3999999999996
PROD_00055,2024-December,2.0,1222.88
PROD_00069,2024-December,3.0,4822.61
PROD_00293,2026-June,13.0,15488.5
PROD_00137,2024-September,5.0,1626.2
PROD_00033,2024-May,5.0,9484.91
PROD_00027,2023-January,5.0,6883.55
PROD_00125,2025-October,1.0,450.04
PROD_00272,2025-October,4.0,7667.330000000001
PROD_00066,2025-March,3.0,979.23
PROD_00100,2025-August,4.0,2359.8
PROD_00110,2023-January,5.0,2156.85
PROD_00271,2023-January,8.0,3617.4
PROD_00132,2026-July,11.0,1637.5900000000001
PROD_00294,2023-April,7.0,84517.87
PROD_00143,2023-April,7.0,3759.42
PROD_00045,2023-October,9.0,30197.64
PROD_00075,2025-April,5.0,7248.51
PROD_00061,2023-July,3.0,3076.1400000000003
PROD_00086,2026-February,1.0,4379.0
PROD_00174,2023-March,5.0,2096.57
PROD_00013,2024-October,2.0,964.46
PROD_00270,2025-November,8.0,16599.61
PROD_00264,2025-April,9.0,13335.470000000001
PROD_00100,2024-December,7.0,4210.29
PROD_00103,2024-December,7.0,5583.48
PROD_00016,2023-May,5.0,21490.45
PROD_00127,2024-November,6.0,7465.73
PROD_00277,2024-July,8.0,7623.68
PROD_00006,2023-June,11.0,11321.86
PROD_00145,2024-September,6.0,50211.72
PROD_00043,2024-January,7.0,9346.83
PROD_00191,2024-September,6.0,8436.240000000002
PROD_00107,2023-May,4.0,2131.7000000000003
PROD_00142,2025-May,5.0,9505.0
PROD_00274,2024-August,2.0,520.95
PROD_00089,2024-January,5.0,5084.1900000000005
PROD_00274,2023-October,3.0,797.6099999999999
PROD_00249,2023-December,8.0,12646.7
PROD_00278,2025-August,9.0,18951.15
PROD_00085,2025-January,2.0,1493.66
PROD_00233,2026-February,8.0,8378.74
PROD_00293,2023-February,7.0,8642.16
PROD_00155,2023-February,2.0,11419.84
PROD_00136,2024-June,5.0,14427.279999999999
PROD_00300,2026-January,5.0,2801.8999999999996
PROD_00144,2023-March,10.0,5408.410000000001
PROD_00276,2024-September,1.0,1105.67
PROD_00037,2026-February,6.0,52441.799999999996
PROD_00037,2026-March,4.0,34848.770000000004
PROD_00293,2025-August,7.0,8529.84
PROD_00220,2023-November,1.0,2051.02
PROD_00035,2025-May,11.0,12108.1
PROD_00161,2026-July,11.0,4523.8
PROD_00001,2023-March,4.0,5127.16
PROD_00265,2023-October,8.0,12943.76
PROD_00076,2026-July,4.0,3334.27
PROD_00129,2025-April,1.0,10385.51
PROD_00221,2024-May,5.0,7060.47
PROD_00221,2023-December,4.0,5842.36
PROD_00096,2023-December,2.0,5270.0
PROD_00226,2024-July,3.0,671.0999999999999
PROD_00217,2025-December,2.0,652.0
PROD_00133,2025-September,9.0,21610.170000000002
PROD_00104,2024-April,13.0,40966.69
PROD_00293,2025-November,1.0,1187.76
PROD_00066,2023-October,2.0,671.95
PROD_00055,2025-June,7.0,4267.13
PROD_00213,2026-July,10.0,9959.87
PROD_00122,2025-March,28.0,5778.509999999999
PROD_00292,2023-July,10.0,18899.88
PROD_00246,2025-July,5.0,15733.77
PROD_00263,2023-July,13.0,2986.39
PROD_00111,2024-September,17.0,16103.45
PROD_00001,2025-December,4.0,5317.28
PROD_00181,2024-April,4.0,10050.52
PROD_00011,2023-October,6.0,12673.26
PROD_00116,2026-July,6.0,7644.48
PROD_00190,2026-July,6.0,5398.16
PROD_00202,2024-February,7.0,11446.49
PROD_00228,2025-October,8.0,37711.91
PROD_00143,2025-October,12.0,6556.48
PROD_00110,2023-May,1.0,408.27
PROD_00219,2025-September,3.0,435.41999999999996
PROD_00156,2025-October,5.0,732.64
PROD_00184,2025-October,5.0,26255.159999999996
PROD_00042,2024-January,14.0,26802.489999999998
PROD_00219,2025-February,11.0,1564.14
PROD_00271,2024-May,5.0,2213.15
PROD_00083,2025-March,2.0,2663.36
PROD_00104,2024-November,14.0,44595.0
PROD_00062,2024-October,1.0,5073.41
PROD_00097,2023-October,10.0,51983.99
PROD_00007,2026-April,2.0,2755.08
PROD_00029,2023-June,3.0,36385.23
PROD_00172,2024-August,10.0,15188.58
PROD_00281,2024-February,10.0,7453.49
PROD_00281,2023-March,12.0,8780.0
PROD_00184,2024-July,4.0,22105.92
PROD_00147,2025-April,8.0,7956.08
PROD_00185,2023-June,5.0,18800.04
PROD_00146,2024-June,5.0,1451.01
PROD_00238,2024-February,7.0,9170.05
PROD_00199,2024-November,1.0,454.88
PROD_00021,2024-November,16.0,128425.18
PROD_00014,2024-March,12.0,4028.3
PROD_00275,2025-November,1.0,397.14
PROD_00221,2024-September,4.0,5585.47
PROD_00018,2026-March,3.0,8211.36
PROD_00176,2026-April,3.0,3345.42
PROD_00109,2025-April,8.0,16314.720000000001
PROD_00202,2024-March,9.0,15345.85
PROD_00066,2024-April,4.0,1344.0
PROD_00189,2024-June,14.0,27917.379999999997
PROD_00015,2023-February,8.0,4025.08
PROD_00093,2024-September,3.0,1364.97
PROD_00188,2025-November,11.0,3616.4
PROD_00129,2023-January,3.0,31540.03
PROD_00284,2023-January,7.0,3448.85
PROD_00164,2024-July,4.0,1127.6
PROD_00110,2024-February,5.0,2074.3
PROD_00104,2025-July,8.0,24195.68
PROD_00264,2026-January,5.0,7533.66
PROD_00038,2025-January,2.0,2663.54
PROD_00023,2023-April,13.0,2123.64
PROD_00191,2024-November,6.0,8680.32
PROD_00114,2026-January,5.0,4037.11
PROD_00179,2023-May,2.0,3740.3
PROD_00246,2024-December,12.0,37853.69
PROD_00017,2024-November,5.0,9165.85
PROD_00001,2025-October,5.0,6610.78
PROD_00191,2025-November,8.0,11194.220000000001
PROD_00201,2026-June,5.0,2150.85
PROD_00222,2026-January,9.0,14847.04
PROD_00231,2024-October,11.0,32521.39
PROD_00230,2024-February,3.0,2640.0299999999997
PROD_00185,2025-May,8.0,29186.380000000005
PROD_00129,2026-February,3.0,31688.760000000002
PROD_00121,2025-February,10.0,12954.640000000001
PROD_00059,2025-April,1.0,2228.86
PROD_00031,2024-November,8.0,12109.05
PROD_00212,2023-July,9.0,7442.369999999999
PROD_00094,2025-June,2.0,3982.26
PROD_00199,2023-August,1.0,453.44
PROD_00125,2026-July,8.0,3539.6
PROD_00074,2025-February,1.0,1480.26
PROD_00100,2025-February,3.0,1845.96
PROD_00051,2024-April,8.0,2708.8
PROD_00163,2025-August,2.0,13801.19
PROD_00001,2026-March,4.0,5126.04
PROD_00137,2024-October,9.0,2823.39
PROD_00052,2025-January,3.0,8759.43
PROD_00074,2025-October,1.0,1457.14
PROD_00088,2025-October,9.0,1577.48
PROD_00077,2024-April,2.0,1902.4
PROD_00230,2026-May,1.0,901.43
PROD_00031,2024-February,4.0,5861.349999999999
PROD_00146,2026-February,10.0,2934.5
PROD_00255,2026-February,6.0,12533.91
PROD_00249,2026-February,13.0,20375.86
PROD_00227,2024-August,16.0,32951.41
PROD_00177,2024-January,1.0,447.18
PROD_00177,2023-September,1.0,443.58
PROD_00209,2025-March,9.0,52423.630000000005
PROD_00239,2025-August,2.0,643.42
PROD_00261,2023-October,3.0,18842.31
PROD_00066,2025-February,6.0,1990.3200000000002
PROD_00027,2025-February,3.0,4232.9400000000005
PROD_00015,2024-February,5.0,2432.62
PROD_00063,2024-February,12.0,10298.48
PROD_00118,2026-March,7.0,4107.81
PROD_00101,2026-March,3.0,3533.13
PROD_00086,2023-February,1.0,4229.26
PROD_00276,2024-July,6.0,6786.599999999999
PROD_00220,2026-March,9.0,17549.49
PROD_00063,2026-April,4.0,3299.96
PROD_00010,2025-June,5.0,4792.05
PROD_00002,2023-March,15.0,92687.01999999999
PROD_00263,2025-March,7.0,1581.0
PROD_00288,2023-April,5.0,11033.08
PROD_00205,2023-July,11.0,4401.94
PROD_00224,2025-January,9.0,16488.809999999998
PROD_00228,2023-January,7.0,32998.98
PROD_00004,2024-June,1.0,2169.38
PROD_00041,2026-May,9.0,6431.87
PROD_00225,2023-January,5.0,11512.550000000001
PROD_00261,2024-February,1.0,6545.21
PROD_00269,2023-March,9.0,12035.25
PROD_00085,2026-June,1.0,730.25
PROD_00222,2025-May,13.0,20839.61
PROD_00214,2026-July,3.0,4216.14
PROD_00213,2026-June,5.0,5065.9400000000005
PROD_00231,2023-June,8.0,24114.89
PROD_00283,2023-May,11.0,6021.5
PROD_00300,2024-February,2.0,1102.38
PROD_00121,2023-November,3.0,3853.81
PROD_00275,2025-May,15.0,5929.679999999999
PROD_00074,2026-January,2.0,3034.92
PROD_00201,2024-February,8.0,3309.6800000000003
PROD_00219,2024-July,4.0,570.37
PROD_00027,2024-May,1.0,1448.35
PROD_00240,2024-March,3.0,1209.71
PROD_00047,2025-March,9.0,14743.199999999999
PROD_00247,2025-January,5.0,1246.85
PROD_00041,2026-June,5.0,3558.01
PROD_00016,2025-February,6.0,25679.43
PROD_00254,2026-January,7.0,5579.45
PROD_00041,2023-December,2.0,1399.1
PROD_00126,2025-April,8.0,7336.12
PROD_00296,2024-February,8.0,10420.58
PROD_00279,2024-January,8.0,5618.88
PROD_00248,2024-December,3.0,2032.1100000000001
PROD_00158,2023-May,6.0,5271.62
PROD_00210,2026-February,7.0,3266.84
PROD_00225,2025-December,4.0,9127.439999999999
PROD_00059,2025-September,8.0,17566.4
PROD_00052,2023-January,7.0,21288.42
PROD_00148,2024-August,2.0,1591.52
PROD_00130,2023-July,2.0,694.76
PROD_00126,2024-December,5.0,4750.3099999999995
PROD_00224,2023-July,4.0,7047.44
PROD_00286,2026-July,2.0,13154.3
PROD_00053,2026-July,5.0,22036.75
PROD_00163,2026-July,12.0,84817.32
PROD_00295,2023-January,6.0,8048.6900000000005
PROD_00100,2023-November,4.0,2422.92
PROD_00014,2024-February,7.0,2215.66
PROD_00205,2024-August,2.0,818.08
PROD_00125,2024-November,7.0,3079.9100000000003
PROD_00166,2024-June,5.0,2457.52
PROD_00298,2024-March,1.0,3531.57
PROD_00127,2026-July,17.0,22849.7
PROD_00207,2024-January,2.0,11422.66
PROD_00160,2026-January,6.0,18620.25
PROD_00053,2026-January,9.0,39351.69
PROD_00265,2023-April,7.0,10658.73
PROD_00128,2023-August,6.0,6522.52
PROD_00165,2025-January,8.0,9078.96
PROD_00257,2023-January,3.0,6706.289999999999
PROD_00113,2026-May,2.0,107.76
PROD_00226,2025-July,2.0,449.1
PROD_00234,2025-October,4.0,2870.12
PROD_00024,2025-April,14.0,12267.78
PROD_00264,2023-September,4.0,6238.68
PROD_00078,2026-January,10.0,797.9899999999999
PROD_00221,2025-October,10.0,13859.349999999999
PROD_00244,2024-May,6.0,4947.0
PROD_00056,2024-May,4.0,1196.7600000000002
PROD_00173,2026-August,3.0,144.39000000000001
PROD_00040,2025-August,5.0,2326.15
PROD_00292,2025-May,3.0,5920.83
PROD_00197,2023-December,6.0,5168.76
PROD_00036,2025-July,2.0,7245.02
PROD_00102,2026-June,5.0,10515.62
PROD_00249,2024-October,7.0,11572.11
PROD_00231,2023-September,8.0,24056.72
PROD_00176,2023-March,6.0,6712.799999999999
PROD_00071,2024-October,6.0,6087.54
PROD_00169,2024-June,2.0,4021.38
PROD_00236,2025-March,6.0,702.48
PROD_00230,2026-August,1.0,880.51
PROD_00201,2024-April,2.0,884.14
PROD_00053,2025-September,8.0,35387.12
PROD_00117,2026-August,2.0,418.02
PROD_00252,2026-August,1.0,5946.04
PROD_00195,2025-December,10.0,6542.73
PROD_00300,2023-December,6.0,3358.55
PROD_00216,2024-August,4.0,2684.3199999999997
PROD_00078,2025-March,6.0,483.76
PROD_00250,2026-June,2.0,4848.76
PROD_00268,2023-September,15.0,24426.65
PROD_00118,2025-November,4.0,2328.2799999999997
PROD_00258,2025-November,6.0,5738.43
PROD_00228,2024-May,2.0,9892.98
PROD_00088,2024-April,7.0,1247.4
PROD_00227,2024-June,12.0,25196.160000000003
PROD_00205,2023-October,2.0,821.49
PROD_00133,2023-June,11.0,25583.27
PROD_00222,2026-March,11.0,18019.010000000002
PROD_00268,2024-January,4.0,6330.45
PROD_00225,2026-March,1.0,2275.72
PROD_00048,2023-August,8.0,11143.97
PROD_00138,2024-August,10.0,3650.2
PROD_00265,2023-May,3.0,4606.62
PROD_00162,2024-October,6.0,27452.920000000002
PROD_00050,2026-July,8.0,8512.96
PROD_00113,2025-September,3.0,160.71
PROD_00245,2025-September,4.0,532.8000000000001
PROD_00223,2024-January,5.0,12225.050000000001
PROD_00184,2023-April,7.0,35798.85
PROD_00056,2026-April,2.0,606.92
PROD_00095,2026-April,4.0,566.06
PROD_00086,2024-March,1.0,4355.44
PROD_00038,2024-May,12.0,16112.2
PROD_00125,2024-September,2.0,868.3
PROD_00195,2025-June,11.0,7105.62
PROD_00032,2025-December,5.0,6061.49
PROD_00250,2023-May,11.0,26301.0
PROD_00124,2026-July,1.0,1806.83
PROD_00100,2026-July,3.0,1745.28
PROD_00120,2023-September,2.0,850.88
PROD_00281,2023-September,2.0,1482.98
PROD_00066,2024-February,17.0,5885.219999999999
PROD_00061,2023-May,7.0,6973.89
PROD_00148,2025-May,14.0,11084.159999999998
PROD_00044,2026-January,3.0,3263.19
PROD_00016,2023-January,5.0,21157.81
PROD_00134,2026-January,2.0,2283.46
PROD_00099,2023-January,1.0,471.9
PROD_00280,2023-February,3.0,391.34999999999997
PROD_00142,2024-April,4.0,8044.96
PROD_00049,2024-February,15.0,14445.029999999999
PROD_00150,2026-January,5.0,8178.5
PROD_00114,2025-April,3.0,2584.6499999999996
PROD_00269,2025-July,4.0,5238.52
PROD_00211,2026-January,4.0,6158.88
PROD_00267,2026-July,12.0,9131.46
PROD_00144,2024-March,3.0,1704.25
PROD_00053,2023-July,4.0,17850.67
PROD_00199,2024-July,1.0,445.54
PROD_00197,2026-January,11.0,9435.28
PROD_00253,2023-October,11.0,11559.880000000001
PROD_00104,2023-February,4.0,12847.64
PROD_00295,2023-November,10.0,13598.06
PROD_00238,2023-May,11.0,14831.14
PROD_00045,2024-March,6.0,20018.160000000003
PROD_00051,2023-June,15.0,5064.56
PROD_00294,2025-October,7.0,80979.87999999999
PROD_00022,2025-November,3.0,666.96
PROD_00264,2026-May,2.0,3008.28
PROD_00243,2025-December,5.0,406.88
PROD_00219,2023-November,6.0,865.95
PROD_00221,2025-August,2.0,2811.3
PROD_00180,2026-February,5.0,2393.8
PROD_00118,2025-August,2.0,1183.02
PROD_00185,2025-June,5.0,18490.5
PROD_00012,2023-September,2.0,1068.88
PROD_00013,2023-September,8.0,3933.1
PROD_00273,2026-April,6.0,2830.3199999999997
PROD_00129,2025-January,5.0,52174.41
PROD_00001,2024-July,8.0,10284.73
PROD_00242,2023-March,4.0,4498.72
PROD_00084,2024-October,9.0,9569.88
PROD_00195,2024-October,4.0,2542.72
PROD_00046,2024-February,4.0,1324.79
PROD_00119,2024-October,11.0,12951.619999999999
PROD_00298,2025-July,10.0,35961.05
PROD_00113,2023-September,2.0,108.0
PROD_00249,2023-August,4.0,6746.24
PROD_00035,2024-July,9.0,10150.37
PROD_00026,2024-March,3.0,7773.710000000001
PROD_00152,2026-June,2.0,1995.76
PROD_00011,2026-February,5.0,9912.34
PROD_00149,2024-January,1.0,1013.86
PROD_00075,2024-September,3.0,4226.79
PROD_00115,2024-October,3.0,2574.42
PROD_00215,2023-October,5.0,11809.0
PROD_00293,2023-November,1.0,1222.34
PROD_00093,2023-October,5.0,2231.7
PROD_00013,2024-February,5.0,2382.2
PROD_00167,2024-July,6.0,5486.0599999999995
PROD_00082,2026-March,3.0,4597.08
PROD_00163,2023-July,3.0,20239.199999999997
PROD_00216,2026-July,9.0,5862.779999999999
PROD_00253,2023-February,18.0,18662.399999999998
PROD_00210,2023-July,6.0,2836.9799999999996
PROD_00242,2024-December,2.0,2226.11
PROD_00181,2025-May,16.0,40556.5
PROD_00060,2026-July,4.0,10305.68
PROD_00072,2025-August,14.0,8003.14
PROD_00284,2024-April,5.0,2430.1400000000003
PROD_00065,2026-February,3.0,1771.49
PROD_00062,2023-October,9.0,45575.520000000004
PROD_00082,2025-August,5.0,8004.95
PROD_00134,2025-August,5.0,5916.990000000001
PROD_00037,2026-August,7.0,63657.22
PROD_00237,2025-August,1.0,314.25
PROD_00029,2025-February,6.0,71920.79999999999
PROD_00042,2023-November,4.0,7292.76
PROD_00299,2025-March,2.0,438.42
PROD_00017,2026-August,6.0,11621.94
PROD_00190,2023-August,3.0,2751.54
PROD_00217,2024-September,9.0,3026.5499999999997
PROD_00134,2024-February,6.0,7010.9800000000005
PROD_00141,2023-October,8.0,13517.179999999998
PROD_00245,2024-July,9.0,1170.58
PROD_00142,2023-March,2.0,3823.82
PROD_00038,2025-December,4.0,5556.84
PROD_00042,2025-November,4.0,7365.72
PROD_00181,2025-December,4.0,10013.36
PROD_00169,2023-September,2.0,4121.56
PROD_00078,2024-August,6.0,468.96
PROD_00178,2026-August,1.0,820.61
PROD_00077,2026-August,1.0,938.28
PROD_00003,2023-September,1.0,1414.84
PROD_00138,2023-September,7.0,2514.9800000000005
PROD_00298,2024-October,4.0,14762.6
PROD_00252,2024-October,3.0,17742.18
PROD_00216,2024-July,8.0,5148.110000000001
PROD_00166,2023-July,4.0,2001.96
PROD_00098,2023-September,6.0,4085.76
PROD_00186,2023-March,5.0,2077.7599999999998
PROD_00107,2024-April,6.0,3170.76
PROD_00132,2023-July,10.0,1526.63
PROD_00029,2024-July,3.0,35317.86
PROD_00210,2023-January,9.0,4362.75
PROD_00026,2023-October,2.0,4950.52
PROD_00244,2023-March,6.0,4951.860000000001
PROD_00116,2023-March,2.0,2571.68
PROD_00280,2025-August,5.0,680.0699999999999
PROD_00159,2023-October,13.0,11713.32
PROD_00073,2023-May,1.0,358.89
PROD_00034,2026-March,8.0,3529.6
PROD_00234,2024-October,9.0,6523.34
PROD_00285,2024-December,4.0,12544.24
PROD_00218,2024-October,6.0,14049.810000000001
PROD_00225,2026-February,1.0,2318.05
PROD_00155,2026-June,9.0,50885.26
PROD_00280,2023-September,14.0,1913.2900000000004
PROD_00179,2023-September,10.0,18722.24
PROD_00257,2026-January,7.0,17281.59
PROD_00224,2025-June,12.0,21527.05
PROD_00256,2025-June,1.0,2378.0
PROD_00206,2024-October,5.0,7710.549999999999
PROD_00198,2023-June,5.0,4228.9
PROD_00120,2023-April,6.0,2597.45
PROD_00145,2026-July,7.0,56854.880000000005
PROD_00102,2025-January,6.0,12767.13
PROD_00288,2025-September,3.0,6964.02
PROD_00229,2023-July,10.0,10210.92
PROD_00245,2023-December,6.0,821.64
PROD_00038,2023-October,6.0,8202.18
PROD_00200,2025-March,1.0,631.11
PROD_00258,2026-March,5.0,4717.05
PROD_00266,2024-July,5.0,3003.65
PROD_00167,2025-January,2.0,1734.7
PROD_00221,2025-November,9.0,12901.439999999999
PROD_00087,2025-February,4.0,29367.36
PROD_00007,2026-August,2.0,2768.22
PROD_00096,2025-May,10.0,27645.96
PROD_00068,2025-February,4.0,1761.76
PROD_00257,2023-July,3.0,7095.4
PROD_00164,2023-August,12.0,3222.57
PROD_00243,2023-July,3.0,250.7
PROD_00299,2025-October,1.0,215.97
PROD_00117,2024-August,3.0,643.29
PROD_00075,2025-March,7.0,10165.24
PROD_00068,2023-April,4.0,1705.71
PROD_00022,2023-July,3.0,674.88
PROD_00137,2026-August,1.0,303.89
PROD_00061,2024-August,10.0,10403.74
PROD_00194,2026-May,2.0,837.23
PROD_00249,2026-January,9.0,14903.67
PROD_00212,2024-June,18.0,16257.630000000001
PROD_00223,2025-November,4.0,9207.220000000001
PROD_00264,2026-March,5.0,7410.360000000001
PROD_00280,2025-March,3.0,392.64
PROD_00299,2025-November,5.0,1121.9299999999998
PROD_00069,2025-January,9.0,14177.31
PROD_00294,2024-April,4.0,48129.61
PROD_00143,2023-November,2.0,1081.02
PROD_00105,2023-November,4.0,15860.44
PROD_00019,2024-January,1.0,1534.59
PROD_00022,2026-August,1.0,232.12
PROD_00164,2025-April,3.0,839.28
PROD_00295,2026-July,5.0,6913.64
PROD_00298,2026-July,8.0,28993.48
PROD_00159,2024-March,7.0,6437.82
PROD_00250,2026-February,2.0,4722.56
PROD_00170,2024-June,2.0,1752.2
PROD_00270,2023-June,8.0,17358.92
PROD_00267,2023-January,5.0,3763.6899999999996
PROD_00109,2023-December,1.0,2059.0
PROD_00195,2024-September,21.0,13760.559999999998
PROD_00021,2026-June,21.0,170447.49
PROD_00121,2026-February,1.0,1329.59
PROD_00158,2023-March,7.0,6051.83
PROD_00176,2024-November,2.0,2210.7200000000003
PROD_00282,2025-August,1.0,147.45
PROD_00142,2024-August,4.0,7638.68
PROD_00159,2024-August,4.0,3507.64
PROD_00206,2024-March,4.0,6502.24
PROD_00012,2023-March,5.0,2671.3
PROD_00289,2024-July,2.0,5574.389999999999
PROD_00222,2023-January,5.0,7992.950000000001
PROD_00232,2023-January,3.0,4472.1900000000005
PROD_00070,2024-December,2.0,6342.5
PROD_00117,2025-June,4.0,810.88
PROD_00228,2023-May,9.0,43179.659999999996
PROD_00183,2025-March,2.0,23757.58
PROD_00154,2025-March,5.0,15430.1
PROD_00016,2023-September,8.0,33884.72
PROD_00103,2025-June,4.0,3293.44
PROD_00195,2025-November,4.0,2542.76
PROD_00023,2025-September,3.0,495.06000000000006
PROD_00128,2025-January,7.0,7507.62
PROD_00282,2025-October,5.0,722.6999999999999
PROD_00197,2023-March,3.0,2551.32
PROD_00122,2023-April,4.0,836.2
PROD_00221,2024-December,2.0,2790.1
PROD_00272,2023-November,4.0,7787.78
PROD_00076,2023-December,6.0,4855.26
PROD_00041,2026-January,4.0,2872.52
PROD_00134,2023-January,7.0,8214.61
PROD_00167,2023-April,7.0,6260.99
PROD_00007,2023-May,2.0,2721.14
PROD_00125,2023-April,4.0,1799.2
PROD_00222,2024-May,5.0,8362.65
PROD_00243,2023-March,4.0,321.28
PROD_00275,2023-December,1.0,397.11
PROD_00297,2025-March,19.0,26408.35
PROD_00016,2024-November,2.0,8580.44
PROD_00048,2023-May,1.0,1389.62
PROD_00164,2023-July,1.0,270.76
PROD_00022,2023-January,11.0,2455.84
PROD_00068,2026-April,8.0,3503.6099999999997
PROD_00224,2026-August,5.0,8624.98
PROD_00238,2023-April,11.0,14566.83
PROD_00051,2026-August,3.0,1043.25
PROD_00216,2025-February,8.0,5264.16
PROD_00270,2023-September,6.0,12801.72
PROD_00180,2024-December,5.0,2602.69
PROD_00241,2025-June,2.0,1829.66
PROD_00238,2024-September,5.0,6797.28
PROD_00044,2025-March,8.0,8792.7
PROD_00227,2024-April,1.0,2067.25
PROD_00048,2026-March,1.0,1369.12
PROD_00285,2026-March,4.0,12290.84
PROD_00299,2024-March,10.0,2152.24
PROD_00059,2023-November,10.0,22285.48
PROD_00191,2026-June,6.0,8680.76
PROD_00222,2023-April,10.0,16983.9
PROD_00236,2025-October,13.0,1538.44
PROD_00015,2025-February,7.0,3729.0099999999993
PROD_00295,2026-June,9.0,11859.130000000001
PROD_00170,2026-February,2.0,1833.4
PROD_00294,2023-February,2.0,23474.67
PROD_00027,2025-January,5.0,6918.95
PROD_00219,2025-December,5.0,695.1999999999999
PROD_00011,2025-November,5.0,10551.65
PROD_00274,2024-October,11.0,2916.2200000000003
PROD_00081,2023-March,2.0,2847.54
PROD_00197,2024-May,4.0,3524.68
PROD_00135,2026-July,2.0,1077.92
PROD_00074,2026-July,4.0,5877.68
PROD_00269,2026-July,3.0,4152.63
PROD_00142,2025-October,8.0,15217.170000000002
PROD_00097,2023-November,2.0,10547.04
PROD_00220,2024-July,4.0,7488.24
PROD_00040,2026-January,2.0,926.8
PROD_00183,2025-May,4.0,45635.8
PROD_00242,2025-May,8.0,9139.22
PROD_00070,2026-July,7.0,21511.559999999998
PROD_00123,2026-February,7.0,3209.6000000000004
PROD_00266,2026-March,2.0,1179.68
PROD_00180,2026-June,1.0,465.02
PROD_00216,2024-September,5.0,3237.25
PROD_00106,2024-February,1.0,529.56
PROD_00072,2025-October,4.0,2280.24
PROD_00153,2024-September,5.0,3251.61
PROD_00098,2024-December,4.0,2751.36
PROD_00054,2024-July,5.0,27852.449999999997
PROD_00215,2024-October,2.0,4566.5
PROD_00259,2023-September,3.0,1794.3600000000001
PROD_00075,2023-January,9.0,12756.05
PROD_00196,2024-February,9.0,3614.7799999999997
PROD_00052,2025-July,4.0,11992.16
PROD_00246,2025-February,5.0,15779.55
PROD_00041,2026-February,3.0,2078.43
PROD_00204,2024-May,1.0,7883.1
PROD_00214,2025-October,7.0,9301.04
PROD_00037,2024-June,4.0,36689.88
PROD_00189,2023-February,3.0,6216.219999999999
PROD_00036,2024-February,7.0,26235.51
PROD_00172,2024-October,8.0,12652.64
PROD_00243,2023-February,1.0,80.42
PROD_00100,2024-June,7.0,4120.530000000001
PROD_00163,2026-January,5.0,33662.96000000001
PROD_00234,2023-September,5.0,3800.74
PROD_00043,2023-April,1.0,1331.41
PROD_00238,2025-September,4.0,5225.73
PROD_00224,2024-January,11.0,19506.65
PROD_00121,2026-May,5.0,6222.1
PROD_00211,2026-May,5.0,8004.650000000001
PROD_00203,2025-November,10.0,8574.09
PROD_00062,2023-November,3.0,14569.47
PROD_00004,2026-February,10.0,22162.81
PROD_00038,2025-September,4.0,5484.2
PROD_00205,2024-December,2.0,809.7
PROD_00178,2023-December,13.0,10839.95
PROD_00291,2024-March,7.0,6108.72
PROD_00017,2023-July,6.0,10922.220000000001
PROD_00296,2023-March,7.0,8952.7
PROD_00140,2025-June,4.0,3143.44
PROD_00228,2026-January,4.0,19125.04
PROD_00192,2023-March,15.0,19380.24
PROD_00119,2023-May,4.0,4637.0
PROD_00169,2025-June,4.0,8494.6
PROD_00253,2026-February,4.0,4054.8
PROD_00227,2026-February,4.0,8059.2
PROD_00148,2025-October,11.0,9003.23
PROD_00123,2024-October,4.0,1824.94
PROD_00238,2024-January,6.0,7789.5599999999995
PROD_00257,2024-January,3.0,7156.67
PROD_00006,2024-August,9.0,9390.3
PROD_00286,2024-January,5.0,32511.48
PROD_00180,2025-October,1.0,501.09
PROD_00005,2025-October,7.0,14753.470000000001
PROD_00163,2025-October,1.0,7277.11
PROD_00006,2023-November,8.0,8100.780000000001
PROD_00029,2024-April,6.0,71934.74
PROD_00043,2025-December,6.0,8036.34
PROD_00089,2026-June,7.0,6944.139999999999
PROD_00116,2025-September,6.0,7976.24
PROD_00050,2025-September,4.0,4322.44
PROD_00281,2025-December,1.0,733.67
PROD_00253,2025-April,3.0,3093.48
PROD_00218,2024-August,2.0,4692.48
PROD_00238,2026-April,7.0,9125.27
PROD_00218,2026-June,3.0,7364.73
PROD_00247,2026-July,7.0,1722.19
PROD_00299,2024-November,3.0,665.34
PROD_00218,2025-February,12.0,29016.33
PROD_00220,2026-January,3.0,5873.49
PROD_00235,2026-June,5.0,570.75
PROD_00205,2025-July,4.0,1561.6
PROD_00007,2026-June,4.0,5285.08
PROD_00097,2024-January,3.0,15857.5
PROD_00044,2023-April,1.0,1055.26
PROD_00129,2024-September,14.0,140216.56
PROD_00251,2025-August,2.0,2416.96
PROD_00028,2026-May,7.0,3228.54
PROD_00260,2024-December,2.0,2248.94
PROD_00225,2026-April,8.0,18434.96
PROD_00227,2024-February,7.0,14669.899999999998
PROD_00136,2024-February,5.0,14870.35
PROD_00211,2023-August,3.0,4721.09
PROD_00208,2023-July,1.0,524.58
PROD_00083,2023-July,6.0,7830.200000000001
PROD_00220,2023-July,1.0,1916.65
PROD_00051,2024-November,1.0,339.28
PROD_00258,2025-January,17.0,16063.58
PROD_00009,2025-May,7.0,9173.36
PROD_00197,2025-October,12.0,10252.060000000001
PROD_00228,2024-April,4.0,18890.08
PROD_00016,2026-January,7.0,29975.809999999998
PROD_00024,2024-March,1.0,875.52
PROD_00050,2024-December,2.0,2159.5299999999997
PROD_00199,2025-September,3.0,1360.44
PROD_00267,2025-September,7.0,5223.400000000001
PROD_00286,2023-September,1.0,6493.97
PROD_00176,2025-January,3.0,3364.17
PROD_00260,2025-March,5.0,5782.960000000001
PROD_00074,2026-August,1.0,1452.36
PROD_00050,2025-October,1.0,1104.94
PROD_00095,2026-July,5.0,730.02
PROD_00170,2024-November,1.0,888.58
PROD_00004,2025-June,2.0,4424.28
PROD_00265,2024-November,2.0,3017.34
PROD_00277,2026-March,4.0,3716.28
PROD_00231,2025-July,4.0,12064.28
PROD_00281,2024-October,3.0,2134.68
PROD_00027,2024-January,1.0,1337.42
PROD_00225,2023-October,10.0,23013.35
PROD_00276,2025-September,4.0,4309.68
PROD_00048,2024-July,2.0,2807.84
PROD_00060,2024-April,4.0,10799.2
PROD_00114,2025-May,2.0,1547.68
PROD_00083,2023-June,6.0,8237.039999999999
PROD_00197,2024-January,9.0,7577.24
PROD_00059,2023-February,7.0,15356.74
PROD_00258,2024-July,2.0,1945.42
PROD_00135,2024-May,1.0,555.66
PROD_00188,2025-August,4.0,1360.33
PROD_00005,2026-July,3.0,6362.82
PROD_00292,2025-March,11.0,20311.23
PROD_00220,2025-May,5.0,9846.2
PROD_00154,2023-May,7.0,22466.01
PROD_00069,2023-December,1.0,1596.35
PROD_00215,2024-April,7.0,16209.77
PROD_00167,2023-August,10.0,8940.08
PROD_00044,2026-February,12.0,13169.900000000001
PROD_00012,2024-June,3.0,1575.03
PROD_00148,2026-July,4.0,3269.8399999999997
PROD_00117,2026-July,6.0,1243.68
PROD_00078,2023-November,4.0,325.74
PROD_00227,2026-June,13.0,26804.92
PROD_00123,2024-April,10.0,4527.92
PROD_00045,2023-December,2.0,6631.9
PROD_00219,2025-August,5.0,723.45
PROD_00126,2023-September,2.0,1895.0900000000001
PROD_00222,2026-June,9.0,14526.630000000001
PROD_00080,2023-August,4.0,13971.08
PROD_00081,2026-July,3.0,4585.83
PROD_00211,2023-February,1.0,1584.95
PROD_00087,2025-November,1.0,7077.01
PROD_00070,2026-August,5.0,14749.8
PROD_00028,2024-March,5.0,2318.53
PROD_00055,2024-August,1.0,623.08
PROD_00030,2023-February,2.0,4120.14
PROD_00031,2025-September,7.0,10310.8
PROD_00274,2023-December,7.0,1853.7
PROD_00189,2023-March,11.0,22681.48
PROD_00250,2023-October,3.0,7533.57
PROD_00122,2023-August,3.0,628.86
PROD_00133,2024-January,2.0,4830.26
PROD_00225,2023-February,2.0,4546.46
PROD_00046,2025-June,3.0,943.36
PROD_00272,2024-December,2.0,3796.2
PROD_00119,2025-October,1.0,1201.09
PROD_00055,2023-February,7.0,4153.52
PROD_00142,2024-January,2.0,3725.7
PROD_00107,2025-August,4.0,2194.68
PROD_00006,2024-February,1.0,998.74
PROD_00028,2024-April,4.0,1806.6100000000001
PROD_00133,2025-June,1.0,2435.04
PROD_00239,2025-April,15.0,4959.5
PROD_00081,2024-June,8.0,11889.28
PROD_00160,2023-November,1.0,3237.9
PROD_00007,2025-July,6.0,8100.84
PROD_00029,2025-November,7.0,82551.0
PROD_00005,2023-October,12.0,25253.6
PROD_00264,2024-October,1.0,1561.38
PROD_00128,2025-July,1.0,1053.63
PROD_00283,2025-May,6.0,3289.38
PROD_00144,2025-May,6.0,3197.4000000000005
PROD_00175,2024-March,4.0,7325.16
PROD_00059,2024-June,6.0,13341.78
PROD_00130,2025-June,8.0,2755.48
PROD_00110,2025-November,3.0,1252.65
PROD_00118,2024-February,9.0,5288.64
PROD_00284,2026-March,6.0,3062.2400000000002
PROD_00268,2026-January,8.0,12462.48
PROD_00157,2025-August,5.0,16333.66
PROD_00008,2024-September,6.0,19551.03
PROD_00211,2024-April,4.0,6303.56
PROD_00046,2023-February,6.0,1980.68
PROD_00065,2024-November,3.0,1913.58
PROD_00056,2023-July,4.0,1253.6499999999999
PROD_00114,2024-July,2.0,1719.42
PROD_00093,2023-January,1.0,441.26
PROD_00262,2023-November,4.0,3170.8
PROD_00239,2024-September,16.0,5096.41
PROD_00151,2023-December,4.0,2894.95
PROD_00268,2026-March,2.0,3242.4
PROD_00089,2026-January,6.0,6132.72
PROD_00292,2026-February,2.0,3887.18
PROD_00254,2023-April,6.0,4775.64
PROD_00193,2025-August,1.0,868.96
PROD_00123,2023-December,7.0,3210.63
PROD_00002,2023-June,10.0,59994.69
PROD_00055,2024-July,3.0,1793.3999999999999
PROD_00237,2024-November,2.0,623.7
PROD_00133,2026-February,10.0,24889.54
PROD_00101,2023-June,5.0,5597.3099999999995
PROD_00082,2024-April,11.0,17091.17
PROD_00180,2023-July,1.0,489.01
PROD_00061,2025-November,7.0,7177.449999999999
PROD_00292,2024-February,6.0,11571.72
PROD_00036,2024-December,2.0,6874.56
PROD_00188,2026-July,2.0,660.5
PROD_00039,2026-July,1.0,4969.29
PROD_00101,2025-July,1.0,1223.81
PROD_00052,2023-March,5.0,15099.91
PROD_00059,2023-September,4.0,9169.8
PROD_00121,2025-April,5.0,6511.1
PROD_00126,2023-June,2.0,1852.82
PROD_00230,2023-August,14.0,11702.23
PROD_00152,2024-April,1.0,991.73
PROD_00047,2026-May,2.0,3385.96
PROD_00156,2023-November,2.0,287.26
PROD_00181,2025-November,4.0,10018.12
PROD_00125,2026-March,4.0,1824.81
PROD_00044,2026-August,7.0,6928.68
PROD_00225,2023-April,1.0,2282.89
PROD_00024,2026-February,3.0,2689.89
PROD_00081,2024-December,2.0,2981.7
PROD_00147,2024-December,1.0,991.88
PROD_00098,2026-January,3.0,2057.2200000000003
PROD_00151,2026-January,4.0,2886.36
PROD_00044,2025-January,14.0,14882.0
PROD_00175,2024-October,4.0,7277.509999999999
PROD_00110,2023-October,8.0,3274.6800000000003
PROD_00040,2023-November,1.0,457.04
PROD_00013,2026-June,6.0,2935.5
PROD_00270,2026-June,5.0,10861.900000000001
PROD_00261,2024-August,11.0,70717.05
PROD_00193,2024-November,2.0,1717.82
PROD_00228,2024-November,2.0,9559.64
PROD_00192,2024-August,6.0,7690.08
PROD_00032,2023-September,6.0,7422.33
PROD_00052,2026-June,10.0,30130.98
PROD_00163,2026-March,5.0,35446.75
PROD_00283,2026-May,6.0,3263.44
PROD_00268,2026-May,5.0,7774.8
PROD_00219,2026-June,5.0,737.8299999999999
PROD_00055,2026-June,6.0,3669.2200000000003
PROD_00093,2023-April,5.0,2141.2
PROD_00127,2023-November,9.0,12027.38
PROD_00222,2025-January,3.0,4654.7699999999995
PROD_00042,2024-June,5.0,9317.55
PROD_00074,2026-April,3.0,4595.1900000000005
PROD_00190,2024-October,2.0,1857.66
PROD_00065,2025-June,6.0,3542.31
PROD_00221,2026-April,6.0,8633.880000000001
PROD_00057,2025-January,4.0,876.04
PROD_00218,2025-September,1.0,2413.26
PROD_00287,2024-October,10.0,12537.84
PROD_00160,2025-February,7.0,21871.57
PROD_00141,2025-June,8.0,13257.6
PROD_00275,2024-March,3.0,1132.41
PROD_00104,2023-May,2.0,6247.48
PROD_00048,2025-November,3.0,4190.49
PROD_00103,2025-May,1.0,801.57
PROD_00002,2025-January,7.0,42409.08
PROD_00135,2024-December,2.0,1160.48
PROD_00077,2023-November,1.0,930.41
PROD_00085,2023-November,4.0,2831.4
PROD_00146,2025-March,2.0,613.04
PROD_00013,2024-September,1.0,509.4
PROD_00027,2024-August,1.0,1329.15
PROD_00073,2025-April,12.0,4487.96
PROD_00037,2023-September,1.0,8482.71
PROD_00065,2023-February,1.0,594.67
PROD_00193,2026-February,1.0,846.71
PROD_00249,2025-September,5.0,8330.4
PROD_00177,2023-April,1.0,449.33
PROD_00154,2026-July,4.0,13021.68
PROD_00059,2023-May,5.0,10670.0
PROD_00247,2025-February,7.0,1693.46
PROD_00024,2024-April,1.0,899.93
PROD_00034,2024-January,1.0,442.39
PROD_00046,2025-August,2.0,656.04
PROD_00210,2023-May,2.0,918.64
PROD_00215,2025-April,6.0,13946.22
PROD_00053,2026-June,1.0,4395.38
PROD_00158,2025-November,1.0,890.48
PROD_00286,2026-March,7.0,45269.53
PROD_00236,2023-January,1.0,112.41
PROD_00043,2023-September,2.0,2672.04
PROD_00141,2023-May,3.0,5012.42
PROD_00239,2026-May,1.0,307.37
PROD_00013,2023-April,1.0,481.28
PROD_00196,2023-November,7.0,2775.01
PROD_00098,2025-November,5.0,3427.0
PROD_00149,2024-July,5.0,5357.72
PROD_00024,2026-May,2.0,1777.96
PROD_00197,2024-December,7.0,6057.66
PROD_00290,2026-April,3.0,298.65
PROD_00291,2024-February,4.0,3610.32
PROD_00098,2026-August,3.0,1985.88
PROD_00145,2026-August,2.0,17272.16
PROD_00188,2025-June,2.0,688.82
PROD_00235,2024-December,2.0,241.82
PROD_00089,2024-February,1.0,1032.58
PROD_00138,2026-June,3.0,1069.3799999999999
PROD_00274,2026-June,3.0,800.19
PROD_00286,2024-March,4.0,25812.54
PROD_00162,2023-November,3.0,13468.050000000001
PROD_00011,2025-February,4.0,8002.2
PROD_00297,2024-January,5.0,7463.200000000001
PROD_00241,2023-September,3.0,2556.7200000000003
PROD_00075,2024-April,1.0,1489.36
PROD_00202,2023-April,4.0,6718.72
PROD_00228,2025-June,3.0,14856.630000000001
PROD_00172,2023-November,3.0,4608.4800000000005
PROD_00054,2025-October,1.0,5758.09
PROD_00102,2025-October,5.0,10803.26
PROD_00244,2023-January,4.0,3292.6
PROD_00271,2026-March,3.0,1291.68
PROD_00160,2026-May,3.0,9272.91
PROD_00209,2026-February,5.0,28792.350000000002
PROD_00055,2024-February,4.0,2500.16
PROD_00178,2024-September,5.0,4060.55
PROD_00043,2025-January,1.0,1332.98
PROD_00282,2023-June,1.0,140.41
PROD_00049,2025-June,3.0,2952.5
PROD_00283,2025-September,3.0,1639.6499999999999
PROD_00014,2023-December,5.0,1608.25
PROD_00275,2023-September,1.0,404.39
PROD_00119,2024-August,4.0,4712.2
PROD_00141,2024-October,3.0,4924.29
PROD_00221,2023-November,4.0,5589.72
PROD_00053,2023-September,2.0,8363.06
PROD_00005,2023-April,4.0,8562.72
PROD_00047,2025-May,3.0,4733.61
PROD_00056,2024-March,3.0,921.5999999999999
PROD_00226,2023-March,3.0,684.17
PROD_00054,2023-March,3.0,17346.449999999997
PROD_00241,2026-August,5.0,4318.0
PROD_00124,2026-August,3.0,5038.29
PROD_00114,2025-November,9.0,7379.240000000001
PROD_00275,2025-February,3.0,1202.28
PROD_00295,2025-October,10.0,13657.16
PROD_00153,2026-February,3.0,2003.3999999999999
PROD_00171,2026-August,4.0,7426.96
PROD_00084,2024-May,6.0,6059.88
PROD_00058,2026-March,5.0,408.65999999999997
PROD_00047,2025-February,3.0,4857.18
PROD_00273,2026-July,3.0,1398.96
PROD_00092,2023-June,5.0,5496.3
PROD_00078,2023-September,4.0,320.48
PROD_00288,2026-August,1.0,2155.91
PROD_00155,2026-August,2.0,11605.52
PROD_00108,2026-August,3.0,122.78999999999999
PROD_00289,2024-October,2.0,5585.32
PROD_00126,2024-July,1.0,998.67
PROD_00006,2024-November,2.0,2091.22
PROD_00216,2026-August,4.0,2757.24
PROD_00065,2026-May,1.0,584.5
PROD_00240,2025-January,2.0,845.0
PROD_00281,2025-March,3.0,2227.95
PROD_00082,2026-April,10.0,15057.8
PROD_00025,2026-April,3.0,8296.68
PROD_00055,2026-May,2.0,1210.66
PROD_00249,2026-June,2.0,3255.92
PROD_00156,2026-June,1.0,155.26
PROD_00187,2025-October,1.0,2680.28
PROD_00037,2024-November,3.0,26535.300000000003
PROD_00150,2025-April,1.0,1536.55
PROD_00068,2023-February,3.0,1278.4499999999998
PROD_00051,2026-June,2.0,694.66
PROD_00174,2024-July,2.0,839.48
PROD_00100,2024-February,4.0,2207.84
PROD_00206,2025-September,6.0,9535.2
PROD_00122,2023-January,3.0,627.1800000000001
PROD_00290,2024-August,5.0,500.79999999999995
PROD_00166,2025-July,1.0,499.85
PROD_00137,2024-November,9.0,2951.7300000000005
PROD_00157,2024-August,2.0,6428.82
PROD_00126,2025-June,3.0,2918.31
PROD_00285,2025-October,4.0,11924.64
PROD_00069,2026-July,3.0,4877.22
PROD_00137,2023-May,2.0,634.7
PROD_00065,2023-June,6.0,3564.3599999999997
PROD_00233,2025-July,4.0,4133.44
PROD_00258,2025-July,2.0,1847.36
PROD_00114,2025-February,1.0,799.63
PROD_00196,2024-April,3.0,1230.0
PROD_00129,2023-October,5.0,50651.850000000006
PROD_00249,2025-January,4.0,6498.95
PROD_00167,2023-June,3.0,2666.37
PROD_00203,2023-March,2.0,1696.9
PROD_00223,2025-February,5.0,11704.300000000001
PROD_00176,2025-June,3.0,3319.83
PROD_00203,2025-September,6.0,5020.29
PROD_00244,2025-May,2.0,1662.88
PROD_00276,2024-May,4.0,4579.24
PROD_00262,2023-April,3.0,2310.5699999999997
PROD_00146,2023-May,1.0,298.99
PROD_00108,2026-April,3.0,117.47999999999999
PROD_00283,2026-April,6.0,3319.65
PROD_00169,2025-February,3.0,6157.530000000001
PROD_00189,2024-March,4.0,8115.68
PROD_00099,2025-March,4.0,1958.0
PROD_00246,2024-July,1.0,3140.56
PROD_00079,2026-April,7.0,9390.82
PROD_00034,2025-May,4.0,1678.68
PROD_00097,2025-September,3.0,15397.29
PROD_00007,2026-February,2.0,2567.34
PROD_00274,2024-November,2.0,511.56
PROD_00036,2024-August,5.0,18459.6
PROD_00174,2025-September,5.0,2178.9500000000003
PROD_00087,2023-March,2.0,14519.56
PROD_00194,2025-September,9.0,3731.1299999999997
PROD_00046,2023-November,5.0,1596.55
PROD_00102,2025-February,3.0,6332.82
PROD_00025,2026-August,2.0,5790.04
PROD_00011,2026-August,1.0,1966.99
PROD_00001,2026-August,3.0,3945.98
PROD_00268,2023-October,3.0,4937.3099999999995
PROD_00105,2024-August,3.0,12069.84
PROD_00160,2024-August,8.0,25038.08
PROD_00070,2026-June,3.0,8942.64
PROD_00277,2026-February,2.0,1890.18
PROD_00275,2026-July,5.0,2046.25
PROD_00154,2024-April,1.0,3242.81
PROD_00216,2024-October,2.0,1339.76
PROD_00124,2023-June,3.0,5277.78
PROD_00115,2025-August,4.0,3590.72
PROD_00169,2023-February,4.0,8024.04
PROD_00107,2026-July,5.0,2742.6499999999996
PROD_00263,2023-September,10.0,2208.9399999999996
PROD_00213,2025-January,7.0,6885.68
PROD_00007,2025-March,5.0,6466.15
PROD_00226,2023-October,3.0,691.47
PROD_00239,2025-September,1.0,302.1
PROD_00038,2023-June,1.0,1441.84
PROD_00194,2023-June,3.0,1237.6200000000001
PROD_00004,2023-February,2.0,4354.68
PROD_00021,2026-April,6.0,48627.54
PROD_00129,2024-January,3.0,31694.699999999997
PROD_00083,2025-June,2.0,2646.74
PROD_00110,2024-January,7.0,2860.68
PROD_00011,2025-April,4.0,7842.08
PROD_00027,2025-November,2.0,2809.28
PROD_00213,2025-September,2.0,2033.04
PROD_00075,2023-March,1.0,1349.67
PROD_00271,2026-August,2.0,868.62
PROD_00168,2026-August,2.0,1539.3
PROD_00145,2025-August,2.0,17576.84
PROD_00218,2023-June,2.0,4884.04
PROD_00063,2023-May,3.0,2529.9900000000002
PROD_00279,2024-August,5.0,3514.0499999999997
PROD_00233,2023-August,3.0,3181.9800000000005
PROD_00190,2024-January,3.0,2780.55
PROD_00171,2023-May,3.0,5502.35
PROD_00026,2023-September,4.0,10251.68
PROD_00122,2023-September,2.0,409.58
PROD_00138,2026-August,4.0,1435.88
PROD_00157,2026-August,6.0,19317.3
PROD_00066,2023-February,2.0,656.54
PROD_00081,2024-September,8.0,11728.24
PROD_00276,2026-June,1.0,1133.72
PROD_00020,2023-April,3.0,2612.3999999999996
PROD_00088,2024-January,3.0,522.6899999999999
PROD_00243,2024-February,1.0,81.62
PROD_00220,2025-July,6.0,11774.099999999999
PROD_00034,2026-April,1.0,449.68
PROD_00139,2023-April,2.0,59.78
PROD_00103,2023-July,1.0,785.52
PROD_00030,2026-August,1.0,2159.09
PROD_00250,2026-August,3.0,7179.539999999999
PROD_00107,2024-March,1.0,555.76
PROD_00014,2026-February,7.0,2291.03
PROD_00017,2024-September,1.0,1846.31
PROD_00144,2025-June,7.0,3664.0099999999998
PROD_00228,2025-July,2.0,9833.2
PROD_00015,2023-January,4.0,1996.1799999999998
PROD_00028,2025-March,8.0,3550.2
PROD_00076,2026-February,1.0,833.35
PROD_00021,2024-January,7.0,56900.29
PROD_00033,2026-February,3.0,5631.36
PROD_00277,2023-December,1.0,859.25
PROD_00127,2026-January,1.0,1383.12
PROD_00138,2025-February,4.0,1402.98
PROD_00040,2024-April,4.0,1948.56
PROD_00110,2023-June,3.0,1232.28
PROD_00079,2026-May,2.0,2661.52
PROD_00226,2024-June,2.0,461.26
PROD_00005,2025-June,2.0,4320.04
PROD_00113,2024-June,2.0,109.18
PROD_00054,2025-September,4.0,20876.52
PROD_00171,2025-June,3.0,5620.74
PROD_00251,2023-May,6.0,7239.36
PROD_00267,2025-November,4.0,2847.44
PROD_00166,2025-May,3.0,1476.33
PROD_00018,2023-July,2.0,5820.84
PROD_00133,2025-January,4.0,9646.19
PROD_00116,2025-January,9.0,11701.53
PROD_00020,2023-August,3.0,2646.93
PROD_00199,2025-November,1.0,446.76
PROD_00152,2025-May,3.0,2909.61
PROD_00285,2023-August,4.0,12771.8
PROD_00063,2026-July,3.0,2497.32
PROD_00010,2025-March,1.0,919.96
PROD_00177,2024-February,6.0,2616.7200000000003
PROD_00046,2024-May,4.0,1250.9900000000002
PROD_00212,2024-May,3.0,2699.04
PROD_00203,2024-May,4.0,3481.88
PROD_00213,2023-May,4.0,3876.2
PROD_00134,2023-April,7.0,8194.9
PROD_00031,2026-July,4.0,6332.36
PROD_00286,2025-April,6.0,39653.88
PROD_00237,2024-September,3.0,949.04
PROD_00215,2025-November,2.0,4747.14
PROD_00263,2023-January,3.0,699.1800000000001
PROD_00257,2023-April,6.0,13990.74
PROD_00106,2025-March,4.0,2177.52
PROD_00066,2023-April,2.0,680.4
PROD_00296,2025-November,2.0,2590.04
PROD_00017,2023-January,2.0,3633.98
PROD_00103,2026-May,4.0,3231.36
PROD_00166,2026-January,7.0,3683.3300000000004
PROD_00143,2025-April,7.0,3876.63
PROD_00047,2023-July,4.0,6688.32
PROD_00053,2024-July,5.0,22504.699999999997
PROD_00201,2024-September,2.0,862.86
PROD_00198,2023-September,1.0,863.09
PROD_00064,2023-December,7.0,15452.779999999999
PROD_00077,2025-March,5.0,4784.5
PROD_00238,2026-June,5.0,6714.85
PROD_00070,2025-October,1.0,2793.6
PROD_00085,2023-June,2.0,1401.84
PROD_00198,2024-January,3.0,2524.17
PROD_00166,2025-February,4.0,2007.12
PROD_00184,2023-October,1.0,5062.56
PROD_00085,2023-October,2.0,1493.66
PROD_00008,2023-July,1.0,3241.41
PROD_00039,2024-April,1.0,4857.51
PROD_00065,2024-June,8.0,4869.28
PROD_00243,2026-April,10.0,821.0
PROD_00286,2024-November,8.0,52420.56
PROD_00102,2023-November,2.0,4177.54
PROD_00141,2024-August,4.0,6640.8
PROD_00263,2026-August,2.0,449.34
PROD_00169,2025-January,2.0,4095.48
PROD_00217,2024-May,1.0,335.18
PROD_00005,2026-August,7.0,14447.09
PROD_00112,2026-August,5.0,3283.05
PROD_00101,2024-September,7.0,8409.66
PROD_00088,2024-May,7.0,1230.11
PROD_00047,2026-February,3.0,5078.01
PROD_00072,2025-March,3.0,1737.6000000000001
PROD_00068,2023-June,3.0,1335.0
PROD_00154,2023-June,2.0,6123.58
PROD_00028,2024-August,11.0,5063.84
PROD_00072,2024-June,4.0,2361.72
PROD_00288,2025-March,3.0,6778.650000000001
PROD_00123,2026-August,1.0,449.02
PROD_00276,2025-January,3.0,3388.92
PROD_00153,2023-June,3.0,2001.54
PROD_00282,2025-April,5.0,731.5
PROD_00282,2024-August,3.0,463.43999999999994
PROD_00110,2025-May,2.0,841.78
PROD_00063,2023-January,2.0,1617.94
PROD_00204,2023-September,1.0,8024.21
PROD_00044,2023-December,4.0,4351.0
PROD_00043,2023-December,4.0,5321.04
PROD_00082,2023-August,3.0,4711.29
PROD_00127,2025-March,6.0,8056.98
PROD_00032,2025-March,3.0,3652.08
PROD_00148,2024-July,1.0,809.1
PROD_00228,2026-July,6.0,29575.98
PROD_00014,2023-October,11.0,3582.1499999999996
PROD_00222,2023-October,8.0,13033.28
PROD_00063,2023-August,4.0,3390.2
PROD_00030,2023-March,1.0,2199.87
PROD_00022,2025-February,6.0,1299.54
PROD_00210,2023-August,7.0,3447.15
PROD_00187,2026-March,4.0,11092.56
